frame_id,capture_time,processing_ms,detection_ok,detection_count,changed_pixel_ratio,compensation_mode,compensation_ok,inlier_ratio,overlap_ratio,track_id,visible,prediction_only,measured_x,measured_y,filtered_x,filtered_y,predicted_x,predicted_y,center_error_x,center_error_y,velocity_x,velocity_y,miss_count,confidence,pan,tilt,zoom,command_reason,captured,sharpness
0,558.890000,60.033,0,0,0.000000,none,0,,,,0,0,,,,,,,,,0.0,0.0,0,0.0,0,0,0,lost,0,0.0
15,559.000000,402.342,1,5,0.051944,orb,1,0.9862745098039216,1.0,1,1,0,332.5,200.5,332.5,200.5,332.5,200.5,12.5,20.5,0.0,0.0,0,0.733635181573326,0,-4,0,tracking,0,0.0
25,559.406000,16.895,1,4,0.030885,orb,1,0.988013698630137,1.0,1,1,0,307.5,197.5,313.39990234375,198.20799255371094,312.1933370113373,198.0632047224045,-7.806662988662708,18.063204722404492,-6.703140735626221,-0.8043768405914307,0,0.7470178405380602,0,-4,0,tracking,0,0.0
26,559.437000,16.974,1,1,0.008043,orb,1,0.9877300613496932,0.9994357638888889,1,0,1,,,313.1921081542969,198.1830596923828,311.98554282188417,198.03827186107637,-8.014457178115833,18.038271861076367,-6.703140735626221,-0.8043768405914307,1,0.7180708992171517,0,-4,0,tracking,0,0.0
27,559.484000,16.507,1,0,0.010571,orb,1,0.987987987987988,0.9997916666666666,1,0,1,,,312.8770751953125,198.14524841308594,311.6705098628998,198.0004605817795,-8.329490137100208,18.000460581779492,-6.703140735626221,-0.8043768405914307,2,0.674183601085517,0,-4,0,tracking,0,0.0
28,559.515000,25.842,1,1,0.008872,orb,1,0.9897360703812317,0.9994878472222222,1,0,1,,,312.6692810058594,198.1203155517578,311.46271567344667,197.97552772045137,-8.537284326553333,17.975527720451367,-6.703140735626221,-0.8043768405914307,3,0.6452366597647147,0,0,0,deadband,0,0.0
29,559.562000,18.971,1,0,0.008819,orb,1,0.9942363112391931,1.0,1,0,1,,,312.354248046875,198.08250427246094,311.1476827144623,197.9377164411545,-8.852317285537708,17.937716441154492,-6.703140735626221,-0.8043768405914307,4,0.6013493616330798,0,0,0,deadband,0,0.0
30,559.609000,19.329,1,1,0.007831,orb,1,0.9927953890489913,0.9998090277777778,1,0,1,,,312.0392150878906,198.04469299316406,310.8326497554779,197.89990516185762,-9.167350244522083,17.899905161857617,-6.703140735626221,-0.8043768405914307,5,0.557462063501445,0,0,0,deadband,0,0.0
31,559.640000,43.091,1,2,0.010192,orb,1,0.9913916786226685,0.9990104166666667,1,0,1,,,311.8314208984375,198.01976013183594,310.6248555660248,197.8749723005295,-9.375144433975208,17.874972300529492,-6.703140735626221,-0.8043768405914307,6,0.5285151221806428,0,0,0,deadband,0,0.0
32,559.671000,18.642,1,1,0.010482,orb,1,0.9943977591036415,1.0,1,0,1,,,311.6236267089844,197.9948272705078,310.41706137657167,197.85003943920137,-9.582938623428333,17.850039439201367,-6.703140735626221,-0.8043768405914307,7,0.4995681808597343,0,0,0,deadband,0,0.0
33,559.718000,43.830,1,1,0.011115,orb,1,0.9943342776203966,1.0,1,1,0,278.0,212.0,293.3060607910156,205.54693603515625,289.1981281661987,206.62537177085878,-30.801871833801272,26.625371770858777,-22.821847915649414,5.991309642791748,0,0.6543411329564306,-3,-5,0,tracking,0,0.0
34,559.765000,15.998,1,2,0.010269,orb,1,0.9957924263674615,1.0,1,0,1,,,292.2334289550781,205.82852172851562,288.1254963302612,206.90695746421815,-31.874503669738772,26.906957464218152,-22.821847915649414,5.991309642791748,1,0.6158985913952195,-3,-5,0,tracking,0,0.0
35,559.796000,47.527,1,0,0.009102,orb,1,0.9874651810584958,1.0,1,0,1,,,291.52593994140625,206.01425170898438,287.41800731658935,207.0926874446869,-32.58199268341065,27.092687444686902,-22.821847915649414,5.991309642791748,2,0.5905428724931064,-4,-5,0,tracking,0,0.0
36,559.843000,15.700,1,1,0.008945,orb,1,0.9985815602836879,1.0,1,0,1,,,290.45330810546875,206.29583740234375,286.34537548065185,207.37427313804628,-33.65462451934815,27.374273138046277,-22.821847915649414,5.991309642791748,3,0.5521003309319883,-4,-5,0,tracking,0,0.0
37,559.875000,15.893,1,0,0.009440,orb,1,0.9915014164305949,1.0,1,0,1,,,289.7230224609375,206.48756408691406,285.6150898361206,207.5659998226166,-34.3849101638794,27.56599982261659,-22.821847915649414,5.991309642791748,4,0.5259266856136992,-4,-5,0,tracking,0,0.0
38,559.921000,40.582,1,0,0.008650,orb,1,0.9931224209078404,1.0,1,0,1,,,288.6732177734375,206.76316833496094,284.5652851486206,207.84160407066346,-35.4347148513794,27.841604070663465,-22.821847915649414,5.991309642791748,5,0.4883020704686642,-4,-5,0,tracking,0,0.0
39,559.953000,16.160,1,1,0.008472,orb,1,0.9943582510578279,1.0,1,0,1,,,287.94293212890625,206.95489501953125,283.83499950408935,208.03333075523378,-36.16500049591065,28.033330755233777,-22.821847915649414,5.991309642791748,6,0.4621284251504679,-4,-5,0,tracking,0,0.0
40,560.000000,26.323,1,1,0.007279,orb,1,0.9901823281907434,1.0,1,0,1,,,286.87030029296875,207.23648071289062,282.76236766815185,208.31491644859315,-37.23763233184815,28.314916448593152,-22.821847915649414,5.991309642791748,7,0.4236858835892568,-4,-6,0,tracking,0,0.0
41,560.062000,34.038,1,1,0.005946,orb,1,0.9943100995732574,1.0,1,0,1,,,285.4553527832031,207.60794067382812,281.3474201583862,208.68637640953065,-38.65257984161377,28.686376409530652,-22.821847915649414,5.991309642791748,8,0.3729744457851238,0,0,0,prediction_stale,0,0.0
42,560.078000,18.861,1,1,0.004405,orb,1,0.9986468200270636,1.0,1,0,1,,,285.0902099609375,207.70379638671875,280.9822773361206,208.78223212242128,-39.0177226638794,28.782232122421277,-22.821847915649414,5.991309642791748,9,0.3598876231260257,0,0,0,prediction_stale,0,0.0
43,560.125000,17.172,1,0,0.001780,orb,1,1.0,1.0,1,0,1,,,284.017578125,207.98538208007812,279.9096455001831,209.06381781578065,-40.0903544998169,29.063817815780652,-22.821847915649414,5.991309642791748,10,0.32144508156481455,0,0,0,prediction_stale,0,0.0
44,560.171000,50.976,1,0,0.002222,orb,1,0.9986842105263158,1.0,1,0,1,,,282.9677734375,208.260986328125,278.8598408126831,209.33942206382753,-41.1401591873169,29.339422063827527,-22.821847915649414,5.991309642791748,11,0.2838204664197796,0,0,0,prediction_stale,0,0.0
45,560.203000,15.774,1,0,0.001997,orb,1,0.9960629921259843,1.0,1,0,1,,,282.23748779296875,208.4527130126953,278.12955516815185,209.53114874839784,-41.87044483184815,29.53114874839784,-22.821847915649414,5.991309642791748,12,0.2576468211015834,0,0,0,prediction_stale,0,0.0
46,560.234000,15.380,1,0,0.002378,orb,1,0.9933422103861518,1.0,1,0,1,,,,,,,,,0.0,0.0,13,0.0,0,0,0,lost,0,0.0
47,560.281000,25.024,1,1,0.008750,orb,1,0.9919028340080972,1.0,2,1,0,58.5,53.5,58.5,53.5,58.5,53.5,-261.5,-126.5,0.0,0.0,0,0.7519893899204244,-20,20,0,tracking,0,0.0
48,560.312000,15.612,1,0,0.006437,orb,1,0.9918256130790191,1.0,2,0,1,,,58.5,53.5,58.5,53.5,-261.5,-126.5,0.0,0.0,1,0.722849801060949,-20,20,0,tracking,0,0.0
49,560.359000,15.524,1,0,0.006471,orb,1,0.9945872801082544,1.0,2,0,1,,,58.5,53.5,58.5,53.5,-261.5,-126.5,0.0,0.0,2,0.6786704244031001,-20,20,0,tracking,0,0.0
50,560.406000,24.572,1,1,0.002504,orb,1,0.9925705794947994,1.0,2,0,1,,,58.5,53.5,58.5,53.5,-261.5,-126.5,0.0,0.0,3,0.6344910477453581,-20,20,0,tracking,0,0.0
51,560.437000,15.548,1,1,0.002457,orb,1,0.9864130434782609,1.0,2,0,1,,,58.5,53.5,58.5,53.5,-261.5,-126.5,0.0,0.0,4,0.6053514588858827,-20,20,0,tracking,0,0.0
52,560.484000,15.156,1,0,0.002196,orb,1,0.9919246298788694,1.0,2,0,1,,,58.5,53.5,58.5,53.5,-261.5,-126.5,0.0,0.0,5,0.5611720822280338,-20,20,0,tracking,0,0.0
53,560.515000,42.127,1,0,0.001953,orb,1,0.9959072305593452,1.0,2,0,1,,,58.5,53.5,58.5,53.5,-261.5,-126.5,0.0,0.0,6,0.5320324933686652,-20,20,0,tracking,0,0.0
54,560.562000,15.145,1,0,0.001280,orb,1,0.9894319682959049,1.0,2,0,1,,,58.5,53.5,58.5,53.5,-261.5,-126.5,0.0,0.0,7,0.4878531167108163,-20,20,0,tracking,0,0.0
55,560.593000,25.894,1,0,0.000959,orb,1,0.9946524064171123,1.0,2,0,1,,,58.5,53.5,58.5,53.5,-261.5,-126.5,0.0,0.0,8,0.45871352785144776,0,0,0,prediction_stale,0,0.0
56,560.640000,15.544,1,0,0.000911,orb,1,0.9973333333333333,1.0,2,0,1,,,58.5,53.5,58.5,53.5,-261.5,-126.5,0.0,0.0,9,0.41453415119359893,0,0,0,prediction_stale,0,0.0
57,560.671000,15.832,1,0,0.011337,orb,1,0.9986595174262735,1.0,2,0,1,,,58.5,53.5,58.5,53.5,-261.5,-126.5,0.0,0.0,10,0.38539456233412345,0,0,0,prediction_stale,0,0.0
58,560.718000,26.702,1,0,0.000482,orb,1,0.9948119325551232,1.0,2,0,1,,,58.5,53.5,58.5,53.5,-261.5,-126.5,0.0,0.0,11,0.3412151856763815,0,0,0,prediction_stale,0,0.0
59,560.765000,15.235,1,0,0.000000,orb,1,0.9973474801061007,1.0,2,0,1,,,58.5,53.5,58.5,53.5,-261.5,-126.5,0.0,0.0,12,0.2970358090185326,0,0,0,prediction_stale,0,0.0
60,560.796000,15.578,1,0,0.000000,orb,1,0.9922077922077922,1.0,2,0,1,,,,,,,,,0.0,0.0,13,0.0,0,0,0,lost,0,0.0
61,560.843000,25.092,1,0,0.003199,orb,1,0.9920634920634921,1.0,,0,0,,,,,,,,,0.0,0.0,0,0.0,0,0,0,lost,0,0.0
62,560.875000,16.349,1,0,0.001502,orb,1,0.9987146529562982,1.0,,0,0,,,,,,,,,0.0,0.0,0,0.0,0,0,0,lost,0,0.0
63,560.921000,16.546,1,0,0.002734,orb,1,0.994750656167979,1.0,,0,0,,,,,,,,,0.0,0.0,0,0.0,0,0,0,lost,0,0.0
64,560.984000,35.099,1,3,0.009115,orb,1,0.9986893840104849,1.0,3,1,0,55.0,58.0,55.0,58.0,55.0,58.0,-265.0,-122.0,0.0,0.0,0,0.7016176960015216,-20,20,0,tracking,0,0.0
65,561.000000,16.403,1,1,0.005039,orb,1,0.9973509933774835,1.0,3,1,0,47.0,57.0,49.11724853515625,57.26465606689453,49.10031035169959,57.26253879396245,-270.8996896483004,-122.73746120603755,-0.09410101920366287,-0.011762627400457859,0,0.8153496368406686,-20,20,0,tracking,0,0.0
66,561.031000,16.796,1,0,0.000000,orb,1,0.9774535809018567,1.0,3,0,1,,,49.11433029174805,57.26428985595703,49.09739210829139,57.26217258302495,-270.9026078917086,-122.73782741697505,-0.09410101920366287,-0.011762627400457859,1,0.7837548384131446,-20,20,0,tracking,0,0.0
67,561.093000,33.149,1,0,0.000000,orb,1,0.9933155080213903,1.0,3,0,1,,,49.108497619628906,57.2635612487793,49.09155943617225,57.261443975847214,-270.90844056382775,-122.73855602415279,-0.09410101920366287,-0.011762627400457859,2,0.7205652415579807,-20,20,0,tracking,0,0.0
68,561.125000,16.223,1,0,0.000243,orb,1,0.9973045822102425,1.0,3,0,1,,,49.10548782348633,57.26318359375,49.08854964002967,57.26106632081792,-270.91145035997033,-122.73893367918208,-0.09410101920366287,-0.011762627400457859,3,0.6879512560843142,-20,20,0,tracking,0,0.0
69,561.171000,36.803,1,4,0.051604,orb,1,0.8267716535433071,0.9952387152777777,3,1,0,10.0,173.5,31.477108001708984,109.65426635742188,29.57804943084717,115.2471928024292,-290.42195056915284,-64.7528071975708,-10.550325393676758,31.071813583374023,0,0.4031819190445459,-20,13,0,tracking,0,0.0
70,561.203000,34.701,1,0,0.013298,orb,1,0.9345238095238095,0.9961631944444445,3,0,1,,,31.139497756958008,110.64856719970703,29.240439186096193,116.24149364471435,-290.7595608139038,-63.75850635528565,-10.550325393676758,31.071813583374023,1,0.3870546422828017,-20,12,0,tracking,0,0.0
71,561.234000,15.678,1,1,0.019762,orb,1,0.8661538461538462,0.996875,3,0,1,,,30.812437057495117,111.6117935180664,28.913378486633302,117.20471996307373,-291.0866215133667,-62.79528003692627,-10.550325393676758,31.071813583374023,2,0.3714313429197939,-20,12,0,tracking,0,0.0
72,561.281000,15.899,1,1,0.017811,orb,1,0.8843226788432268,0.9945052083333333,3,0,1,,,30.316572189331055,113.0721664428711,28.41751361846924,118.66509288787842,-291.58248638153077,-61.334907112121584,-10.550325393676758,31.071813583374023,3,0.34774440517597127,-20,12,0,tracking,0,0.0
73,561.312000,15.931,1,1,0.017098,orb,1,0.9578125,0.996875,3,0,1,,,29.989511489868164,114.03539276123047,28.09045291900635,119.62831920623779,-291.90954708099366,-60.37168079376221,-10.550325393676758,31.071813583374023,4,0.3321211058129635,-20,12,0,tracking,0,0.0
74,561.359000,24.957,1,3,0.016647,orb,1,0.8114374034003091,0.9959765625,3,1,0,64.0,18.0,43.02256393432617,77.27057647705078,44.01440114021301,74.69543952941895,-275.985598859787,-105.30456047058105,5.510206699371338,-14.306316375732422,0,0.5324326476390124,-20,20,0,tracking,0,0.0
75,561.390000,15.573,1,0,0.008589,orb,1,0.9060092449922958,1.0,3,0,1,,,43.19337844848633,76.82707977294922,44.18521565437317,74.25194282531739,-275.81478434562683,-105.74805717468261,5.510206699371338,-14.306316375732422,1,0.5118008825430346,-20,20,0,tracking,0,0.0
76,561.437000,15.171,1,0,0.004063,orb,1,0.974124809741248,0.9977604166666667,3,0,1,,,43.45235824584961,76.1546859741211,44.44419545173645,73.57954902648926,-275.55580454826355,-106.42045097351074,5.510206699371338,-14.306316375732422,2,0.4805204644942257,-20,20,0,tracking,0,0.0
77,561.484000,42.233,1,0,0.000443,orb,1,0.9920106524633822,1.0,3,0,1,,,43.71133804321289,75.48229217529297,44.70317524909973,72.90715522766114,-275.29682475090027,-107.09284477233886,5.510206699371338,-14.306316375732422,3,0.44924004644541676,-20,20,0,tracking,0,0.0
78,561.515000,15.274,1,0,0.000456,orb,1,0.9946666666666667,1.0,3,0,1,,,43.88215255737305,75.0387954711914,44.873989763259885,72.46365852355957,-275.1260102367401,-107.53634147644043,5.510206699371338,-14.306316375732422,4,0.4286082813494389,-20,20,0,tracking,0,0.0
79,561.562000,15.130,1,0,0.000530,orb,1,0.9986789960369881,1.0,3,0,1,,,44.14113235473633,74.36640167236328,45.13296956062317,71.79126472473145,-274.86703043937683,-108.20873527526855,5.510206699371338,-14.306316375732422,5,0.39732786330062997,-20,20,0,tracking,0,0.0
80,561.593000,25.472,1,0,0.000243,orb,1,0.9935064935064936,1.0,3,0,1,,,44.311946868896484,73.92290496826172,45.30378407478332,71.34776802062989,-274.6962159252167,-108.65223197937011,5.510206699371338,-14.306316375732422,6,0.37669609820465216,-20,20,0,tracking,0,0.0
81,561.640000,15.099,1,0,0.000000,orb,1,0.9986962190352021,1.0,3,0,1,,,44.570926666259766,73.2505111694336,45.562763872146604,70.67537422180176,-274.4372361278534,-109.32462577819824,5.510206699371338,-14.306316375732422,7,0.34541568015584323,-20,20,0,tracking,0,0.0
82,561.687000,41.661,1,0,0.006519,orb,1,0.9960474308300395,1.0,3,0,1,,,44.82990646362305,72.57811737060547,45.821743669509885,70.00298042297364,-274.1782563304901,-109.99701957702636,5.510206699371338,-14.306316375732422,8,0.3141352621070343,0,0,0,prediction_stale,0,0.0
83,561.718000,15.958,1,0,0.000000,orb,1,0.9974093264248705,1.0,3,0,1,,,45.0007209777832,72.1346206665039,45.99255818367004,69.55948371887207,-274.00744181632996,-110.44051628112793,5.510206699371338,-14.306316375732422,9,0.29350349701105644,0,0,0,prediction_stale,0,0.0
84,561.765000,16.275,1,0,0.000647,orb,1,0.9935064935064936,1.0,3,0,1,,,45.259700775146484,71.46222686767578,46.25153798103332,68.88708992004395,-273.7484620189667,-111.11291007995605,5.510206699371338,-14.306316375732422,10,0.2622230789622475,0,0,0,prediction_stale,0,0.0
85,561.796000,39.578,1,0,0.001020,orb,1,0.9960988296488946,1.0,3,0,1,,,45.43051528930664,71.01873016357422,46.42235249519348,68.44359321594239,-273.5776475048065,-111.55640678405761,5.510206699371338,-14.306316375732422,11,0.24159131386619404,0,0,0,prediction_stale,0,0.0
86,561.843000,16.076,1,0,0.001536,orb,1,0.9885386819484241,1.0,3,0,1,,,45.68949508666992,70.3463363647461,46.68133229255676,67.77119941711426,-273.31866770744324,-112.22880058288574,5.510206699371338,-14.306316375732422,12,0.21031089581746076,0,0,0,prediction_stale,0,0.0
87,561.875000,37.027,1,2,0.020925,orb,1,0.9474497681607419,0.996875,3,1,0,60.0,18.5,54.30951690673828,39.18925094604492,56.99228759765625,30.46627944946289,-263.00771240234377,-149.5337205505371,14.904281616210938,-48.46095275878906,0,0.7224693811339451,-20,20,0,tracking,0,0.0
88,561.921000,15.193,1,0,0.012745,orb,1,0.8853211009174312,0.9988541666666667,3,0,1,,,54.995113372802734,36.96004867553711,57.677884063720704,28.237077178955076,-262.3221159362793,-151.76292282104492,14.904281616210938,-48.46095275878906,1,0.6809273917186989,-20,20,0,tracking,0,0.0
89,561.953000,15.410,1,2,0.030940,orb,1,0.91875,0.9950086805555556,3,1,0,64.0,18.0,59.008216857910156,28.1904239654541,62.372499008178714,18.07618782043457,-257.6275009918213,-161.92381217956543,18.69045639038086,-56.19020080566406,0,0.81086305360047,-20,20,0,tracking,0,0.0
90,562.000000,25.585,1,0,0.007651,orb,1,0.8317901234567902,0.9955815972222222,3,0,1,,,59.88666915893555,25.549484252929688,63.250951309204105,15.435248107910157,-256.7490486907959,-164.56475189208984,18.69045639038086,-56.19020080566406,1,0.7632248492014165,-20,20,0,tracking,0,0.0
91,562.031000,15.848,1,2,0.015597,orb,1,0.9709923664122138,0.9962413194444445,3,1,0,64.0,17.5,61.626949310302734,21.735580444335938,65.209767036438,11.23128776550293,-254.790232963562,-168.76871223449706,19.904542922973633,-58.357181549072266,0,0.8516999458484059,-20,20,0,tracking,0,0.0
92,562.078000,16.320,1,0,0.015282,orb,1,0.9657320872274143,0.996875,3,0,1,,,62.562461853027344,18.992794036865234,66.1452795791626,8.488501358032227,-253.8547204208374,-171.51149864196776,19.904542922973633,-58.357181549072266,1,0.8016625740297849,-20,20,0,tracking,0,0.0
93,562.125000,45.430,1,0,0.015245,orb,1,0.8666666666666667,0.9961892361111111,3,0,1,,,63.49797439575195,16.25000762939453,67.08079212188721,5.745714950561524,-252.9192078781128,-174.25428504943847,19.904542922973633,-58.357181549072266,2,0.751625202211164,-20,20,0,tracking,0,0.0
94,562.171000,15.497,1,3,0.048577,orb,1,0.8838304552590267,0.9897916666666666,3,1,0,20.0,156.0,50.88010787963867,56.96744918823242,52.01434266090393,54.31576551437378,-267.98565733909606,-125.68423448562622,6.301304340362549,-14.731575965881348,0,0.12245850055699425,-20,20,0,tracking,0,0.0
95,562.203000,15.347,1,0,0.009465,orb,1,0.9192245557350566,0.9996875,3,0,1,,,51.081748962402344,56.49604034423828,52.2159837436676,53.84435667037964,-267.7840162563324,-126.15564332962036,6.301304340362549,-14.731575965881348,1,0.1175601605347259,-20,20,0,tracking,0,0.0
96,562.234000,24.723,1,0,0.019045,orb,1,0.944794952681388,0.9958940972222222,3,0,1,,,51.2770881652832,56.03936004638672,52.41132294654846,53.38767637252808,-267.58867705345153,-126.61232362747192,6.301304340362549,-14.731575965881348,2,0.11281489363813277,-20,20,0,tracking,0,0.0
97,562.281000,16.157,1,1,0.015922,orb,1,0.8667736757624398,0.9919487847222223,3,1,0,182.0,18.0,87.40966033935547,45.085418701171875,94.80569763183594,40.640702934265136,-225.19430236816407,-139.35929706573486,41.08909606933594,-24.6928653717041,0,0.2648630191530662,-20,20,0,tracking,0,0.0
98,562.328000,15.393,1,3,0.048010,orb,1,0.8060413354531002,0.9955338541666666,3,0,1,,,89.34085083007812,43.92485427856445,96.7368881225586,39.480138511657714,-223.26311187744142,-140.5198614883423,41.08909606933594,-24.6928653717041,1,0.24930231677781514,-20,20,0,tracking,0,0.0
99,562.359000,47.529,1,3,0.019266,orb,1,0.896124031007752,0.9957204861111111,3,1,0,60.0,19.0,83.2072982788086,37.31392288208008,89.33865196228027,31.871188468933106,-230.66134803771973,-148.1288115310669,34.06307601928711,-30.23741340637207,0,0.5894074410010047,-20,20,0,tracking,0,0.0
100,562.406000,15.005,1,1,0.015012,orb,1,0.9761146496815286,0.996875,3,0,1,,,84.80826568603516,35.892765045166016,90.93961936950683,30.450030632019043,-229.06038063049317,-149.54996936798096,34.06307601928711,-30.23741340637207,1,0.5547797538422607,-20,20,0,tracking,0,0.0
101,562.437000,15.952,1,2,0.025231,orb,1,0.9046153846153846,0.9951302083333333,3,1,0,181.5,18.5,106.79312133789062,31.354310989379883,116.42302726745605,25.309604415893553,-203.57697273254394,-154.69039558410645,53.49947738647461,-33.581703186035156,0,0.43620203306147953,-20,20,0,tracking,0,0.0
102,562.484000,42.612,1,5,0.065484,orb,1,0.7878787878787878,0.9863758680555555,3,1,0,113.0,43.0,110.01911926269531,32.32423782348633,119.76667022705078,26.70086723327637,-200.23332977294922,-153.29913276672363,54.15306091308594,-31.240947723388672,0,0.7969478326461712,-20,20,0,tracking,0,0.0
103,562.515000,16.440,1,0,0.012000,orb,1,0.8006182380216383,0.9979253472222223,3,0,1,,,111.69786071777344,31.35576820373535,121.4454116821289,25.732397613525393,-198.5545883178711,-154.2676023864746,54.15306091308594,-31.240947723388672,1,0.7660661041311828,-20,20,0,tracking,0,0.0
104,562.562000,16.211,1,1,0.005525,orb,1,0.9943502824858758,1.0,3,0,1,,,114.24305725097656,29.88744354248047,123.99060821533203,24.26407295227051,-196.00939178466797,-155.7359270477295,54.15306091308594,-31.240947723388672,2,0.7192454189631948,-20,20,0,tracking,0,0.0
105,562.609000,44.388,1,0,0.005573,orb,1,0.9947437582128777,1.0,3,0,1,,,116.78825378417969,28.419118881225586,126.53580474853516,22.795748291015627,-193.46419525146484,-157.20425170898437,54.15306091308594,-31.240947723388672,3,0.672424733795207,-20,20,0,tracking,0,0.0
106,562.640000,15.719,1,0,0.004557,orb,1,0.9973787680209698,1.0,3,0,1,,,118.46699523925781,27.45064926147461,128.21454620361328,21.82727867126465,-191.78545379638672,-158.17272132873535,54.15306091308594,-31.240947723388672,4,0.6415430052802186,-20,20,0,tracking,0,0.0
107,562.671000,15.661,1,0,0.007368,orb,1,1.0,0.9996440972222222,3,0,1,,,120.14573669433594,26.482179641723633,129.8932876586914,20.858809051513674,-190.1067123413086,-159.14119094848633,54.15306091308594,-31.240947723388672,5,0.610661276765117,-20,20,0,tracking,0,0.0
108,562.718000,27.802,1,1,0.006745,orb,1,0.9960212201591512,0.9992708333333333,3,0,1,,,122.69093322753906,25.01385498046875,132.43848419189453,19.39048439025879,-187.56151580810547,-160.6095156097412,54.15306091308594,-31.240947723388672,6,0.5638405915972422,-20,20,0,tracking,0,0.0
109,562.781000,15.430,1,2,0.008608,orb,1,0.9746434231378764,0.9988802083333334,3,0,1,,,126.10257720947266,23.04567527770996,135.85012817382812,17.422304687500002,-184.14987182617188,-162.5776953125,54.15306091308594,-31.240947723388672,7,0.501080949776368,-20,20,0,tracking,0,0.0
110,562.796000,15.435,1,4,0.028482,orb,1,0.8546603475513428,0.9972178819444445,3,1,0,123.5,21.0,126.0623779296875,22.18336296081543,135.68453300476074,16.502082061767577,-184.31546699523926,-163.49791793823243,53.456417083740234,-31.562671661376953,0,0.8248109227503074,-20,20,0,tracking,0,0.0
111,562.843000,41.587,1,1,0.044646,orb,1,0.8573667711598746,0.9910026041666666,3,0,1,,,128.5748291015625,20.69991683959961,138.19698417663574,15.018635940551757,-181.80301582336426,-164.98136405944825,53.456417083740234,-31.562671661376953,1,0.7763532810388178,-20,20,0,tracking,0,0.0
112,562.875000,46.667,1,3,0.020559,orb,1,0.96,0.996875,3,1,0,182.0,18.5,141.70619201660156,19.427127838134766,152.9516773223877,13.708495483398437,-167.0483226776123,-166.29150451660155,62.474918365478516,-31.770179748535156,0,0.6673593564677227,-18,20,0,tracking,0,0.0
113,562.921000,15.813,1,1,0.019188,orb,1,0.9646697388632872,0.996875,3,0,1,,,144.5800323486328,17.965700149536133,155.82551765441895,12.247067794799804,-164.17448234558105,-167.75293220520018,62.474918365478516,-31.770179748535156,1,0.6289861934707877,-18,20,0,tracking,0,0.0
114,562.953000,16.213,1,1,0.020703,orb,1,0.8788343558282209,0.996875,3,0,1,,,146.5792236328125,16.949054718017578,157.82470893859863,11.23042236328125,-162.17529106140137,-168.76957763671874,62.474918365478516,-31.770179748535156,2,0.602291819212141,-18,20,0,tracking,0,0.0
115,563.000000,29.475,1,1,0.018140,orb,1,0.913109756097561,0.99796875,3,0,1,,,149.5155487060547,15.455856323242188,160.76103401184082,9.737223968505859,-159.23896598815918,-170.26277603149413,62.474918365478516,-31.770179748535156,3,0.563084457019641,-17,20,0,tracking,0,0.0
116,563.031000,16.102,1,1,0.025469,orb,1,0.904047976011994,0.9951996527777778,3,0,1,,,151.4522705078125,14.470980644226074,162.69775581359863,8.752348289489746,-157.30224418640137,-171.24765171051024,62.474918365478516,-31.770179748535156,4,0.5372242819565592,-17,20,0,tracking,0,0.0
117,563.093000,29.742,1,2,0.035287,orb,1,0.8932926829268293,0.9953125,3,1,0,63.5,18.0,133.757080078125,13.792817115783691,142.20901748657226,8.241469802856447,-177.79098251342774,-171.75853019714356,46.95520782470703,-30.840818405151367,0,0.6207207088086465,-19,20,0,tracking,0,0.0
118,563.125000,75.255,1,3,0.027068,orb,1,0.8947368421052632,0.996875,3,1,0,183.5,19.0,144.78025817871094,14.028362274169922,154.44972587585448,8.633346633911133,-165.55027412414552,-171.36665336608885,53.71926498413086,-29.972309112548828,0,0.6760925130970525,-18,20,0,tracking,0,0.0
120,563.218000,18.730,1,2,0.047217,orb,1,0.8998435054773083,0.9945876736111111,3,0,1,,,149.77615356445312,11.240937232971191,159.44562126159667,5.845921592712402,-160.55437873840333,-174.15407840728759,53.71926498413086,-29.972309112548828,1,0.5974967584495532,-18,20,0,tracking,0,0.0
121,563.234000,37.489,1,3,0.029317,orb,1,0.8496124031007752,0.9959157986111111,3,1,0,183.0,19.0,156.68223571777344,12.300588607788086,167.09564743041992,7.094950485229492,-152.90435256958008,-172.9050495147705,57.85228729248047,-28.920211791992188,0,0.7772583617358757,-17,20,0,tracking,0,0.0
122,563.281000,46.854,1,2,0.028413,orb,1,0.9333333333333333,0.996875,3,0,1,,,159.4012908935547,10.941338539123535,169.81470260620117,5.735700416564941,-150.18529739379883,-174.26429958343505,57.85228729248047,-28.920211791992188,1,0.7315944329839787,-16,20,0,tracking,0,0.0
123,563.328000,16.027,1,2,0.027055,orb,1,0.963258785942492,0.996875,3,0,1,,,162.12034606933594,9.582088470458984,172.53375778198242,4.3764503479003904,-147.46624221801758,-175.6235496520996,57.85228729248047,-28.920211791992188,2,0.6859305042319713,-16,20,0,tracking,0,0.0
124,563.359000,33.638,1,2,0.033721,orb,1,0.959349593495935,0.996875,3,1,0,189.0,19.5,168.4522705078125,10.642065048217773,179.40089149475097,5.667150459289551,-140.59910850524903,-174.33284954071044,60.8256721496582,-27.63841438293457,0,0.7284990405557225,-15,20,0,tracking,0,0.0
125,563.406000,15.441,1,1,0.025821,orb,1,0.8624,0.9910546875,3,0,1,,,171.3110809326172,9.343059539794922,182.25970191955565,4.368144950866699,-137.74029808044435,-175.6318550491333,60.8256721496582,-27.63841438293457,1,0.6856997219231541,-15,20,0,tracking,0,0.0
126,563.437000,16.482,1,2,0.067473,orb,1,0.8491171749598716,0.989140625,3,0,1,,,173.19667053222656,8.486268997192383,184.14529151916503,3.51135440826416,-135.85470848083497,-176.48864559173583,60.8256721496582,-27.63841438293457,2,0.6574703841015627,-15,20,0,tracking,0,0.0
127,563.484000,15.655,1,3,0.059513,orb,1,0.8768233387358185,0.9898046875,3,0,1,,,176.05548095703125,7.187263488769531,187.00410194396972,2.2123488998413086,-132.99589805603028,-177.78765110015868,60.8256721496582,-27.63841438293457,3,0.6146710654688908,-15,20,0,tracking,0,0.0
128,563.515000,40.471,1,1,0.029119,orb,1,0.9598715890850722,0.9967100694444444,3,0,1,,,177.94107055664062,6.330472469329834,188.8896915435791,1.3555578804016113,-131.1103084564209,-178.64444211959838,60.8256721496582,-27.63841438293457,4,0.586441727647403,-14,20,0,tracking,0,0.0
129,563.562000,15.235,1,2,0.024615,orb,1,0.9728,0.9948350694444444,3,0,1,,,180.7998809814453,5.031466960906982,191.74850196838378,0.05655237197875973,-128.25149803161622,-179.94344762802123,60.8256721496582,-27.63841438293457,5,0.543642409014731,-14,20,0,tracking,0,0.0
130,563.593000,16.139,1,3,0.021072,orb,1,0.9483568075117371,0.9915755208333333,3,0,1,,,182.6854705810547,4.174675941467285,193.63409156799315,-0.8002386474609375,-126.36590843200685,-180.80023864746093,60.8256721496582,-27.63841438293457,6,0.5154130711932432,-14,20,0,tracking,0,0.0
131,563.640000,40.504,1,2,0.020415,orb,1,0.9793977812995246,0.9905381944444445,3,0,1,,,185.54428100585938,2.8756704330444336,196.49290199279784,-2.099244155883789,-123.50709800720216,-182.09924415588378,60.8256721496582,-27.63841438293457,7,0.4726137525605713,-14,20,0,tracking,0,0.0
132,563.671000,33.898,1,2,0.034144,orb,1,0.865040650406504,0.9964756944444444,3,0,1,,,187.42987060546875,2.0188796520233154,198.37849159240722,-2.9560349369049073,-121.62150840759278,-182.9560349369049,60.8256721496582,-27.63841438293457,8,0.44438441473897994,0,0,0,prediction_stale,0,0.0
133,563.718000,37.672,1,2,0.041678,orb,1,0.9273021001615509,0.9883680555555555,3,1,0,103.5,66.5,171.22006225585938,15.172636985778809,180.19280723571777,11.695306549072265,-139.80719276428223,-168.30469345092774,49.84858322143555,-19.31850242614746,0,0.4867892159852102,-15,20,0,tracking,0,0.0
134,563.765000,33.021,1,3,0.034476,orb,1,0.9652317880794702,0.9945486111111111,3,1,0,108.0,71.5,161.22402954101562,25.03632164001465,168.93867240905763,22.657293224334715,-151.06132759094237,-157.34270677566528,42.859127044677734,-13.216824531555176,0,0.3710919550536561,-17,20,0,tracking,0,0.0
135,563.828000,30.290,1,2,0.027187,orb,1,0.9425287356321839,0.9979513888888889,3,0,1,,,163.9241485595703,24.20366096496582,171.63879142761232,21.824632549285887,-148.36120857238768,-158.1753674507141,42.859127044677734,-13.216824531555176,1,0.3418684635931862,-16,20,0,tracking,0,0.0
136,563.843000,17.326,1,1,0.029999,orb,1,0.9194847020933977,0.9925217013888888,3,0,1,,,164.56703186035156,24.005409240722656,172.28167472839357,21.626380825042723,-147.71832527160643,-158.37361917495727,42.859127044677734,-13.216824531555176,2,0.33491048943593643,-16,20,0,tracking,0,0.0
137,563.890000,24.509,1,3,0.031868,orb,1,0.9481361426256077,0.9968229166666667,3,1,0,117.0,73.5,157.765625,32.29500961303711,164.61532524108887,30.790246067047118,-155.38467475891113,-149.20975393295288,38.053890228271484,-8.359797477722168,0,0.5899948531070836,-17,20,0,tracking,0,0.0
138,563.921000,15.785,1,4,0.039403,orb,1,0.9609120521172638,0.9927907986111111,3,1,0,147.0,57.0,157.08987426757812,35.913448333740234,163.75907806396484,34.78589993476868,-156.24092193603516,-145.21410006523132,37.05113220214844,-6.264157772064209,0,0.6450678342162294,-17,20,0,tracking,0,0.0
139,563.953000,16.040,1,4,0.045428,orb,1,0.9454253611556982,0.9974479166666667,3,1,0,155.5,57.0,157.89109802246094,38.661338806152344,164.52318725585937,37.81844256401062,-155.47681274414063,-142.1815574359894,36.844940185546875,-4.6827569007873535,0,0.7134143324320026,-17,20,0,tracking,0,0.0
140,564.000000,15.992,1,4,0.035596,orb,1,0.9476268412438625,0.9941015625,3,1,0,131.5,84.5,156.0478515625,44.296207427978516,162.3380874633789,44.01318953037262,-157.6619125366211,-135.9868104696274,34.94575500488281,-1.5723216533660889,0,0.4343205254702194,-17,20,0,tracking,0,0.0
141,564.031000,26.866,1,4,0.034073,orb,1,0.9270315091210614,0.996875,3,1,0,139.0,107.5,155.0259246826172,51.591819763183594,161.11593063354493,52.00732625484466,-158.88406936645507,-127.99267374515534,33.83336639404297,2.3083693981170654,0,0.33086880220064874,-17,20,0,tracking,0,0.0
142,564.078000,15.690,1,3,0.043368,orb,1,0.8184764991896273,0.9968055555555555,3,1,0,164.5,119.5,157.47335815429688,59.07268142700195,163.64433746337892,60.184540061950685,-156.35566253662108,-119.81545993804932,34.28321838378906,6.176992416381836,0,0.4758559704777817,-17,20,0,tracking,0,0.0
143,564.125000,15.617,1,3,0.031918,orb,1,0.9660743134087237,0.996875,3,1,0,157.5,80.0,158.92222595214844,61.478511810302734,165.07795211791992,62.78901106834412,-154.92204788208008,-117.21098893165589,34.19847869873047,7.280551433563232,0,0.6629587960986285,-17,20,0,tracking,0,0.0
144,564.156000,40.180,1,3,0.023396,orb,1,0.9759398496240601,0.9969704861111112,3,1,0,167.0,80.0,160.65423583984375,63.4558219909668,166.8728450012207,64.93026464462281,-153.1271549987793,-115.06973535537719,34.547828674316406,8.1913480758667,0,0.7148390046094373,-17,20,0,tracking,0,0.0
145,564.203000,16.015,1,1,0.023019,orb,1,0.9725190839694656,0.9983940972222223,3,1,0,138.5,102.0,160.1060333251953,67.32638549804688,166.1221630859375,69.12576923370361,-153.8778369140625,-110.87423076629639,33.422943115234375,9.996576309204102,0,0.6174418081376495,-17,20,0,tracking,0,0.0
146,564.234000,15.886,1,1,0.013941,orb,1,0.9880418535127056,0.9953298611111111,3,1,0,147.0,106.0,159.92323303222656,70.94287872314453,165.82596466064453,73.04988050460815,-154.17403533935547,-106.95011949539185,32.79295349121094,11.705565452575684,0,0.5446896148429269,-17,20,0,tracking,0,0.0
147,564.281000,26.830,1,0,0.011021,orb,1,0.9848484848484849,0.9982986111111111,3,0,1,,,161.46450805664062,71.4930419921875,167.3672396850586,73.60004377365112,-152.6327603149414,-106.39995622634888,32.79295349121094,11.705565452575684,1,0.512689099970965,-17,20,0,tracking,0,0.0
148,564.312000,16.231,1,0,0.005947,orb,1,0.9927641099855282,0.9990538194444445,3,0,1,,,162.48109436035156,71.85591125488281,168.38382598876953,73.96291303634644,-151.61617401123047,-106.03708696365356,32.79295349121094,11.705565452575684,2,0.49158237739575883,-17,20,0,tracking,0,0.0
149,564.359000,43.848,1,1,0.014648,orb,1,0.9683257918552036,0.9979774305555555,3,1,0,160.5,76.0,163.70790100097656,72.7269287109375,169.58165481567383,74.8634969329834,-150.41834518432617,-105.1365030670166,32.63196563720703,11.869823455810547,0,0.8551883814886913,-16,20,0,tracking,0,0.0
150,564.390000,16.615,1,4,0.024115,orb,1,0.9906103286384976,1.0,3,1,0,161.0,72.5,164.40565490722656,73.0447006225586,170.25056274414064,75.1766552734375,-149.74943725585936,-104.8233447265625,32.471710205078125,11.844192504882812,0,0.8894568904237259,-16,20,0,tracking,0,0.0
151,564.437000,16.275,1,4,0.033258,orb,1,0.9771341463414634,0.9983420138888889,3,1,0,161.5,67.0,165.57142639160156,73.06454467773438,171.38331344604492,75.1473131942749,-148.61668655395508,-104.8526868057251,32.28826141357422,11.57093620300293,0,0.8800760814934657,-16,20,0,tracking,0,0.0
152,564.484000,26.057,1,3,0.034709,orb,1,0.984472049689441,0.9993923611111111,3,1,0,173.5,62.0,167.59286499023438,72.69599151611328,173.45079711914062,74.69538650512695,-146.54920288085938,-105.30461349487305,32.5440673828125,11.107749938964844,0,0.8385593136582552,-16,20,0,tracking,0,0.0
153,564.515000,15.540,1,3,0.032240,orb,1,0.9850299401197605,0.9985069444444444,3,1,0,178.5,57.5,169.34432983398438,71.87443542480469,175.27002838134766,73.76743640899659,-144.72997161865234,-106.23256359100341,32.92054748535156,10.516672134399414,0,0.7290440717258639,-16,20,0,tracking,0,0.0
154,564.562000,26.036,1,1,0.009512,orb,1,0.9862448418156808,0.9997916666666666,3,1,0,230.5,59.5,175.23965454101562,71.4300308227539,181.5615207672119,73.23750410079955,-138.4384792327881,-106.76249589920045,35.12147903442383,10.041518211364746,0,0.4776374259149371,-15,20,0,tracking,0,0.0
155,564.593000,16.755,1,0,0.003650,orb,1,0.9943741209563994,1.0,3,0,1,,,176.3284149169922,71.74131774902344,182.65028114318847,73.54879102706909,-137.34971885681153,-106.45120897293091,35.12147903442383,10.041518211364746,1,0.45912897566076366,-15,20,0,tracking,0,0.0
156,564.640000,15.958,1,0,0.006683,orb,1,0.950479233226837,0.996875,3,0,1,,,177.9791259765625,72.21327209472656,184.30099220275878,74.02074537277221,-135.69900779724122,-105.97925462722779,35.12147903442383,10.041518211364746,2,0.43106777688824593,-15,20,0,tracking,0,0.0
157,564.671000,55.921,1,0,0.005516,orb,1,0.9367469879518072,1.0,3,0,1,,,179.06788635253906,72.5245590209961,185.38975257873534,74.33203229904174,-134.61024742126466,-105.66796770095826,35.12147903442383,10.041518211364746,3,0.41255932663400463,-15,20,0,tracking,0,0.0
158,564.718000,15.970,1,0,0.004653,orb,1,0.9852941176470589,1.0,3,0,1,,,180.71859741210938,72.99651336669922,187.04046363830565,74.80398664474487,-132.95953636169435,-105.19601335525513,35.12147903442383,10.041518211364746,4,0.38449812786155474,-15,20,0,tracking,0,0.0
159,564.750000,33.454,1,0,0.016415,orb,1,0.9512987012987013,0.998125,3,0,1,,,181.8424835205078,73.31784057617188,188.1643497467041,75.12531385421752,-131.8356502532959,-104.87468614578248,35.12147903442383,10.041518211364746,5,0.3653926308249339,-14,20,0,tracking,0,0.0
160,564.796000,15.316,1,1,0.010253,orb,1,0.9629032258064516,0.9969444444444444,3,1,0,166.0,67.0,181.98301696777344,73.20691680908203,188.1729991912842,74.9631735420227,-131.8270008087158,-105.0368264579773,34.388790130615234,9.75698184967041,0,0.8039437297840399,-14,20,0,tracking,0,0.0
161,564.843000,16.838,1,0,0.012773,orb,1,0.8346839546191248,0.9936111111111111,3,0,1,,,183.5992889404297,73.66549682617188,189.78927116394044,75.42175355911255,-130.21072883605956,-104.57824644088745,34.388790130615234,9.75698184967041,1,0.7567120356593162,-14,20,0,tracking,0,0.0
162,564.875000,38.593,1,0,0.004857,orb,1,0.9797822706065319,0.9981423611111111,3,0,1,,,184.69973754882812,73.97772216796875,190.88971977233888,75.73397890090942,-129.11028022766112,-104.26602109909058,34.388790130615234,9.75698184967041,2,0.7245542864679153,-14,20,0,tracking,0,0.0
163,564.921000,17.221,1,0,0.004482,orb,1,0.9794628751974723,0.9984548611111111,3,0,1,,,186.2816162109375,74.42654418945312,192.47159843444825,76.1828009223938,-127.52840156555175,-103.8171990776062,34.388790130615234,9.75698184967041,3,0.6783275220052837,-14,20,0,tracking,0,0.0
164,564.953000,16.136,1,0,0.002617,orb,1,0.9741641337386018,0.996875,3,0,1,,,187.38206481933594,74.73876953125,193.5720470428467,76.49502626419067,-126.42795295715331,-103.50497373580933,34.388790130615234,9.75698184967041,4,0.646169772813997,-14,20,0,tracking,0,0.0
165,565.000000,41.907,1,0,0.007683,orb,1,0.8668683812405447,0.99703125,3,0,1,,,188.9983367919922,75.19734954833984,195.18831901550294,76.95360628128051,-124.81168098449706,-103.04639371871949,34.388790130615234,9.75698184967041,5,0.5989380786891592,-14,20,0,tracking,0,0.0
166,565.046000,42.090,1,0,0.007009,orb,1,0.9567901234567902,0.99703125,3,0,1,,,190.58021545410156,75.64617156982422,196.77019767761232,77.40242830276489,-123.22980232238768,-102.59757169723511,34.388790130615234,9.75698184967041,6,0.5527113142265274,-13,20,0,tracking,0,0.0
167,565.078000,16.142,1,0,0.010972,orb,1,0.9364341085271318,0.9980295138888889,3,0,1,,,191.6806640625,75.9583969116211,197.87064628601075,77.71465364456176,-122.12935371398925,-102.28534635543824,34.388790130615234,9.75698184967041,7,0.5205535650352409,-13,20,0,tracking,0,0.0
168,565.109000,54.315,1,0,0.000196,orb,1,0.9811023622047244,0.9981770833333333,3,0,1,,,192.74671936035156,76.2608642578125,198.93670158386232,78.01712099075317,-121.06329841613768,-101.98287900924683,34.388790130615234,9.75698184967041,8,0.4894007455060462,0,0,0,prediction_stale,0,0.0
169,565.171000,15.470,1,0,0.003452,orb,1,0.9001512859304085,0.9982638888888888,3,0,1,,,194.8788299560547,76.86579895019531,201.06881217956544,78.62205568313598,-118.93118782043456,-101.37794431686402,34.388790130615234,9.75698184967041,9,0.4270951064477712,0,0,0,prediction_stale,0,0.0
170,565.218000,16.284,1,0,0.003476,orb,1,0.9768518518518519,0.99765625,3,0,1,,,196.49510192871094,77.32437896728516,202.6850841522217,79.08063570022583,-117.31491584777831,-100.91936429977417,34.388790130615234,9.75698184967041,10,0.37986341232304754,0,0,0,prediction_stale,0,0.0
171,565.250000,47.279,1,0,0.000243,orb,1,0.9868421052631579,1.0,3,0,1,,,197.59555053710938,77.63660430908203,203.78553276062013,79.3928610420227,-116.21446723937987,-100.6071389579773,34.388790130615234,9.75698184967041,11,0.34770566313164664,0,0,0,prediction_stale,0,0.0
172,565.281000,16.599,1,0,0.000243,orb,1,0.9882525697503671,1.0,3,0,1,,,198.66160583496094,77.93907165527344,204.8515880584717,79.69532838821411,-115.14841194152831,-100.30467161178589,34.388790130615234,9.75698184967041,12,0.31655284360256625,0,0,0,prediction_stale,0,0.0
173,565.312000,14.598,1,0,0.001402,orb,1,0.9864661654135338,1.0,3,0,1,,,,,,,,,0.0,0.0,13,0.0,0,0,0,lost,0,0.0
174,565.359000,32.825,1,0,0.001884,orb,1,0.9851851851851852,0.999765625,,0,0,,,,,,,,,0.0,0.0,0,0.0,0,0,0,lost,0,0.0
175,565.390000,16.894,1,0,0.002487,orb,1,0.9898403483309144,1.0,,0,0,,,,,,,,,0.0,0.0,0,0.0,0,0,0,lost,0,0.0
176,565.437000,15.141,1,0,0.003841,orb,1,0.9895209580838323,1.0,,0,0,,,,,,,,,0.0,0.0,0,0.0,0,0,0,lost,0,0.0
177,565.468000,42.413,1,1,0.006801,orb,1,0.9604685212298683,1.0,4,1,0,499.5,195.0,499.5,195.0,499.5,195.0,179.5,15.0,0.0,0.0,0,0.7869136960600376,20,0,0,tracking,0,0.0
178,565.515000,18.834,1,2,0.008585,orb,1,0.9926144756277696,1.0,4,1,0,502.0,194.5,501.33929443359375,194.63214111328125,501.3548222257197,194.629035554789,181.35482222571972,14.629035554788999,0.08626551181077957,-0.017253102734684944,0,0.900171180863879,20,0,0,tracking,0,0.0
179,565.562000,15.459,1,2,0.006409,orb,1,0.9880059970014993,0.9988541666666667,4,1,0,503.5,195.0,502.26416015625,194.7887420654297,502.31636750400065,194.79190668683498,182.31636750400065,14.791906686834977,0.2900408208370209,0.017581230029463768,0,0.9180267476144404,20,0,0,tracking,0,0.0
180,565.593000,27.201,1,2,0.011975,orb,1,0.9671150971599403,1.0,4,1,0,506.5,194.0,503.5554504394531,194.5498504638672,503.7030686128139,194.5351987040043,183.70306861281392,14.535198704004301,0.8201009631156921,-0.08139866590499878,0,0.8861360840955269,20,0,0,tracking,0,0.0
181,565.640000,16.282,1,2,0.015490,orb,1,0.9870317002881844,1.0,4,1,0,508.5,192.0,504.7867126464844,193.9270477294922,505.1041229653358,193.8242806506157,185.10412296533582,13.824280650615691,1.7633906602859497,-0.5709282159805298,0,0.8565861569359644,20,0,0,tracking,0,0.0
182,565.671000,15.179,1,2,0.019314,orb,1,0.9822222222222222,1.0,4,0,1,,,504.84136962890625,193.9093475341797,505.1587799477577,193.8065804553032,185.1587799477577,13.806580455303191,1.7633906602859497,-0.5709282159805298,1,0.8233934433546286,20,0,0,tracking,0,0.0
183,565.718000,27.152,1,3,0.014870,orb,1,0.983433734939759,1.0,4,1,0,521.0,179.0,508.5329895019531,190.54164123535156,509.7524631690979,189.60376732826234,189.7524631690979,9.603767328262336,6.774853706359863,-5.2104105949401855,0,0.6130304609553743,20,0,0,tracking,0,0.0
184,565.750000,15.652,1,5,0.029909,orb,1,0.9939668174962293,1.0,4,1,0,517.0,172.0,510.38427734375,186.73458862304688,512.0726787376403,184.75231702804567,192.07267873764033,4.752317028045667,9.38000774383545,-11.012619972229004,0,0.6791876964377227,20,0,0,tracking,0,0.0
185,565.796000,16.560,1,4,0.045361,orb,1,0.9849170437405732,0.9995052083333333,4,1,0,518.5,191.5,512.2644653320312,187.221923828125,514.4332535362244,185.56923538208008,194.43325353622436,5.56923538208008,12.048823356628418,-9.181602478027344,0,0.6607728895103797,20,0,0,tracking,0,0.0
186,565.828000,27.884,1,6,0.054770,orb,1,0.9802731411229135,0.999453125,4,1,0,514.0,169.0,512.8871459960938,183.77874755859375,515.1401924705506,181.0070811653137,195.14019247055057,1.007081165313707,12.516924858093262,-15.398146629333496,0,0.7906299302745534,20,0,0,tracking,0,0.0
187,565.875000,17.883,1,4,0.072760,orb,1,0.9835575485799701,1.0,4,1,0,494.0,167.5,510.05560302734375,180.32359313964844,511.0150357151031,176.51871837615965,191.01503571510312,-3.4812816238403457,5.33018159866333,-21.138193130493164,0,0.641360925933935,20,0,0,tracking,0,0.0
188,565.921000,15.468,1,5,0.077938,orb,1,0.9875173370319001,1.0,4,1,0,488.5,162.0,506.4616394042969,176.29566955566406,505.9333190727234,171.3066921234131,185.9333190727234,-8.693307876586914,-2.935112953186035,-27.716541290283203,0,0.6855633968886667,20,0,0,tracking,0,0.0
189,565.953000,26.659,1,7,0.070764,orb,1,0.9928263988522238,1.0,4,1,0,481.0,163.5,502.1007995605469,173.40565490722656,499.9128209877014,167.63755935668945,179.91282098770142,-12.36244064331055,-12.155436515808105,-32.04497528076172,0,0.65696078333733,20,0,0,tracking,0,0.0
190,566.000000,16.020,1,7,0.059852,orb,1,0.9878971255673222,1.0,4,1,0,575.5,220.5,514.1651000976562,180.2014617919922,516.8455511283875,177.63204511642456,196.84555112838746,-2.367954883575436,14.89139461517334,-14.274537086486816,0,0.24223470141079761,20,0,0,tracking,0,0.0
191,566.031000,14.945,1,7,0.050013,orb,1,0.9850523168908819,1.0,4,1,0,583.5,228.5,525.861572265625,187.70977783203125,532.8141663360595,188.1637207221985,212.81416633605954,8.16372072219849,38.62552261352539,2.521904945373535,0,0.3544535537607265,20,0,0,tracking,0,0.0
192,566.078000,27.044,1,6,0.039284,orb,1,0.9882352941176471,1.0,4,0,1,,,527.677001953125,187.82830810546875,534.6295960235595,188.282250995636,214.62959602355954,8.28225099563599,38.62552261352539,2.521904945373535,1,0.33362940747727254,20,0,0,tracking,0,0.0
193,566.109000,40.774,1,6,0.035547,orb,1,0.9912023460410557,1.0,4,1,0,593.5,254.0,540.7476196289062,200.0494384765625,551.9698949432373,204.87004356384278,231.96989494323725,24.870043563842785,62.34597396850586,26.781139373779297,0,0.30667214608115256,20,-5,0,tracking,0,0.0
194,566.156000,37.865,1,3,0.029123,orb,1,0.9852289512555391,1.0,4,1,0,552.0,291.0,545.1832275390625,217.5325164794922,556.9240596008301,227.9418701171875,236.9240596008301,47.941870117187506,65.22684478759766,57.829742431640625,0,0.2517223898067301,20,-9,0,tracking,0,0.0
195,566.203000,39.029,1,3,0.027391,orb,1,0.9837278106508875,1.0,4,1,0,561.5,311.5,550.6002197265625,236.4420166015625,563.1158158874512,252.1865412902832,243.11581588745116,72.1865412902832,69.53108978271484,87.4695816040039,0,0.22675931618524825,20,-14,0,tracking,0,0.0
196,566.234000,37.492,1,2,0.019097,orb,1,0.9801699716713881,1.0,4,0,1,,,552.7556762695312,239.15357971191406,565.2712724304199,254.89810440063476,245.2712724304199,74.89810440063476,69.53108978271484,87.4695816040039,1,0.2179723926830521,20,-15,0,tracking,0,0.0
197,566.281000,28.915,1,3,0.023190,orb,1,0.9755747126436781,1.0,4,1,0,560.0,331.0,556.7767333984375,259.8811340332031,569.5219259643554,280.69149856567384,249.52192596435543,100.69149856567384,70.80662536621094,115.6131362915039,0,0.4217679612089089,20,-20,0,tracking,0,0.0
198,566.312000,16.092,1,4,0.032995,orb,1,0.9872521246458924,1.0,4,1,0,599.0,256.0,565.9197387695312,262.16937255859375,580.7194529724121,282.5965751647949,260.7194529724121,102.5965751647949,82.22063446044922,113.48445892333984,0,0.5893487352781696,20,-20,0,tracking,0,0.0
199,566.359000,17.790,1,3,0.050004,orb,1,0.9914163090128756,1.0,4,1,0,529.5,241.0,563.0172119140625,263.0511779785156,575.9024609375,282.2188433837891,255.9024609375,102.21884338378908,71.584716796875,106.48703002929688,0,0.5418414849716748,20,-20,0,tracking,0,0.0
200,566.390000,30.404,1,1,0.046319,orb,1,0.985981308411215,1.0,4,0,1,,,565.236328125,266.3522644042969,578.1215771484375,285.5199298095703,258.1215771484375,105.51992980957033,71.584716796875,106.48703002929688,1,0.520845127429057,20,-20,0,tracking,0,0.0
201,566.437000,15.607,1,1,0.048633,orb,1,0.9960474308300395,1.0,4,0,1,,,568.600830078125,271.3571472167969,581.4860791015625,290.5248126220703,261.4860791015625,110.52481262207033,71.584716796875,106.48703002929688,2,0.48901194018695376,20,-20,0,tracking,0,0.0
202,566.468000,32.861,1,2,0.050438,orb,1,0.9931972789115646,1.0,4,1,0,587.0,171.0,573.8740844726562,255.09164428710938,587.5380732727051,269.2702766418457,267.5380732727051,89.27027664184573,75.91104888916016,78.77017974853516,0,0.27133066596533784,20,-17,0,tracking,0,0.0
203,566.515000,29.825,1,1,0.053481,orb,1,0.9905149051490515,1.0,4,0,1,,,577.44189453125,258.7938537597656,591.1058833312989,272.972486114502,271.10588333129886,92.97248611450198,75.91104888916016,78.77017974853516,1,0.2553899893398656,20,-18,0,tracking,0,0.0
204,566.562000,29.948,1,1,0.052240,orb,1,0.9918588873812755,1.0,4,0,1,,,581.0097045898438,262.4960632324219,594.6736933898926,276.6746955871582,274.6736933898926,96.67469558715823,75.91104888916016,78.77017974853516,2,0.23944931271439338,20,-19,0,tracking,0,0.0
205,566.593000,15.364,1,2,0.054388,orb,1,0.9927007299270073,1.0,4,0,1,,,583.3629760742188,264.93792724609375,597.0269648742676,279.1165596008301,277.0269648742676,99.1165596008301,75.91104888916016,78.77017974853516,3,0.2289352494082538,20,-19,0,tracking,0,0.0
206,566.640000,35.899,1,3,0.056586,orb,1,0.9730586370839936,0.9961328125,4,1,0,519.0,153.0,571.4169921875,242.23069763183594,581.7224048614502,250.69194801330568,261.7224048614502,70.69194801330568,57.25229263305664,47.0069465637207,0,0.3222194478712135,20,-14,0,tracking,0,0.0
207,566.671000,31.812,1,4,0.062761,orb,1,0.9748427672955975,0.996875,4,1,0,519.5,151.0,562.5980224609375,225.3998565673828,570.6720288085937,230.00904247283935,250.67202880859372,50.009042472839354,44.8555908203125,25.60658836364746,0,0.19831039814681417,20,-10,0,tracking,0,0.0
208,566.718000,18.146,1,2,0.045119,orb,1,0.9553158705701078,0.996875,4,0,1,,,564.7062377929688,226.60336303710938,572.780244140625,231.21254894256592,252.78024414062497,51.21254894256592,44.8555908203125,25.60658836364746,1,0.1866596622557107,20,-10,0,tracking,0,0.0
209,566.765000,16.390,1,3,0.042097,orb,1,0.8128834355828221,0.9969010416666667,4,0,1,,,566.814453125,227.80686950683594,574.8884594726562,232.41605541229248,254.88845947265622,52.41605541229248,44.8555908203125,25.60658836364746,2,0.17500892636457907,20,-10,0,tracking,0,0.0
210,566.796000,36.123,1,1,0.021913,orb,1,0.9541284403669725,0.9974826388888889,4,0,1,,,568.2049560546875,228.60067749023438,576.2789624023437,233.20986339569092,256.2789624023437,53.20986339569092,44.8555908203125,25.60658836364746,3,0.16732439843637445,20,-10,0,tracking,0,0.0
211,566.843000,25.262,1,1,0.024240,orb,1,0.9502262443438914,0.9987847222222223,4,1,0,582.5,57.5,573.0320434570312,191.36331176757812,581.6029943847657,188.94641639709474,261.6029943847657,8.946416397094737,47.61639404296875,-13.427196502685547,0,0.03271116607802316,20,0,0,tracking,0,0.0
212,566.875000,15.716,1,1,0.018719,orb,1,0.9235474006116208,0.9981597222222223,4,0,1,,,574.5557861328125,190.9336395263672,583.1267370605469,188.5167441558838,263.12673706054693,8.5167441558838,47.61639404296875,-13.427196502685547,1,0.03140271943490063,20,0,0,tracking,0,0.0
213,566.921000,19.673,1,1,0.023640,orb,1,0.966374269005848,0.9967578125,4,0,1,,,576.7461547851562,190.3159942626953,585.3171057128907,187.89909889221192,265.3171057128907,7.899098892211924,47.61639404296875,-13.427196502685547,2,0.029521827385412293,20,0,0,tracking,0,0.0
214,566.953000,43.156,1,0,0.009809,orb,1,0.9757575757575757,0.996875,4,0,1,,,578.2698974609375,189.88632202148438,586.8408483886719,187.469426651001,266.84084838867193,7.469426651000987,47.61639404296875,-13.427196502685547,3,0.028213380742294417,20,0,0,tracking,0,0.0
215,567.000000,16.756,1,0,0.018803,orb,1,0.9718934911242604,0.9962803819444445,4,0,1,,,580.5078735351562,189.2552490234375,589.0788244628907,186.8383536529541,269.0788244628907,6.838353652954112,47.61639404296875,-13.427196502685547,4,0.026291599735209514,20,0,0,tracking,0,0.0
216,567.031000,15.813,1,0,0.013582,orb,1,0.9336283185840708,0.9954210069444445,4,0,1,,,581.9840087890625,188.83900451660156,590.5549597167969,186.42210914611817,270.55495971679693,6.422109146118174,47.61639404296875,-13.427196502685547,5,0.025024042049688198,20,0,0,tracking,0,0.0
217,567.078000,43.753,1,1,0.022148,orb,1,0.967741935483871,0.9953125,4,0,1,,,584.2219848632812,188.2079315185547,592.7929357910157,185.7910361480713,272.7929357910157,5.791036148071299,47.61639404296875,-13.427196502685547,6,0.0231022610426033,20,0,0,tracking,0,0.0
218,567.125000,16.079,1,1,0.022261,orb,1,0.9818456883509834,0.996875,4,0,1,,,586.4599609375,187.5768585205078,595.0309118652344,185.15996315002442,275.03091186523443,5.159963150024424,47.61639404296875,-13.427196502685547,7,0.021180480035518395,20,0,0,tracking,0,0.0
219,567.171000,34.545,1,0,0.022684,orb,1,0.8019966722129783,0.998203125,4,0,1,,,588.6503295898438,186.95921325683594,597.2212805175782,184.54231788635255,277.2212805175782,4.542317886352549,47.61639404296875,-13.427196502685547,8,0.019299587986030056,0,0,0,prediction_stale,0,0.0
220,567.203000,16.086,1,3,0.028152,orb,1,0.8878048780487805,0.9913324652777777,4,0,1,,,590.174072265625,186.529541015625,598.7450231933594,184.1126456451416,278.74502319335943,4.112645645141612,47.61639404296875,-13.427196502685547,9,0.01799114134291218,0,0,0,prediction_stale,0,0.0
221,567.234000,17.076,1,2,0.015638,orb,1,0.8780889621087314,0.9969444444444444,4,0,1,,,591.6502075195312,186.11329650878906,600.2211584472657,183.69640113830567,280.2211584472657,3.6964011383056743,47.61639404296875,-13.427196502685547,10,0.016723583657386215,0,0,0,prediction_stale,0,0.0
222,567.281000,40.888,1,1,0.020855,orb,1,0.8729372937293729,0.9920963541666666,4,0,1,,,593.88818359375,185.4822235107422,602.4591345214844,183.0653281402588,282.45913452148443,3.0653281402587993,47.61639404296875,-13.427196502685547,11,0.014801802650305963,0,0,0,prediction_stale,0,0.0
223,567.312000,17.183,1,0,0.024036,orb,1,0.9168,0.9953125,4,0,1,,,595.3643188476562,185.06597900390625,603.9352697753907,182.64908363342286,283.9352697753907,2.649083633422862,47.61639404296875,-13.427196502685547,12,0.013534244964779998,0,0,0,prediction_stale,0,0.0
224,567.359000,16.402,1,0,0.013745,orb,1,0.9248826291079812,0.996875,4,0,1,,,,,,,,,0.0,0.0,13,0.0,0,0,0,lost,0,0.0
225,567.390000,42.767,1,1,0.018970,orb,1,0.9301587301587302,0.9909201388888889,5,1,0,68.5,18.5,68.5,18.5,68.5,18.5,-251.5,-161.5,0.0,0.0,0,0.7442028985507247,-20,20,0,tracking,0,0.0
226,567.437000,16.397,1,1,0.015156,orb,1,0.9668769716088328,0.9957161458333333,5,0,1,,,68.5,18.5,68.5,18.5,-251.5,-161.5,0.0,0.0,1,0.700480978260846,-20,20,0,tracking,0,0.0
227,567.468000,15.401,1,1,0.019270,orb,1,0.918622848200313,0.9980208333333334,5,0,1,,,68.5,18.5,68.5,18.5,-251.5,-161.5,0.0,0.0,2,0.6716431159420527,-20,20,0,tracking,0,0.0
228,567.515000,37.808,1,1,0.021309,orb,1,0.7796610169491526,0.9915190972222222,5,0,1,,,68.5,18.5,68.5,18.5,-251.5,-161.5,0.0,0.0,3,0.627921195652174,-20,20,0,tracking,0,0.0
229,567.546000,17.436,1,0,0.019894,orb,1,0.8736998514115899,0.9909157986111111,5,0,1,,,68.5,18.5,68.5,18.5,-251.5,-161.5,0.0,0.0,4,0.599083333333275,-20,20,0,tracking,0,0.0
230,567.593000,15.242,1,0,0.028263,orb,1,0.8636363636363636,0.9929557291666666,5,0,1,,,68.5,18.5,68.5,18.5,-251.5,-161.5,0.0,0.0,5,0.5553614130435021,-20,20,0,tracking,0,0.0
231,567.640000,27.195,1,4,0.030480,orb,1,0.968895800933126,0.9967881944444444,5,1,0,67.5,20.5,67.7530746459961,19.99385643005371,67.72142558813096,20.057154545783998,-252.27857441186904,-159.942845454216,-0.17582809925079346,0.3516561985015869,0,0.9002446999070306,-20,20,0,tracking,0,0.0
232,567.671000,15.678,1,7,0.063388,orb,1,0.8088235294117647,0.9967361111111112,5,1,0,181.5,19.0,116.88206481933594,19.57076072692871,119.85405643463135,19.607528153061867,-200.14594356536867,-160.39247184693812,16.511064529418945,0.20426347851753235,0,0.30691439687190947,-20,20,0,tracking,0,0.0
233,567.718000,15.584,1,5,0.075477,orb,1,0.7849117174959872,0.995,5,0,1,,,117.6580810546875,19.580360412597656,120.63007266998291,19.617127838730813,-199.3699273300171,-160.38287216126918,16.511064529418945,0.20426347851753235,1,0.2888831760557186,-20,20,0,tracking,0,0.0
234,567.750000,47.827,1,3,0.066021,orb,1,0.9535256410256411,0.9960329861111111,5,0,1,,,118.18643188476562,19.586896896362305,121.15842350006103,19.62366432249546,-198.84157649993898,-160.37633567750453,16.511064529418945,0.20426347851753235,2,0.2766066001808272,-20,20,0,tracking,0,0.0
235,567.843000,17.724,1,3,0.076249,orb,1,0.8624161073825504,0.9952907986111111,5,0,1,,,119.72196197509766,19.605894088745117,122.69395359039306,19.642661514878274,-197.30604640960695,-160.35733848512172,16.511064529418945,0.20426347851753235,3,0.2409278015444828,-20,20,0,tracking,0,0.0
236,567.859000,30.010,1,3,0.067799,orb,1,0.9468267581475128,0.996875,5,0,1,,,119.98613739013672,19.609161376953125,122.95812900543213,19.64592880308628,-197.0418709945679,-160.3540711969137,16.511064529418945,0.20426347851753235,4,0.23478951360701528,-20,20,0,tracking,0,0.0
238,567.906000,40.542,1,5,0.073778,orb,1,0.9151712887438825,0.9943793402777777,5,1,0,182.0,18.5,144.78858947753906,19.179819107055664,152.870963973999,19.123224378824233,-167.129036026001,-160.87677562117577,44.90208053588867,-0.3144151568412781,0,0.708144338567337,-18,20,0,tracking,0,0.0
239,567.953000,16.226,1,2,0.030979,orb,1,0.937791601866252,0.9976649305555556,5,0,1,,,146.89898681640625,19.165040969848633,154.9813613128662,19.1084462416172,-165.0186386871338,-160.8915537583828,44.90208053588867,-0.3144151568412781,1,0.6665408586764835,-18,20,0,tracking,0,0.0
240,568.000000,17.017,1,1,0.027091,orb,1,0.947986577181208,0.9976388888888889,5,0,1,,,149.00938415527344,19.1502628326416,157.0917586517334,19.09366810441017,-162.9082413482666,-160.90633189558983,44.90208053588867,-0.3144151568412781,2,0.6249373787856298,-18,20,0,tracking,0,0.0
241,568.031000,25.016,1,0,0.016150,orb,1,0.9838235294117647,1.0,5,0,1,,,150.40135192871094,19.14051628112793,158.4837264251709,19.0839215528965,-161.5162735748291,-160.9160784471035,44.90208053588867,-0.3144151568412781,3,0.5974967856661907,-18,20,0,tracking,0,0.0
242,568.078000,25.641,1,1,0.012231,orb,1,0.9901269393511989,1.0,5,1,0,184.0,66.5,164.55105590820312,37.238948822021484,175.6242254638672,41.68202281951904,-144.3757745361328,-138.31797718048097,61.517608642578125,24.683744430541992,0,0.5414953115667279,-16,20,0,tracking,0,0.0
243,568.109000,25.217,1,1,0.005842,orb,1,0.994572591587517,1.0,5,1,0,181.5,65.5,170.8832550048828,46.093116760253906,183.07273986816406,52.57675941467285,-136.92726013183594,-127.42324058532715,67.7193603515625,36.02023696899414,0,0.6611353864392997,-15,20,0,tracking,0,0.0
244,568.156000,15.873,1,0,0.002639,orb,1,0.9986504723346828,1.0,5,0,1,,,174.06607055664062,47.786067962646484,186.25555541992188,54.26971061706543,-133.74444458007812,-125.73028938293457,67.7193603515625,36.02023696899414,1,0.6222936824860638,-15,20,0,tracking,0,0.0
245,568.187000,32.562,1,0,0.003277,orb,1,0.9959404600811907,1.0,5,0,1,,,176.16537475585938,48.90269470214844,188.35485961914063,55.38633735656738,-131.64514038085937,-124.61366264343262,67.7193603515625,36.02023696899414,2,0.596674686261489,-14,20,0,tracking,0,0.0
246,568.234000,47.360,1,1,0.004410,orb,1,0.9920424403183024,1.0,5,1,0,173.5,156.0,177.61273193359375,81.8746109008789,189.35063201904296,96.49735321044922,-130.64936798095704,-83.50264678955078,65.21055603027344,81.23745727539062,0,0.32766108367177205,-14,16,0,tracking,0,0.0
247,568.281000,37.317,1,1,0.004727,orb,1,0.993234100135318,1.0,5,1,0,175.0,156.0,179.23704528808594,103.53170776367188,190.60041870117186,122.79228729248047,-129.39958129882814,-57.20771270751953,63.129852294921875,107.00321960449219,0,0.3885629594231589,-14,11,0,tracking,0,0.0
248,568.312000,30.318,1,1,0.003724,orb,1,0.9970674486803519,1.0,5,1,0,177.0,154.0,180.2829132080078,117.09239196777344,191.4088191986084,139.02265472412108,-128.5911808013916,-40.97734527587892,61.81058883666992,121.83479309082031,0,0.5155740566799486,-14,8,0,tracking,0,0.0
249,568.359000,28.728,1,1,0.002496,orb,1,0.9912917271407837,1.0,5,1,0,178.0,154.0,182.1535186767578,129.0361328125,193.00857460021973,152.5942810058594,-126.99142539978027,-27.405718994140614,60.30586624145508,130.87860107421875,0,0.620851420409488,-14,5,0,tracking,0,0.0
250,568.390000,16.219,1,0,0.001836,orb,1,0.9877300613496932,1.0,5,0,1,,,184.0229949951172,133.09336853027344,194.8780509185791,156.65151672363282,-125.1219490814209,-23.348483276367176,60.30586624145508,130.87860107421875,1,0.5967934278686599,-14,5,0,tracking,0,0.0
251,568.437000,45.599,1,0,0.000777,orb,1,0.996031746031746,1.0,5,0,1,,,186.8573760986328,139.24465942382812,197.71243202209473,162.8028076171875,-122.28756797790527,-17.19719238281249,60.30586624145508,130.87860107421875,2,0.5603184069195827,-13,0,0,tracking,0,0.0
252,568.468000,16.494,1,0,0.000000,orb,1,0.9972862957937585,1.0,5,0,1,,,188.7268524169922,143.30189514160156,199.5819083404541,166.86004333496095,-120.4180916595459,-13.139956665039051,60.30586624145508,130.87860107421875,3,0.5362604143787546,-13,0,0,tracking,0,0.0
253,568.515000,15.367,1,0,0.000000,orb,1,0.9959785522788204,1.0,5,0,1,,,191.5612335205078,149.45318603515625,202.41628944396973,173.01133422851564,-117.58371055603027,-6.988665771484364,60.30586624145508,130.87860107421875,4,0.4997853934296774,-13,0,0,tracking,0,0.0
254,568.578000,41.568,1,1,0.014816,orb,1,0.9742813918305597,0.996875,5,0,1,,,195.36050415039062,157.6985321044922,206.21556007385254,181.25668029785157,-113.78443992614746,1.2566802978515739,60.30586624145508,130.87860107421875,5,0.4508933440724394,-12,0,0,tracking,0,0.0
255,568.593000,36.387,1,1,0.038547,orb,1,0.839563862928349,0.9920920138888889,5,1,0,21.0,117.5,147.54173278808594,147.9408416748047,146.93053927898407,168.74067306518555,-173.06946072101593,-11.259326934814453,-3.395519495010376,115.55461883544922,0,0.31617819399589253,-19,0,0,tracking,0,0.0
256,568.640000,29.188,1,1,0.026122,orb,1,0.8708708708708709,0.9936197916666667,5,1,0,189.0,156.5,157.32196044921875,154.11900329589844,158.97899501800538,175.08932052612306,-161.02100498199462,-4.9106794738769395,9.205747604370117,116.50176239013672,0,0.6025456472318956,-18,0,0,tracking,0,0.0
257,568.671000,35.691,1,3,0.033938,orb,1,0.7603053435114504,0.9913845486111111,5,1,0,168.5,185.5,159.84263610839844,163.42913818359375,162.00099948883056,185.677529296875,-157.99900051116944,5.677529296875008,11.990907669067383,123.6021728515625,0,0.7418621275324682,-17,0,0,tracking,0,0.0
258,568.718000,31.648,1,2,0.027273,orb,1,0.9679389312977099,0.996875,5,1,0,194.5,156.0,166.790771484375,166.75933837890625,170.34835498809815,188.46441986083985,-149.65164501190185,8.464419860839854,19.764352798461914,120.58378601074219,0,0.6702976164132531,-16,0,0,tracking,0,0.0
259,568.765000,15.403,1,1,0.019093,orb,1,0.9122257053291536,0.9965798611111111,5,1,0,197.5,158.5,172.882568359375,170.01235961914062,177.5473430252075,191.19966232299805,-142.4526569747925,11.199662322998051,25.915414810180664,117.70723724365234,0,0.7027067707625227,-16,0,0,tracking,0,0.0
260,568.796000,34.869,1,0,0.008574,orb,1,0.9314641744548287,0.997734375,5,0,1,,,173.68594360351562,173.66128540039062,178.35071826934814,194.84858810424805,-141.64928173065186,14.848588104248051,25.915414810180664,117.70723724365234,1,0.6754768833954199,-15,0,0,tracking,0,0.0
261,568.828000,33.167,1,0,0.011294,orb,1,0.9481946624803768,0.996875,5,0,1,,,174.51524353027344,177.42791748046875,179.18001819610595,198.61522018432618,-140.81998180389405,18.615220184326176,25.915414810180664,117.70723724365234,2,0.6473686125649845,-15,-4,0,tracking,0,0.0
262,568.875000,32.016,1,2,0.019989,orb,1,0.9684044233807267,0.9979513888888889,5,1,0,180.0,192.0,176.51358032226562,184.6134033203125,181.33657768249512,206.13592910766602,-138.66342231750488,26.135929107666016,26.794429779052734,119.56958770751953,0,0.7359787210557096,-15,-5,0,tracking,0,0.0
263,568.921000,26.238,1,5,0.033624,orb,1,0.9802431610942249,1.0,5,1,0,138.5,225.0,171.1342315673828,195.9910125732422,174.64890968322754,218.67652084350587,-145.35109031677246,38.67652084350587,19.525989532470703,126.03060150146484,0,0.5987445376445548,-16,-8,0,tracking,0,0.0
264,568.953000,15.099,1,2,0.048612,orb,1,0.9817905918057663,0.9997222222222222,5,0,1,,,171.75906372070312,200.02398681640625,175.27374183654786,222.70949508666993,-144.72625816345214,42.70949508666993,19.525989532470703,126.03060150146484,1,0.5747947561388285,-16,-8,0,tracking,0,0.0
265,569.000000,41.281,1,2,0.057860,orb,1,0.9849624060150376,1.0,5,0,1,,,172.67678833007812,205.94741821289062,176.19146644592286,228.6329264831543,-143.80853355407714,48.63292648315431,19.525989532470703,126.03060150146484,2,0.5396185145521918,-16,-9,0,tracking,0,0.0
266,569.031000,34.826,1,1,0.067781,orb,1,0.9876923076923076,0.999765625,5,0,1,,,173.28208923339844,209.8543701171875,176.79676734924317,232.53987838745118,-143.20323265075683,52.53987838745118,19.525989532470703,126.03060150146484,3,0.5164171637185034,-16,-10,0,tracking,0,0.0
267,569.078000,30.831,1,1,0.073798,orb,1,0.9809523809523809,1.0,5,0,1,,,174.19981384277344,215.77780151367188,177.71449195861817,238.46330978393556,-142.28550804138183,58.46330978393556,19.525989532470703,126.03060150146484,4,0.48124092213186676,-16,-11,0,tracking,0,0.0
268,569.109000,36.844,1,1,0.077691,orb,1,0.9802306425041186,1.0,5,0,1,,,174.80511474609375,219.68475341796875,178.31979286193848,242.37026168823243,-141.68020713806152,62.37026168823243,19.525989532470703,126.03060150146484,5,0.4580395712980933,-15,-12,0,tracking,0,0.0
269,569.171000,27.160,1,1,0.075959,orb,1,0.9856687898089171,1.0,5,0,1,,,176.01573181152344,227.4986572265625,179.53040992736817,250.18416549682618,-140.46959007263183,70.18416549682618,19.525989532470703,126.03060150146484,6,0.41163686963063145,-15,-14,0,tracking,0,0.0
271,569.234000,27.799,1,1,0.099229,orb,1,0.9457943925233645,0.9974045138888888,5,0,1,,,177.24586486816406,235.43858337402344,180.7605429840088,258.1240916442871,-139.2394570159912,78.12409164428709,19.525989532470703,126.03060150146484,7,0.3644857372911316,0,0,0,prediction_stale,0,0.0
272,569.281000,40.948,1,4,0.054611,orb,1,0.9159663865546218,0.9998090277777778,5,1,0,203.5,193.5,184.6448974609375,229.11843872070312,189.1842999267578,249.86818069458008,-130.8157000732422,69.86818069458008,25.218902587890625,115.2763442993164,0,0.7914284170471152,-14,-14,0,tracking,0,0.0
273,569.312000,38.674,1,6,0.047743,orb,1,0.9656203288490284,1.0,5,1,0,208.0,195.5,190.2255859375,224.7852783203125,195.50954593658446,244.30828140258788,-124.49045406341554,64.30828140258788,29.35533332824707,108.46112823486328,0,0.6842731331833442,-14,-13,0,tracking,0,0.0
274,569.359000,33.392,1,5,0.036623,orb,1,0.9807976366322009,0.9989322916666666,5,1,0,213.5,195.5,195.7036895751953,223.44691467285156,201.6072575378418,241.99689987182617,-118.3927424621582,61.99689987182617,32.79759979248047,103.05547332763672,0,0.6267873352164013,-13,-12,0,tracking,0,0.0
275,569.390000,27.121,1,5,0.034880,orb,1,0.9760119940029985,0.9999652777777778,5,1,0,216.5,195.5,199.97726440429688,221.51393127441406,206.3656219482422,239.30064819335936,-113.6343780517578,59.300648193359365,35.490875244140625,98.81509399414062,0,0.6822384071812033,-12,-12,0,tracking,0,0.0
276,569.437000,28.037,1,5,0.038333,orb,1,0.9651515151515152,1.0,5,1,0,217.0,196.0,203.9635009765625,221.60511779785156,210.68955558776855,238.7285612487793,-109.31044441223145,58.7285612487793,37.36697006225586,95.13024139404297,0,0.681362902390982,-12,-11,0,tracking,0,0.0
277,569.468000,16.779,1,5,0.039867,orb,1,0.8933333333333333,0.9950607638888889,5,1,0,220.5,195.5,207.22802734375,220.57496643066406,214.25690704345703,237.1262776184082,-105.74309295654297,57.12627761840821,39.04933166503906,91.95172882080078,0,0.7155185503422201,-12,-11,0,tracking,0,0.0
278,569.515000,24.521,1,5,0.039675,orb,1,0.9102773246329527,0.996484375,5,1,0,224.0,197.0,210.9837188720703,221.31005859375,218.28368759155273,237.35506622314452,-101.71631240844727,57.35506622314452,40.555381774902344,89.13893127441406,0,0.704292468061589,-11,-11,0,tracking,0,0.0
279,569.562000,15.058,1,5,0.039418,orb,1,0.9178321678321678,0.9995572916666666,5,1,0,204.0,191.5,211.80960083007812,221.36827087402344,218.9597016143799,236.84009979248046,-101.0402983856201,56.84009979248046,39.722782135009766,85.95460510253906,0,0.6900099262899866,-11,-11,0,tracking,0,0.0
280,569.593000,35.143,1,3,0.027638,orb,1,0.9448275862068966,0.9987673611111111,5,1,0,258.5,264.5,218.17897033691406,228.6066436767578,226.0343460083008,244.70630142211914,-93.96565399169921,64.70630142211914,43.64097595214844,89.44254302978516,0,0.5655922673676261,-10,-13,0,tracking,0,0.0
281,569.640000,29.501,1,3,0.011669,orb,1,0.9792899408284024,0.9997829861111112,5,1,0,260.5,265.0,224.5883026123047,236.29415893554688,233.03287643432617,252.86478958129882,-86.96712356567383,72.86478958129882,46.91429901123047,92.0590591430664,0,0.5848107755133504,-10,-14,0,tracking,0,0.0
282,569.671000,28.251,1,0,0.008381,orb,1,0.9848024316109423,0.9979947916666667,5,0,1,,,226.0426483154297,239.1479949951172,234.48722213745117,255.71862564086913,-85.51277786254883,75.71862564086913,46.91429901123047,92.0590591430664,1,0.5621493579621621,-9,-15,0,tracking,0,0.0
283,569.718000,31.027,1,0,0.000000,orb,1,0.9855491329479769,1.0,5,0,1,,,228.24761962890625,243.4747772216797,236.69219345092773,260.04540786743166,-83.30780654907227,80.04540786743166,46.91429901123047,92.0590591430664,2,0.5277917249008173,-9,-16,0,tracking,0,0.0
284,569.765000,17.100,1,0,0.000000,orb,1,0.9815668202764977,1.0,5,0,1,,,230.4525909423828,247.8015594482422,238.8971647644043,264.37219009399416,-81.1028352355957,84.37219009399416,46.91429901123047,92.0590591430664,3,0.49343409183938935,-9,-16,0,tracking,0,0.0
285,569.796000,26.509,1,1,0.006516,orb,1,0.9733333333333334,0.9991579861111111,5,1,0,261.0,264.0,235.38970947265625,252.25289916992188,244.28028633117677,269.0281048583984,-75.71971366882323,89.02810485839842,49.392093658447266,93.19558715820312,0,0.6867669743107031,-8,-17,0,tracking,0,0.0
286,569.843000,30.647,1,0,0.007395,orb,1,0.9686520376175548,0.9982986111111111,5,0,1,,,237.7111358642578,256.6330871582031,246.60171272277833,273.4082928466797,-73.39828727722167,93.40829284667967,49.392093658447266,93.19558715820312,1,0.646419414570025,-8,-18,0,tracking,0,0.0
287,569.875000,24.770,1,0,0.001532,orb,1,0.9842180774748924,1.0,5,0,1,,,239.29168701171875,259.6153564453125,248.18226387023927,276.39056213378905,-71.81773612976073,96.39056213378905,49.392093658447266,93.19558715820312,2,0.6189487355975634,-8,-19,0,tracking,0,0.0
288,569.921000,34.773,1,0,0.000386,orb,1,0.9848024316109423,1.0,5,0,1,,,241.563720703125,263.90234375,250.45429756164552,280.67754943847655,-69.54570243835448,100.67754943847655,49.392093658447266,93.19558715820312,3,0.5794596345746558,-8,-20,0,tracking,0,0.0
289,569.953000,25.010,1,0,0.001264,orb,1,0.9757207890743551,0.9993923611111111,5,0,1,,,243.14427185058594,266.8846130371094,252.03484870910646,283.6598187255859,-67.96515129089354,103.65981872558592,49.392093658447266,93.19558715820312,4,0.5519889556022917,-7,-20,0,tracking,0,0.0
290,570.000000,15.165,1,3,0.022815,orb,1,0.9523809523809523,0.9974045138888888,5,1,0,262.0,265.5,247.72543334960938,270.4769287109375,256.8834641265869,287.1588851928711,-63.11653587341311,107.15888519287108,50.87794876098633,92.67753601074219,0,0.8612357544858862,-7,-20,0,tracking,0,0.0
291,570.031000,39.738,1,5,0.031884,orb,1,0.9554455445544554,1.0,5,1,0,265.0,264.0,251.25839233398438,272.1850280761719,260.64519073486326,288.7307225036621,-59.35480926513674,108.7307225036621,52.14888000488281,91.92052459716797,0,0.8477990987446862,-6,-20,0,tracking,0,0.0
292,570.078000,18.914,1,4,0.031549,orb,1,0.9145569620253164,1.0,5,1,0,269.0,264.0,255.49684143066406,275.0434265136719,265.08928398132326,291.4209367370606,-54.91071601867674,111.42093673706057,53.29134750366211,90.98616790771484,0,0.8407842866081744,-6,-20,0,tracking,0,0.0
293,570.125000,16.701,1,3,0.020405,orb,1,0.9744360902255639,0.9969791666666666,5,1,0,271.5,265.0,259.4915466308594,277.7391052246094,269.25277969360354,293.93755477905273,-50.74722030639646,113.93755477905273,54.22907257080078,89.99138641357422,0,0.7688277732711858,-6,-20,0,tracking,0,0.0
294,570.156000,40.044,1,0,0.001704,orb,1,0.9739413680781759,0.9982378472222222,5,0,1,,,261.1726379394531,280.5288391113281,270.9338710021973,296.7272886657715,-49.06612899780271,116.72728866577148,54.22907257080078,89.99138641357422,1,0.7390356970569762,-5,-20,0,tracking,0,0.0
295,570.203000,14.993,1,0,0.001420,orb,1,0.9787234042553191,0.9995486111111112,5,0,1,,,263.7214050292969,284.7584228515625,273.48263809204104,300.95687240600586,-46.51736190795896,120.95687240600586,54.22907257080078,89.99138641357422,2,0.6938670653772696,-5,-20,0,tracking,0,0.0
296,570.234000,14.746,1,0,0.001113,orb,1,0.9887165021156559,0.9986458333333333,5,0,1,,,265.4024963378906,287.54815673828125,275.1637294006348,303.7466062927246,-44.83627059936521,123.7466062927246,54.22907257080078,89.99138641357422,3,0.6640749891629509,-5,-20,0,tracking,0,0.0
297,570.281000,26.507,1,0,0.000929,orb,1,0.9916434540389972,0.9995920138888889,5,0,1,,,267.9512634277344,291.7777404785156,277.71249649047854,307.976190032959,-42.28750350952146,127.97619003295898,54.22907257080078,89.99138641357422,4,0.6189063574833535,-5,-20,0,tracking,0,0.0
298,570.312000,43.234,1,0,0.001198,orb,1,0.9885057471264368,0.9996354166666667,5,0,1,,,269.6323547363281,294.5674743652344,279.3935877990723,310.76592391967773,-40.60641220092771,130.76592391967773,54.22907257080078,89.99138641357422,5,0.5891142812690348,-4,-20,0,tracking,0,0.0
299,570.359000,20.040,1,0,0.006806,orb,1,0.9957627118644068,1.0,5,0,1,,,272.1811218261719,298.79705810546875,281.94235488891604,314.9955076599121,-38.05764511108396,134.9955076599121,54.22907257080078,89.99138641357422,6,0.5439456495893281,-4,-20,0,tracking,0,0.0
300,570.390000,17.976,1,3,0.014818,orb,1,0.9770290964777948,1.0,5,1,0,269.0,263.5,273.22088623046875,296.563232421875,282.9156684875488,312.241159362793,-37.08433151245117,132.24115936279298,53.859901428222656,87.09959411621094,0,0.7774338207424741,-4,-20,0,tracking,0,0.0
301,570.437000,37.281,1,3,0.016017,orb,1,0.9842857142857143,0.9998958333333333,5,1,0,267.0,264.5,274.6830139160156,296.2395935058594,284.26870948791503,311.46686813354495,-35.73129051208497,131.46686813354495,53.25386428833008,84.5959701538086,0,0.733070036161928,-4,-20,0,tracking,0,0.0
302,570.468000,16.674,1,3,0.019622,orb,1,0.9774647887323944,1.0,5,1,0,264.5,265.0,275.00482177734375,295.05902099609375,284.4562005615234,309.90195541381837,-35.54379943847658,129.90195541381837,52.507659912109375,82.46074676513672,0,0.7527821629681286,-4,-20,0,tracking,0,0.0
303,570.515000,16.225,1,3,0.019653,orb,1,0.98,1.0,5,1,0,262.0,265.0,275.835205078125,295.3433532714844,285.123267288208,309.82810180664063,-34.87673271179199,129.82810180664063,51.600345611572266,80.4708251953125,0,0.7207168606636212,-4,-20,0,tracking,0,0.0
304,570.562000,42.647,1,3,0.022691,orb,1,0.9722222222222222,1.0,5,1,0,260.0,266.0,276.4293212890625,295.80377197265625,285.5369639587402,309.96122817993165,-34.463036041259784,129.96122817993165,50.59801483154297,78.65253448486328,0,0.6881789544261672,-4,-20,0,tracking,0,0.0
305,570.593000,16.235,1,2,0.024063,orb,1,0.9808823529411764,1.0,5,1,0,271.5,265.5,277.38720703125,295.16497802734375,286.43512321472167,309.02147888183595,-33.56487678527833,129.02147888183595,50.26620101928711,76.98056030273438,0,0.5642279366423227,-4,-20,0,tracking,0,0.0
306,570.640000,15.377,1,2,0.029674,orb,1,0.9854651162790697,1.0,5,1,0,268.5,264.5,278.73748779296875,295.6982727050781,287.68740936279295,309.2561390686035,-32.31259063720705,129.2561390686035,49.72178649902344,75.32147979736328,0,0.6028250614028636,-4,-20,0,tracking,0,0.0
307,570.671000,26.171,1,4,0.031645,orb,1,0.9725036179450073,1.0,5,1,0,318.0,265.5,283.4891357421875,295.2644958496094,292.74791595458987,308.555982208252,-27.25208404541013,128.55598220825198,51.43766784667969,73.84159088134766,0,0.6518773057913746,-3,-20,0,tracking,0,0.0
308,570.718000,44.524,1,3,0.030447,orb,1,0.9737609329446064,1.0,5,1,0,315.0,270.0,288.2959289550781,296.375244140625,297.78260612487793,309.4416398620605,-22.21739387512207,129.44163986206053,52.70376205444336,72.5910873413086,0,0.6825106427038714,0,-20,0,tracking,0,0.0
309,570.765000,15.436,1,2,0.027031,orb,1,0.9783236994219653,1.0,5,1,0,311.5,265.5,292.4196472167969,297.0631103515625,302.06214897155763,309.8717379760742,-17.937851028442367,129.8717379760742,53.569454193115234,71.15904235839844,0,0.7174162071279395,0,-20,0,tracking,0,0.0
310,570.796000,16.070,1,2,0.022227,orb,1,0.9869186046511628,1.0,5,1,0,256.0,267.0,291.1920471191406,296.8215637207031,300.5625308227539,309.39968444824217,-19.4374691772461,129.39968444824217,52.05824279785156,69.87844848632812,0,0.602395753389586,0,-20,0,tracking,0,0.0
311,570.843000,40.620,1,2,0.025634,orb,1,0.9805097451274363,1.0,5,1,0,253.5,267.0,290.6773681640625,297.663330078125,299.7707704925537,310.0129187011719,-20.22922950744629,130.01291870117188,50.51890182495117,68.60882568359375,0,0.6161835490701413,0,-20,0,tracking,0,0.0
312,570.875000,16.662,1,2,0.028255,orb,1,0.9639498432601881,1.0,5,1,0,251.0,267.5,289.36767578125,297.5657043457031,298.18839401245117,309.7016116333008,-21.81160598754883,129.7016116333008,49.003990173339844,67.42170715332031,0,0.6087468655236306,0,-20,0,tracking,0,0.0
313,570.921000,24.726,1,4,0.046832,orb,1,0.8237179487179487,0.9933246527777778,5,1,0,247.5,267.5,288.56982421875,298.37286376953125,297.107652053833,310.2961169433594,-22.89234794616698,130.29611694335938,47.432376861572266,66.24029541015625,0,0.6082857177706734,0,-20,0,tracking,0,0.0
314,570.953000,26.211,1,4,0.030616,orb,1,0.9504,1.0,5,1,0,286.0,266.5,289.81494140625,298.22467041015625,298.32757553100583,309.93841567993167,-21.672424468994166,129.93841567993167,47.29241180419922,65.07636260986328,0,0.5668521436697875,0,-20,0,tracking,0,0.0
315,571.000000,16.039,1,3,0.029824,orb,1,0.9788273615635179,0.9993489583333334,5,1,0,304.0,263.5,292.8203430175781,298.81121826171875,301.404959564209,310.29760627746583,-18.59504043579102,130.29760627746583,47.69231414794922,63.81326675415039,0,0.5601984020491831,0,-20,0,tracking,0,0.0
316,571.031000,15.614,1,3,0.026914,orb,1,0.9670846394984326,1.0,5,1,0,301.0,262.5,294.72271728515625,298.3673095703125,303.34621856689455,309.6315155792236,-16.65378143310545,129.63151557922362,47.90834045410156,62.578922271728516,0,0.5716048705504733,0,-20,0,tracking,0,0.0
317,571.078000,40.485,1,4,0.027999,orb,1,0.9674267100977199,0.9984635416666666,5,1,0,298.0,260.0,297.0382080078125,298.7380065917969,305.6675430297852,309.76725830078124,-14.332456970214821,129.76725830078124,47.94075012207031,61.27362060546875,0,0.572689729883434,0,-20,0,tracking,0,0.0
318,571.125000,17.617,1,4,0.030177,orb,1,0.8029556650246306,0.999453125,5,1,0,272.5,272.5,297.6499938964844,299.83392333984375,306.1297871398926,310.70064811706544,-13.870212860107415,130.70064811706544,47.109962463378906,60.37069320678711,0,0.6623758894017279,0,-20,0,tracking,0,0.0
319,571.171000,15.208,1,5,0.032824,orb,1,0.931782945736434,0.9977864583333333,5,1,0,292.0,261.0,299.3455810546875,300.1013488769531,307.7825468444824,310.74009704589844,-12.217453155517603,130.74009704589844,46.872032165527344,59.104156494140625,0,0.650877975712313,0,-20,0,tracking,0,0.0
320,571.203000,34.758,1,6,0.037739,orb,1,0.9478672985781991,1.0,5,1,0,287.0,261.5,300.03363037109375,299.6183166503906,308.3969774627686,310.0417595672607,-11.603022537231425,130.04175956726073,46.46303939819336,57.908016204833984,0,0.6936052735775349,0,-20,0,tracking,0,0.0
321,571.234000,16.115,1,7,0.040169,orb,1,0.8380503144654088,1.0,5,1,0,282.5,261.5,300.3916320800781,299.1365966796875,308.6569749450684,309.35387977600095,-11.343025054931616,129.35387977600095,45.91857147216797,56.7626838684082,0,0.7047157825586938,0,-20,0,tracking,0,0.0
322,571.281000,16.058,1,5,0.035599,orb,1,0.9590551181102362,1.0,5,1,0,278.0,261.5,301.1644592285156,299.5300598144531,309.30461013793945,309.5418106842041,-10.695389862060551,129.5418106842041,45.223060607910156,55.6208381652832,0,0.6936908953984597,0,-20,0,tracking,0,0.0
323,571.312000,23.900,1,4,0.030904,orb,1,0.9619047619047619,0.9998350694444444,5,0,1,,,302.5663757324219,301.2543029785156,310.7065266418457,311.2660538482666,-9.293473358154301,131.2660538482666,45.223060607910156,55.6208381652832,1,0.666810373201715,0,-20,0,tracking,0,0.0
324,571.359000,15.379,1,3,0.028785,orb,1,0.9454545454545454,1.0,5,0,1,,,304.6918640136719,303.86846923828125,312.8320149230957,313.88022010803223,-7.167985076904301,133.88022010803223,45.223060607910156,55.6208381652832,2,0.6260560330970334,0,-20,0,tracking,0,0.0
325,571.390000,17.161,1,3,0.024253,orb,1,0.945226917057903,1.0,5,1,0,221.0,259.0,301.05517578125,302.8338623046875,308.7427476501465,312.597805557251,-11.257252349853502,132.59780555725098,42.70873260498047,54.2441291809082,0,0.5155902728675477,0,-20,0,tracking,0,0.0
326,571.437000,25.357,1,2,0.017144,orb,1,0.9795275590551181,1.0,5,1,0,263.5,260.5,300.7510070800781,302.760986328125,308.2316027069092,312.2901167297363,-11.7683972930908,132.29011672973633,41.55886459350586,52.939613342285156,0,0.5987696185373563,0,-20,0,tracking,0,0.0
327,571.484000,16.290,1,2,0.015705,orb,1,0.9472843450479234,0.9968489583333333,5,1,0,261.0,261.0,300.2984619140625,302.696533203125,307.5642377471924,311.9977350616455,-12.435762252807592,131.99773506164553,40.365421295166016,51.673343658447266,0,0.5956668180327107,0,-20,0,tracking,0,0.0
328,571.515000,16.639,1,2,0.017055,orb,1,0.9746031746031746,0.9996527777777777,5,1,0,246.0,264.5,298.4308166503906,302.0638122558594,305.4185401916504,311.1658045196533,-14.58145980834962,131.1658045196533,38.82068634033203,50.56662368774414,0,0.3335407680849878,0,-20,0,tracking,0,0.0
329,571.562000,40.840,1,2,0.014766,orb,1,0.976083707025411,1.0,5,1,0,244.0,262.5,297.1302490234375,302.1105041503906,303.8399614715576,311.00522903442385,-16.160038528442385,131.00522903442385,37.276180267333984,49.415138244628906,0,0.3896626508607315,0,-20,0,tracking,0,0.0
330,571.593000,15.861,1,1,0.011536,orb,1,0.9687010954616588,1.0,5,1,0,242.5,260.0,295.2634582519531,301.2779235839844,301.7046291351318,309.9625630950928,-18.295370864868175,129.96256309509278,35.78428268432617,48.24799728393555,0,0.448621742640831,0,-20,0,tracking,0,0.0
331,571.625000,16.636,1,1,0.012268,orb,1,0.9307086614173228,0.9955729166666667,5,1,0,241.0,259.5,293.47442626953125,300.52777099609375,299.6551552581787,309.0087802886963,-20.344844741821305,129.0087802886963,34.33738327026367,47.11671829223633,0,0.49296811185624523,0,-20,0,tracking,0,0.0
332,571.671000,25.536,1,1,0.012516,orb,1,0.9282296650717703,0.9921614583333334,5,1,0,240.5,259.0,292.1897888183594,300.40106201171875,298.11659286499025,308.67868896484373,-21.883407135009747,128.67868896484373,32.92668914794922,45.98681640625,0,0.5029826240058488,0,-20,0,tracking,0,0.0
333,571.718000,15.792,1,1,0.008095,orb,1,0.9784283513097073,1.0,5,1,0,249.0,257.5,291.405517578125,300.21368408203125,297.12581195831297,308.28330070495605,-22.874188041687034,128.28330070495605,31.7794132232666,44.83120346069336,0,0.46047197605625345,0,-20,0,tracking,0,0.0
334,571.750000,14.774,1,2,0.015590,orb,1,0.9698340874811463,1.0,5,1,0,237.5,256.5,289.6190185546875,299.34375,295.091176071167,307.209388961792,-24.908823928832987,127.209388961792,30.400875091552734,43.697994232177734,0,0.46932120944163835,0,-20,0,tracking,0,0.0
335,571.796000,25.980,1,2,0.018911,orb,1,0.9544740973312402,1.0,5,1,0,235.5,234.0,288.2028503417969,297.9391784667969,293.42603843688966,305.5027668762207,-26.573961563110345,125.50276687622068,29.017711639404297,42.019935607910156,0,0.28879469856379036,-3,-20,0,tracking,0,0.0
336,571.843000,15.318,1,3,0.023496,orb,1,0.953198127925117,0.9991753472222222,5,1,0,221.0,237.0,286.1097412109375,296.7421875,291.02729583740233,304.02533889770507,-28.972704162597665,124.02533889770507,27.319747924804688,40.461952209472656,0,0.19497898906416367,-3,-20,0,tracking,0,0.0
337,571.875000,15.125,1,5,0.036004,orb,1,0.8150470219435737,0.9959722222222223,5,1,0,233.0,232.0,284.3142395019531,294.7711486816406,288.99581157684327,301.7656295013428,-31.004188423156734,121.7656295013428,26.00873374938965,38.85822677612305,0,0.40380675005822975,-3,-20,0,tracking,0,0.0
338,571.921000,37.559,1,8,0.030820,orb,1,0.9614791987673343,1.0,5,1,0,213.0,260.5,281.94354248046875,294.7847595214844,286.30986358642576,301.62247024536134,-33.69013641357424,121.62247024536134,24.257339477539062,37.987281799316406,0,0.45412820956118016,-4,-20,0,tracking,0,0.0
339,571.953000,17.330,1,5,0.030187,orb,1,0.9647435897435898,1.0,5,1,0,259.5,223.5,281.5979919433594,292.4977111816406,285.8651731109619,299.0258718109131,-34.134826889038095,119.02587181091309,23.706562042236328,36.26755905151367,0,0.3324755471782269,-4,-20,0,tracking,0,0.0
340,572.000000,16.835,1,5,0.036897,orb,1,0.7145214521452146,1.0,5,1,0,234.5,228.0,280.3904113769531,291.01416015625,284.4523796081543,297.26053382873533,-35.547620391845726,117.26053382873533,22.566490173339844,34.70207595825195,0,0.2932237391249548,-4,-20,0,tracking,0,0.0
341,572.062000,31.276,1,5,0.032548,orb,1,0.9437299035369775,1.0,5,1,0,238.0,222.5,279.6574401855469,289.7250061035156,283.5309070587158,295.6671841430664,-36.4690929412842,115.66718414306638,21.51926040649414,33.01210021972656,0,0.41381575099215806,-4,-20,0,tracking,0,0.0
342,572.078000,15.575,1,3,0.033224,orb,1,0.9483568075117371,0.996875,5,1,0,238.0,178.5,278.022216796875,284.9862976074219,281.7206357574463,290.4627294921875,-38.2793642425537,110.46272949218752,20.546772003173828,30.42462158203125,0,0.22891624371055452,-4,-20,0,tracking,0,0.0
343,572.109000,15.741,1,3,0.029219,orb,1,0.9662379421221865,1.0,5,1,0,241.5,177.5,276.9373474121094,280.90521240234375,280.48341621398924,285.9370911026001,-39.516583786010756,105.9370911026001,19.700382232666016,27.95488166809082,0,0.25241390276325204,-4,-20,0,tracking,0,0.0
344,572.156000,16.346,1,4,0.027695,orb,1,0.968595041322314,1.0,5,1,0,235.5,177.5,275.9025573730469,277.37237548828125,279.27497352600096,281.9749967193604,-40.72502647399904,101.97499671936038,18.735645294189453,25.570117950439453,0,0.27511310708269077,-4,-20,0,tracking,0,0.0
345,572.203000,57.994,1,4,0.027604,orb,1,0.9478827361563518,1.0,5,1,0,231.0,178.0,274.6664123535156,273.9242248535156,277.8511792755127,278.11462772369384,-42.14882072448728,98.11462772369384,17.69314956665039,23.28001594543457,0,0.28258451208383684,-5,-19,0,tracking,0,0.0
346,572.234000,42.493,1,4,0.023212,orb,1,0.9636650868878357,1.0,5,1,0,226.0,177.0,272.9756774902344,270.2030944824219,275.96180507659915,273.99938274383544,-44.03819492340085,93.99938274383544,16.589597702026367,21.090490341186523,0,0.2776984673461619,-5,-18,0,tracking,0,0.0
348,572.312000,27.780,1,4,0.060151,orb,1,0.9222042139384117,0.9940190972222223,5,0,1,,,274.2696533203125,271.84814453125,277.2557809066773,275.64443279266357,-42.74421909332273,95.64443279266357,16.589597702026367,21.090490341186523,1,0.25062286677991996,-5,-19,0,tracking,0,0.0
349,572.359000,37.610,1,2,0.013264,orb,1,0.968595041322314,0.9980034722222222,5,1,0,217.5,165.5,272.23211669921875,267.5846862792969,274.96775136947633,270.9137627410889,-45.03224863052367,90.91376274108887,15.197970390319824,18.494869232177734,0,0.22445676134887704,-5,-18,0,tracking,0,0.0
350,572.390000,50.921,1,1,0.009792,orb,1,0.9637223974763407,1.0,5,1,0,214.5,180.5,269.906494140625,263.9459533691406,272.39340314865115,266.9004320907593,-47.606596851348854,86.9004320907593,13.816161155700684,16.41377067565918,0,0.1753974572691901,-5,-17,0,tracking,0,0.0
351,572.437000,31.770,1,1,0.008190,orb,1,0.9699367088607594,1.0,5,1,0,212.5,179.5,267.7735900878906,260.6334533691406,270.0129503440857,263.22456701278685,-49.98704965591429,83.22456701278685,12.440890312194824,14.395075798034668,0,0.19309828251362882,-5,-16,0,tracking,0,0.0
352,572.484000,29.579,1,1,0.006263,orb,1,0.983433734939759,1.0,5,1,0,210.5,161.5,265.59246826171875,256.5387268066406,267.58562713623047,258.7051242828369,-52.41437286376953,78.70512428283689,11.073104858398438,12.035541534423828,0,0.24860784688761395,-6,-15,0,tracking,0,0.0
353,572.515000,15.184,1,0,0.003182,orb,1,0.9109375,0.9997222222222222,5,0,1,,,265.93572998046875,256.9118347167969,267.92888885498047,259.07823219299314,-52.07111114501953,79.07823219299314,11.073104858398438,12.035541534423828,1,0.23897429282073473,-6,-15,0,tracking,0,0.0
354,572.562000,16.946,1,0,0.001611,orb,1,0.978125,0.9996006944444444,5,0,1,,,266.4561767578125,257.4775085449219,268.4493356323242,259.64390602111814,-51.55066436767578,79.64390602111814,11.073104858398438,12.035541534423828,2,0.2243685818160795,-6,-15,0,tracking,0,0.0
355,572.593000,35.708,1,0,0.001311,orb,1,0.983206106870229,1.0,5,0,1,,,266.7994384765625,257.8506164550781,268.7925973510742,260.0170139312744,-51.20740264892578,80.01701393127439,11.073104858398438,12.035541534423828,3,0.21473502774920028,-6,-16,0,tracking,0,0.0
356,572.640000,30.223,1,1,0.003155,orb,1,0.9942528735632183,1.0,5,1,0,204.5,174.0,264.0013122558594,253.95684814453125,265.7000699806213,255.7276344680786,-54.29993001937868,75.7276344680786,9.437542915344238,9.837701797485352,0,0.3577023273143557,-6,-15,0,tracking,0,0.0
357,572.671000,34.173,1,2,0.013932,orb,1,0.9809220985691574,1.0,5,1,0,203.0,169.0,261.1279602050781,249.85789489746094,262.54622941970825,251.238512506485,-57.453770580291746,71.238512506485,7.879273414611816,7.670097827911377,0,0.2637499104845692,-6,-14,0,tracking,0,0.0
358,572.718000,16.365,1,0,0.004206,orb,1,0.978021978021978,1.0,5,0,1,,,261.498291015625,250.2183837890625,262.91656023025513,251.59900139808656,-57.08343976974487,71.59900139808656,7.879273414611816,7.670097827911377,1,0.24825460324362983,-6,-14,0,tracking,0,0.0
359,572.750000,35.577,1,1,0.005117,orb,1,0.9786585365853658,1.0,5,1,0,199.5,170.0,258.4591979980469,246.2096405029297,259.58688982009886,247.21466284751892,-60.41311017990114,67.21466284751892,6.264954566955566,5.5834574699401855,0,0.3540613641511705,-7,-13,0,tracking,0,0.0
360,572.796000,17.405,1,0,0.004887,orb,1,0.9677914110429447,1.0,5,0,1,,,258.74737548828125,246.4664764404297,259.87506731033324,247.47149878501892,-60.124932689666764,67.47149878501892,6.264954566955566,5.5834574699401855,1,0.33370283571245646,-7,-13,0,tracking,0,0.0
361,572.828000,35.893,1,1,0.005443,orb,1,0.9769585253456221,1.0,5,1,0,196.0,168.5,255.549560546875,242.42640686035156,256.3784970283508,243.06054630279542,-63.62150297164919,63.060546302795416,4.605202674865723,3.5229969024658203,0,0.3666002105918462,-7,-12,0,tracking,0,0.0
362,572.875000,40.753,1,1,0.005217,orb,1,0.978494623655914,1.0,5,1,0,194.0,163.5,252.46182250976562,238.36094665527344,253.00104810237883,238.62410839557649,-66.99895189762117,58.624108395576485,2.9956977367401123,1.4620096683502197,0,0.3335169550289929,-7,-11,0,tracking,0,0.0
363,572.921000,17.483,1,0,0.005378,orb,1,0.9706362153344209,1.0,5,0,1,,,252.59962463378906,238.42819213867188,253.13885022640227,238.69135387897492,-66.86114977359773,58.69135387897492,2.9956977367401123,1.4620096683502197,1,0.31433973011480537,-7,-11,0,tracking,0,0.0
364,572.968000,32.018,1,2,0.006385,orb,1,0.8592,1.0,5,1,0,191.0,156.0,249.32516479492188,233.93348693847656,249.56654843568802,233.79867535829544,-70.43345156431198,53.79867535829544,1.3410202264785767,-0.7489532232284546,0,0.45135133191229015,-8,-10,0,tracking,0,0.0
365,573.000000,15.006,1,0,0.003841,orb,1,0.9384615384615385,1.0,5,0,1,,,249.36807250976562,233.90951538085938,249.60945615053177,233.77470380067825,-70.39054384946823,53.77470380067825,1.3410202264785767,-0.7489532232284546,1,0.4332972786357765,-8,-10,0,tracking,0,0.0
366,573.031000,15.162,1,0,0.001549,orb,1,0.9635258358662614,1.0,5,0,1,,,249.40963745117188,233.88629150390625,249.65102109193802,233.75147992372513,-70.34897890806198,53.75147992372513,1.3410202264785767,-0.7489532232284546,2,0.415807414524204,-8,-10,0,tracking,0,0.0
367,573.078000,39.387,1,0,0.000000,orb,1,0.9736842105263158,1.0,5,0,1,,,249.47267150878906,233.85108947753906,249.7140551495552,233.71627789735794,-70.28594485044479,53.71627789735794,1.3410202264785767,-0.7489532232284546,3,0.38929052377434253,-8,-10,0,tracking,0,0.0
368,573.109000,17.278,1,0,0.000243,orb,1,0.9836309523809523,1.0,5,0,1,,,249.5142364501953,233.82786560058594,249.75562009096146,233.69305402040482,-70.24437990903854,53.693054020404816,1.3410202264785767,-0.7489532232284546,4,0.3718006596627059,-8,-10,0,tracking,0,0.0
369,573.171000,16.076,1,0,0.000195,orb,1,0.9823269513991163,1.0,5,0,1,,,249.59738159179688,233.78143310546875,249.83876523256302,233.64662152528763,-70.16123476743698,53.64662152528763,1.3410202264785767,-0.7489532232284546,5,0.33682093143949676,-8,-10,0,tracking,0,0.0
370,573.187000,44.152,1,0,0.000000,orb,1,0.98,1.0,5,0,1,,,249.61883544921875,233.7694549560547,249.8602190899849,233.63464337587357,-70.1397809100151,53.634643375873566,1.3410202264785767,-0.7489532232284546,6,0.32779390480127196,-8,-10,0,tracking,0,0.0
371,573.234000,16.343,1,0,0.000000,orb,1,0.9941262848751835,1.0,5,0,1,,,249.68186950683594,233.7342529296875,249.92325314760208,233.59944134950638,-70.07674685239792,53.59944134950638,1.3410202264785767,-0.7489532232284546,7,0.30127701405141055,-8,-10,0,tracking,0,0.0
372,573.265000,15.989,1,0,0.000590,orb,1,0.9122807017543859,1.0,5,0,1,,,249.7234344482422,233.71102905273438,249.96481808900833,233.57621747255325,-70.03518191099167,53.57621747255325,1.3410202264785767,-0.7489532232284546,8,0.28378714993983806,-8,-10,0,tracking,0,0.0
373,573.312000,35.851,1,0,0.000877,orb,1,0.9914651493598862,1.0,5,0,1,,,249.78646850585938,233.6758270263672,250.02785214662552,233.54101544618607,-69.97214785337448,53.541015446186066,1.3410202264785767,-0.7489532232284546,9,0.25727025918997665,0,0,0,prediction_stale,0,0.0
374,573.375000,16.141,1,0,0.000629,orb,1,0.9914285714285714,1.0,5,0,1,,,249.87095642089844,233.62864685058594,250.11234006166458,233.49383527040482,-69.88765993833542,53.493835270404816,1.3410202264785767,-0.7489532232284546,10,0.22172634180189046,0,0,0,prediction_stale,0,0.0
375,573.390000,15.916,1,0,0.000000,orb,1,0.9888111888111888,1.0,5,0,1,,,249.8910675048828,233.61741638183594,250.13245114564896,233.48260480165482,-69.86754885435104,53.482604801654816,1.3410202264785767,-0.7489532232284546,11,0.21326350432854274,0,0,0,prediction_stale,0,0.0
376,573.437000,27.138,1,0,0.000000,orb,1,0.9929971988795518,1.0,5,0,1,,,249.9541015625,233.58221435546875,250.19548520326614,233.44740277528763,-69.80451479673386,53.44740277528763,1.3410202264785767,-0.7489532232284546,12,0.1867466135786813,0,0,0,prediction_stale,0,0.0
377,573.468000,16.765,1,0,0.000195,orb,1,0.99,1.0,5,0,1,,,,,,,,,0.0,0.0,13,0.0,0,0,0,lost,0,0.0
378,573.515000,15.462,1,0,0.000000,orb,1,0.990358126721763,1.0,,0,0,,,,,,,,,0.0,0.0,0,0.0,0,0,0,lost,0,0.0
379,573.546000,26.757,1,0,0.000000,orb,1,0.9971830985915493,1.0,,0,0,,,,,,,,,0.0,0.0,0,0.0,0,0,0,lost,0,0.0
380,573.593000,15.860,1,0,0.000195,orb,1,0.9958620689655172,1.0,,0,0,,,,,,,,,0.0,0.0,0,0.0,0,0,0,lost,0,0.0
381,573.640000,17.134,1,0,0.000291,orb,1,0.9972789115646259,1.0,,0,0,,,,,,,,,0.0,0.0,0,0.0,0,0,0,lost,0,0.0
382,573.671000,26.266,1,1,0.008268,orb,1,0.9932157394843962,1.0,6,1,0,261.5,20.0,261.5,20.0,261.5,20.0,-58.5,-160.0,0.0,0.0,0,0.913452380952381,-6,20,0,tracking,0,0.0
383,573.718000,16.131,1,0,0.000000,orb,1,0.9932432432432432,1.0,6,0,1,,,261.5,20.0,261.5,20.0,-58.5,-160.0,0.0,0.0,1,0.8597870535715294,-6,20,0,tracking,0,0.0
384,573.765000,18.107,1,0,0.000000,orb,1,0.9960106382978723,1.0,6,0,1,,,261.5,20.0,261.5,20.0,-58.5,-160.0,0.0,0.0,2,0.8061217261905479,-6,20,0,tracking,0,0.0
385,573.796000,63.480,1,0,0.000000,orb,1,0.9986263736263736,1.0,6,0,1,,,261.5,20.0,261.5,20.0,-58.5,-160.0,0.0,0.0,3,0.7707254464285714,-6,20,0,tracking,0,0.0
387,573.875000,14.821,1,0,0.002930,orb,1,0.9815602836879432,0.9997309027777778,6,0,1,,,261.5,20.0,261.5,20.0,-58.5,-160.0,0.0,0.0,4,0.6805220238095799,-6,20,0,tracking,0,0.0
388,573.921000,25.987,1,2,0.007743,orb,1,0.9930651872399445,0.9989236111111112,6,1,0,179.0,153.0,199.87840270996094,119.34147644042969,197.26708572387696,123.55123584747315,-122.73291427612304,-56.44876415252685,-14.507316589355469,23.38755226135254,0,0.33724475162029743,-13,11,0,tracking,0,0.0
389,573.953000,44.132,1,3,0.023325,orb,1,0.9780380673499268,1.0,6,1,0,184.5,153.0,192.9696044921875,134.31068420410156,189.96047840118408,139.3982632446289,-130.03952159881592,-40.60173675537109,-16.71736717224121,28.264328002929688,0,0.5161347217444718,-14,8,0,tracking,0,0.0
390,574.000000,35.029,1,4,0.040738,orb,1,0.9875,1.0,6,1,0,172.5,214.0,186.0579833984375,160.02609252929688,182.3866041946411,167.75007926940918,-137.6133958053589,-12.249920730590816,-20.39655113220215,42.91103744506836,0,0.391447621333913,-15,0,0,tracking,0,0.0
391,574.031000,16.831,1,5,0.051897,orb,1,0.9858712715855573,1.0,6,1,0,181.5,215.5,184.46217346191406,174.645263671875,180.64864490509032,184.32979568481446,-139.35135509490968,4.3297956848144565,-21.186269760131836,53.802955627441406,0,0.5779633852020472,-15,0,0,tracking,0,0.0
392,574.078000,32.740,1,5,0.061385,orb,1,0.989010989010989,1.0,6,1,0,194.5,221.5,185.81150817871094,186.59512329101562,182.49762546539307,198.28691925048827,-137.50237453460693,18.286919250488268,-18.410459518432617,64.95442199707031,0,0.686710982363152,-15,-4,0,tracking,0,0.0
393,574.109000,14.930,1,2,0.067717,orb,1,0.995260663507109,1.0,6,0,1,,,185.24078369140625,188.60870361328125,181.92690097808838,200.3004995727539,-138.07309902191162,20.300499572753893,-18.410459518432617,64.95442199707031,1,0.660100931796526,-15,-4,0,tracking,0,0.0
394,574.156000,37.287,1,2,0.068889,orb,1,0.9910979228486647,1.0,6,0,1,,,184.37548828125,191.66156005859375,181.06160556793213,203.3533560180664,-138.93839443206787,23.353356018066393,-18.410459518432617,64.95442199707031,2,0.6197566615827665,-15,-5,0,tracking,0,0.0
395,574.203000,33.209,1,4,0.068997,orb,1,0.9763663220088626,1.0,6,1,0,175.5,204.5,181.59825134277344,197.0501251220703,177.67371520996093,209.48792022705078,-142.32628479003907,29.48792022705078,-21.802978515625,69.09886169433594,0,0.8360707713981642,-16,-6,0,tracking,0,0.0
396,574.234000,15.629,1,2,0.069030,orb,1,0.9855282199710564,0.9992708333333333,6,0,1,,,180.92236328125,199.1921844482422,176.9978271484375,211.62997955322265,-143.0021728515625,31.629979553222654,-21.802978515625,69.09886169433594,1,0.8036730290064198,-16,-6,0,tracking,0,0.0
397,574.281000,39.775,1,2,0.068390,orb,1,0.9722607489597781,1.0,6,0,1,,,179.8976287841797,202.43983459472656,175.97309265136718,214.87762969970703,-144.02690734863282,34.87762969970703,-21.802978515625,69.09886169433594,2,0.7545538711868698,-16,-7,0,tracking,0,0.0
398,574.312000,16.411,1,2,0.066662,orb,1,0.9756446991404012,1.0,6,0,1,,,179.22174072265625,204.58189392089844,175.29720458984374,217.0196890258789,-144.70279541015626,37.019689025878904,-21.802978515625,69.09886169433594,3,0.7221561287951254,-16,-7,0,tracking,0,0.0
399,574.359000,39.512,1,4,0.064865,orb,1,0.9814550641940085,1.0,6,1,0,186.0,172.5,180.52210998535156,197.3022003173828,177.3541524887085,206.31444046020508,-142.6458475112915,26.314440460205077,-17.599763870239258,50.06800079345703,0,0.7931957089893952,-16,-5,0,tracking,0,0.0
400,574.390000,43.791,1,4,0.060100,orb,1,0.957613814756672,1.0,6,1,0,205.5,268.5,186.3539581298828,216.25637817382812,185.23378078460692,230.85637741088868,-134.76621921539308,50.85637741088868,-6.223207473754883,81.1111068725586,0,0.4192017330919606,-15,-10,0,tracking,0,0.0
401,574.437000,34.691,1,7,0.052214,orb,1,0.9767123287671233,1.0,6,1,0,197.5,172.5,188.6680908203125,209.2286376953125,188.37059502363206,220.40741195678712,-131.62940497636794,40.407411956787115,-1.6527544260025024,62.10430145263672,0,0.64304888193714,-14,-8,0,tracking,0,0.0
402,574.468000,28.689,1,8,0.046823,orb,1,0.9793956043956044,1.0,6,1,0,202.0,172.5,191.3269805908203,203.32635498046875,191.87575313091278,212.0608950805664,-128.12424686908722,32.06089508056641,3.048736333847046,48.52522277832031,0,0.7050932173869128,-14,-6,0,tracking,0,0.0
403,574.515000,26.830,1,8,0.043828,orb,1,0.9782608695652174,1.0,6,1,0,207.5,174.0,194.552978515625,199.52865600585938,196.04817399978637,206.39706115722657,-123.95182600021363,26.397061157226574,8.306641578674316,38.157806396484375,0,0.7203886550411178,-14,-5,0,tracking,0,0.0
404,574.562000,31.437,1,8,0.042253,orb,1,0.9758308157099698,1.0,6,1,0,212.5,170.5,198.17306518554688,195.652099609375,200.6394151687622,200.815563621521,-119.36058483123779,20.815563621520994,13.701944351196289,28.685911178588867,0,0.6819676719843711,-13,-4,0,tracking,0,0.0
405,574.593000,27.965,1,7,0.036096,orb,1,0.9627329192546584,0.9952430555555556,6,1,0,215.5,171.0,201.4604034423828,192.21563720703125,204.77529312133788,196.09684841156005,-115.22470687866212,16.096848411560046,18.416053771972656,21.562284469604492,0,0.7110092265468302,-13,0,0,tracking,0,0.0
406,574.640000,33.620,1,6,0.033715,orb,1,0.9607535321821036,1.0,6,1,0,218.0,171.5,204.90994262695312,189.64686584472656,208.9733459472656,192.49040599823,-111.02665405273439,12.490405998229988,22.574462890625,15.797445297241211,0,0.7482170933941898,-12,0,0,tracking,0,0.0
407,574.671000,29.477,1,3,0.030308,orb,1,0.9486356340288925,0.9962760416666666,6,1,0,247.0,244.5,211.98342895507812,198.5079803466797,217.86384117126465,203.73804485321045,-102.13615882873535,23.738044853210454,32.6689567565918,29.0559139251709,0,0.37151113987828555,-11,-5,0,tracking,0,0.0
408,574.718000,28.396,1,2,0.026738,orb,1,0.9574132492113565,0.9940711805555555,6,1,0,250.0,245.5,219.041748046875,206.78097534179688,226.4569839477539,213.93062088012695,-93.54301605224609,33.93062088012695,41.19575500488281,39.720252990722656,0,0.5004695128375838,-10,-7,0,tracking,0,0.0
409,574.750000,26.426,1,2,0.023772,orb,1,0.9818181818181818,0.9992621527777777,6,1,0,252.5,246.5,224.95860290527344,213.55316162109375,233.62887092590333,222.20416030883788,-86.37112907409667,42.204160308837885,48.168155670166016,48.06110382080078,0,0.5702146890634702,-9,-8,0,tracking,0,0.0
410,574.796000,26.909,1,2,0.024238,orb,1,0.9812138728323699,0.998828125,6,1,0,255.0,246.0,231.0990447998047,220.02867126464844,240.81198471069337,229.81266181945801,-79.18801528930663,49.812661819458015,53.960777282714844,54.35550308227539,0,0.6532182150334218,-9,-10,0,tracking,0,0.0
411,574.828000,33.968,1,2,0.022619,orb,1,0.9636075949367089,0.9978125,6,1,0,258.0,246.5,236.20196533203125,225.0849151611328,246.7948126220703,235.7333553314209,-73.20518737792969,55.73335533142091,58.849151611328125,59.15800094604492,0,0.6938333447061437,-8,-11,0,tracking,0,0.0
412,574.875000,28.374,1,3,0.014758,orb,1,0.9882005899705014,0.9990451388888889,6,1,0,243.5,244.5,239.57057189941406,230.0774688720703,250.31603576660157,241.2860723876953,-69.68396423339843,61.2860723876953,59.697021484375,62.27001953125,0,0.6635445986841753,-8,-12,0,tracking,0,0.0
413,574.921000,24.278,1,1,0.008111,orb,1,0.9723076923076923,0.997421875,6,1,0,245.5,246.0,242.73446655273438,234.6558074951172,253.58266700744628,246.28583419799804,-66.41733299255372,66.28583419799804,60.26778030395508,64.61125946044922,0,0.6737122638287601,-7,-13,0,tracking,0,0.0
414,574.953000,35.018,1,2,0.012610,orb,1,0.9852289512555391,0.998125,6,1,0,248.0,247.0,245.08082580566406,238.010009765625,256.02967613220216,249.95000198364258,-63.970323867797845,69.95000198364258,60.82694625854492,66.33329010009766,0,0.755861471404606,-7,-14,0,tracking,0,0.0
415,575.000000,14.524,1,3,0.017735,orb,1,0.9575856443719413,0.9975347222222222,6,1,0,249.5,245.5,248.1333770751953,241.67042541503906,259.1275089263916,253.73730697631837,-60.87249107360839,73.73730697631837,61.07851028442383,67.0382308959961,0,0.807190629217345,-7,-14,0,tracking,0,0.0
416,575.031000,36.314,1,4,0.020746,orb,1,0.9785276073619632,0.996484375,6,1,0,251.5,244.5,250.20140075683594,243.83766174316406,261.23555305480954,255.9249559020996,-58.76444694519046,75.92495590209961,61.300846099853516,67.1516342163086,0,0.8610387340007897,-6,-15,0,tracking,0,0.0
417,575.078000,14.937,1,3,0.021117,orb,1,0.9572107765451664,0.9968663194444445,6,1,0,254.0,243.5,253.19049072265625,246.5827178955078,264.2486653137207,258.5785330200195,-55.75133468627928,78.5785330200195,61.434303283691406,66.64341735839844,0,0.8717669770194174,-6,-15,0,tracking,0,0.0
418,575.109000,88.311,1,2,0.017241,orb,1,0.9785604900459418,0.9971527777777778,6,1,0,256.5,245.0,255.2532196044922,248.2376708984375,266.3459379577637,260.1437812805176,-53.65406204223632,80.1437812805176,61.62621307373047,66.14505767822266,0,0.8700185413234752,-6,-16,0,tracking,0,0.0
420,575.203000,34.498,1,8,0.049405,orb,1,0.9143356643356644,0.9949131944444445,6,1,0,261.0,244.0,261.0404052734375,253.16688537597656,272.1319570159912,264.8083529663086,-47.86804298400881,84.80835296630858,61.61973190307617,64.67481994628906,0,0.8938345240731397,-5,-16,0,tracking,0,0.0
421,575.234000,36.029,1,2,0.018498,orb,1,0.976303317535545,0.9948307291666667,6,1,0,265.0,244.0,263.18988037109375,253.86756896972656,274.32959136962893,265.2465045166016,-45.67040863037107,85.24650451660159,61.88728332519531,63.21630859375,0,0.8370927527406198,-5,-17,0,tracking,0,0.0
422,575.281000,14.973,1,2,0.023162,orb,1,0.9738134206219312,0.9957638888888889,6,1,0,267.5,244.0,266.2592468261719,255.3668975830078,277.4303505706787,266.4582371520996,-42.569649429321316,86.45823715209963,62.06168746948242,61.618553161621094,0,0.860065893200749,-5,-17,0,tracking,0,0.0
423,575.312000,34.430,1,3,0.023871,orb,1,0.9437086092715232,0.9958506944444444,6,1,0,270.5,243.5,268.43609619140625,255.7730712890625,279.65568878173826,266.57607330322264,-40.34431121826174,86.57607330322264,62.33106994628906,60.01667785644531,0,0.863421921354701,-4,-17,0,tracking,0,0.0
424,575.359000,15.996,1,3,0.023716,orb,1,0.9702194357366771,0.9959375,6,1,0,273.0,243.5,271.5414123535156,256.9706726074219,282.79376617431643,267.47111320495605,-37.20623382568357,87.47111320495605,62.51307678222656,58.33578109741211,0,0.8443980201419669,-4,-17,0,tracking,0,0.0
425,575.390000,15.687,1,3,0.024183,orb,1,0.9822866344605475,0.9959114583333334,6,1,0,276.0,241.5,273.7384948730469,257.00244140625,285.038296585083,267.1776338195801,-34.961703414917,87.17763381958008,62.776676177978516,56.528846740722656,0,0.8411951955965662,-4,-17,0,tracking,0,0.0
426,575.437000,43.625,1,3,0.023241,orb,1,0.971342383107089,0.9972395833333333,6,1,0,279.0,241.5,276.9236145019531,257.81573486328125,288.2652370452881,267.6623090362549,-31.734762954711925,87.6623090362549,63.00901412963867,54.703189849853516,0,0.8395564690804078,-3,-17,0,tracking,0,0.0
427,575.484000,16.051,1,3,0.023947,orb,1,0.9687964338781575,0.9984895833333334,6,1,0,281.5,241.5,280.0467834472656,258.4953308105469,291.4164877319336,268.01348930358887,-28.583512268066386,88.01348930358887,63.16502380371094,52.878658294677734,0,0.8336448445390396,-3,-17,0,tracking,0,0.0
428,575.515000,14.812,1,5,0.026481,orb,1,0.9680365296803652,0.9984722222222222,6,1,0,284.0,239.0,282.1965637207031,258.10443115234375,293.59898735046386,267.27598541259766,-26.401012649536142,87.27598541259766,63.346797943115234,50.95307922363281,0,0.826704525820847,-3,-17,0,tracking,0,0.0
429,575.562000,49.164,1,4,0.024181,orb,1,0.9699248120300752,0.9961848958333334,6,1,0,286.5,236.0,285.2997741699219,258.1732177734375,296.72316452026365,266.9574366760254,-23.27683547973635,86.9574366760254,63.463279724121094,48.80121612548828,0,0.785876055263861,0,-17,0,tracking,0,0.0
430,575.593000,14.891,1,1,0.018658,orb,1,0.9657738095238095,0.995625,6,1,0,316.0,248.0,289.89111328125,258.6188659667969,301.7445071411133,267.2281962585449,-18.255492858886726,87.22819625854493,65.85218811035156,47.829612731933594,0,0.5769136184804375,0,-17,0,tracking,0,0.0
431,575.640000,15.607,1,4,0.020611,orb,1,0.9773413897280967,0.9969097222222222,6,1,0,290.5,237.0,292.76141357421875,258.7093200683594,304.57884094238284,266.97337341308594,-15.42115905761716,86.97337341308594,65.65237426757812,45.911407470703125,0,0.7237696338372746,0,-17,0,tracking,0,0.0
432,575.671000,39.803,1,1,0.023918,orb,1,0.9715994020926756,0.9948046875,6,1,0,319.5,249.0,296.94976806640625,259.1622619628906,309.1065466308594,267.2733863067627,-10.893453369140616,87.27338630676269,67.53765869140625,45.06180191040039,0,0.6276604962858346,0,-17,0,tracking,0,0.0
433,575.718000,15.253,1,2,0.033191,orb,1,0.9457831325301205,0.9928993055555555,6,1,0,324.5,231.0,302.2297058105469,258.6644592285156,314.7109326171875,266.37254875183106,-5.2890673828125045,86.37254875183106,69.34014892578125,42.82271957397461,0,0.6885716633608991,0,-17,0,tracking,0,0.0
434,575.750000,15.315,1,3,0.026634,orb,1,0.9712990936555891,0.9956814236111111,6,1,0,324.5,249.5,306.1246032714844,259.15423583984375,318.86022399902345,266.7286698150635,-1.1397760009765534,86.72866981506348,70.75344848632812,42.0801887512207,0,0.668245303635732,0,-17,0,tracking,0,0.0
435,575.796000,40.099,1,5,0.034561,orb,1,0.9145569620253164,0.9963628472222222,6,1,0,300.0,235.5,308.6028137207031,258.97149658203125,321.2230436706543,266.23110427856443,1.223043670654306,86.23110427856443,70.11238861083984,40.331153869628906,0,0.6766422165559854,0,-17,0,tracking,0,0.0
436,575.843000,16.409,1,5,0.034263,orb,1,0.9336569579288025,0.9956770833333334,6,1,0,303.5,236.0,311.208984375,258.8265380859375,323.72895034790037,265.78926155090335,3.7289503479003656,85.78926155090335,69.55536651611328,38.68179702758789,0,0.6940402357290401,0,-17,0,tracking,0,0.0
437,575.875000,14.493,1,5,0.036539,orb,1,0.9153605015673981,0.9957725694444445,6,1,0,306.5,236.5,312.8833312988281,258.190673828125,325.32419158935545,264.884596862793,5.324191589355451,84.88459686279299,69.11589050292969,37.18846130371094,0,0.7505638769802465,0,-17,0,tracking,0,0.0
438,575.921000,40.492,1,4,0.036506,orb,1,0.9291338582677166,0.9971527777777778,6,1,0,310.0,235.5,315.5851135253906,257.97930908203125,327.95880615234375,264.40289085388184,7.9588061523437545,84.40289085388184,68.74273681640625,35.68656539916992,0,0.7992163799705629,0,-16,0,tracking,0,0.0
439,575.953000,15.684,1,5,0.036981,orb,1,0.9190031152647975,0.9957291666666667,6,1,0,315.0,241.0,317.57196044921875,257.73590087890625,329.9161053466797,263.9672164154053,9.916105346679672,83.96721641540529,68.57858276367188,34.6184196472168,0,0.6909070948175864,0,-16,0,tracking,0,0.0
440,576.000000,15.165,1,3,0.040768,orb,1,0.8599670510708401,0.9986197916666667,6,1,0,419.0,223.0,328.24951171875,256.6028137207031,341.60849533081057,262.4583576965332,21.60849533081057,82.4583576965332,74.2165756225586,32.530799865722656,0,0.32697526153154,0,-16,0,tracking,0,0.0
441,576.031000,38.973,1,6,0.052564,orb,1,0.9674418604651163,0.9937369791666667,6,1,0,322.0,244.0,329.92034912109375,256.6085510253906,343.1946322631836,262.3292594528198,23.19463226318362,82.32925945281983,73.74601745605469,31.781713485717773,0,0.8374809682959891,0,-16,0,tracking,0,0.0
442,576.078000,39.288,1,3,0.036970,orb,1,0.9044585987261147,0.9973090277777777,6,1,0,425.5,223.0,340.12884521484375,255.5329132080078,354.29336151123044,260.91437480926515,34.293361511230444,80.91437480926515,78.69175720214844,29.897008895874023,0,0.3855442677678558,4,-16,0,tracking,0,0.0
443,576.109000,35.450,1,3,0.040182,orb,1,0.8447412353923205,1.0,6,1,0,428.0,223.0,348.64544677734375,254.07957458496094,363.6029864501953,259.1504447937012,43.60298645019532,79.15044479370118,83.09744262695312,28.17150115966797,0,0.4414225450050846,5,-15,0,tracking,0,0.0
444,576.156000,34.742,1,3,0.039848,orb,1,0.893581081081081,1.0,6,1,0,431.0,222.0,358.0992736816406,253.04119873046875,373.7683497619629,257.8090962219238,53.768349761962895,77.80909622192382,87.05042266845703,26.488319396972656,0,0.46683679308811543,6,-15,0,tracking,0,0.0
445,576.187000,28.208,1,3,0.040157,orb,1,0.890625,0.9995572916666666,6,1,0,435.0,222.0,365.904052734375,251.66973876953125,382.22070693969727,256.15956680297853,62.220706939697266,76.15956680297853,90.64807891845703,24.94348907470703,0,0.4871522247310448,7,-15,0,tracking,0,0.0
446,576.265000,15.051,1,3,0.034104,orb,1,0.9789303079416531,0.9961241319444445,6,1,0,341.5,243.5,370.73260498046875,252.89479064941406,386.7725946044922,257.29570392608645,66.77259460449221,77.29570392608645,89.11105346679688,24.44951820373535,0,0.7533322035246567,7,-15,0,tracking,0,0.0
447,576.281000,15.341,1,8,0.059620,orb,1,0.8693623639191291,0.9934809027777778,6,1,0,344.5,244.0,370.28131103515625,252.65577697753906,386.0909146118164,256.9793406677246,66.0909146118164,76.97934066772461,87.83113098144531,24.019798278808594,0,0.7579507233537142,7,-15,0,tracking,0,0.0
448,576.312000,29.050,1,2,0.044264,orb,1,0.8993610223642172,0.9941796875,6,1,0,382.0,252.5,373.5987548828125,253.3408660888672,389.4806155395508,257.6571976852417,69.4806155395508,77.65719768524173,88.23255920410156,23.9796199798584,0,0.7272462975109775,8,-15,0,tracking,0,0.0
449,576.359000,26.431,1,2,0.032109,orb,1,0.9046875,1.0,6,1,0,446.0,222.5,382.2348327636719,252.3653564453125,398.6541377258301,256.429967918396,78.65413772583008,76.42996791839602,91.2183609008789,22.581174850463867,0,0.43433590122597776,9,-15,0,tracking,0,0.0
450,576.390000,14.708,1,3,0.031142,orb,1,0.9417637271214643,0.9987152777777778,6,1,0,448.0,221.5,389.098876953125,251.04103088378906,405.9968301391602,254.86558284759522,85.99683013916018,74.86558284759522,93.87751770019531,21.24751091003418,0,0.47519284277198937,9,-15,0,tracking,0,0.0
451,576.437000,33.207,1,1,0.025815,orb,1,0.9512195121951219,0.9990104166666667,6,0,1,,,393.5111083984375,252.03965759277344,410.4090615844727,255.8642095565796,90.40906158447268,75.8642095565796,93.87751770019531,21.24751091003418,1,0.44727526325911987,10,-15,0,tracking,0,0.0
452,576.468000,37.963,1,2,0.026398,orb,1,0.968,0.9980208333333334,6,1,0,453.0,221.5,400.1715393066406,250.63040161132812,417.50377380371094,254.2154842376709,97.50377380371094,74.21548423767089,96.29019165039062,19.917125701904297,0,0.5619379155390334,11,-14,0,tracking,0,0.0
453,576.515000,38.884,1,2,0.019032,orb,1,0.9743975903614458,0.9997569444444444,6,1,0,393.0,251.5,403.9280090332031,251.5621337890625,421.17243255615233,255.1467172241211,101.17243255615233,75.14671722412109,95.80235290527344,19.914352416992188,0,0.7376471420321022,11,-15,0,tracking,0,0.0
454,576.562000,30.714,1,2,0.019462,orb,1,0.9794303797468354,1.0,6,1,0,440.5,253.0,410.522216796875,252.5308380126953,428.0021377563477,256.1191070175171,108.00213775634768,76.11910701751708,97.11067199707031,19.93482780456543,0,0.6557846859911454,12,-15,0,tracking,0,0.0
455,576.593000,15.860,1,1,0.017775,orb,1,0.972809667673716,0.999921875,6,1,0,387.5,251.5,411.8800354003906,253.0441436767578,429.17550552368164,256.6207300949097,109.17550552368164,76.62073009490967,96.08594512939453,19.869924545288086,0,0.5729098152517151,12,-15,0,tracking,0,0.0
456,576.640000,14.797,1,2,0.017445,orb,1,0.974960876369327,0.9994010416666667,6,1,0,399.0,251.5,415.2996520996094,253.82183837890625,432.47431518554686,257.38121608734133,112.47431518554686,77.38121608734133,95.414794921875,19.774320602416992,0,0.7747375685596766,12,-15,0,tracking,0,0.0
457,576.671000,14.404,1,1,0.019171,orb,1,0.9845440494590417,1.0,6,1,0,391.0,252.5,416.58294677734375,254.31597900390625,433.57461334228515,257.8623667526245,113.57461334228515,77.8623667526245,94.39814758300781,19.7021541595459,0,0.6449655734031258,12,-15,0,tracking,0,0.0
458,576.734000,32.163,1,2,0.021684,orb,1,0.984472049689441,1.0,6,1,0,446.0,247.5,423.9888916015625,255.056396484375,441.13744567871095,258.5489247894287,121.13744567871095,78.54892478942872,95.26974487304688,19.402935028076172,0,0.6853861293330292,13,-15,0,tracking,0,0.0
459,576.750000,27.125,1,3,0.020602,orb,1,0.975867269984917,0.9996180555555556,6,1,0,447.5,247.0,426.8232116699219,254.8683319091797,444.112100982666,258.30745738983154,124.11210098266599,78.30745738983154,96.04938507080078,19.106252670288086,0,0.7061781245056252,14,-15,0,tracking,0,0.0
460,576.796000,15.025,1,1,0.015330,orb,1,0.9851411589895989,1.0,6,1,0,397.5,252.5,429.2442626953125,255.5550079345703,446.32146194458005,258.9737606430054,126.32146194458005,78.97376064300539,94.87332916259766,18.993070602416992,0,0.5916545693746458,14,-15,0,tracking,0,0.0
461,576.843000,15.196,1,1,0.022001,orb,1,0.968421052631579,1.0,6,1,0,416.5,252.0,432.6907043457031,256.1858825683594,449.6616987609863,259.57717735290527,129.66169876098633,79.57717735290527,94.2833023071289,18.840526580810547,0,0.6302526013380381,14,-15,0,tracking,0,0.0
462,576.890000,30.912,1,3,0.022600,orb,1,0.9801829268292683,1.0,6,1,0,450.5,253.0,437.9049072265625,256.8331298828125,454.9571826171875,260.1996879196167,134.95718261718753,80.19968791961668,94.73486328125,18.703100204467773,0,0.7556760458997471,15,-16,0,tracking,0,0.0
463,576.921000,15.200,1,1,0.023138,orb,1,0.9797687861271677,1.0,6,1,0,420.5,251.5,439.6786193847656,257.0748596191406,456.61091720581055,260.4065425872803,136.61091720581055,80.40654258728028,94.06832122802734,18.509349822998047,0,0.6596313712524253,15,-16,0,tracking,0,0.0
464,576.953000,15.039,1,2,0.022101,orb,1,0.9821958456973294,1.0,6,1,0,450.5,252.5,443.1261291503906,257.37786865234375,460.1032511901856,260.6798998641968,140.10325119018557,80.67989986419678,94.31734466552734,18.34461784362793,0,0.7862084525755143,15,-16,0,tracking,0,0.0
465,577.000000,56.032,1,2,0.022370,orb,1,0.9666160849772383,1.0,6,1,0,457.0,252.5,448.08544921875,257.9200134277344,465.1160430908203,261.189534034729,145.1160430908203,81.18953403472898,94.61441040039062,18.164003372192383,0,0.7538418305954955,16,-16,0,tracking,0,0.0
466,577.031000,15.375,1,2,0.018416,orb,1,0.9785932721712538,1.0,6,1,0,461.0,246.0,451.5633239746094,257.80169677734375,468.6489469909668,261.0023959350586,148.6489469909668,81.00239593505859,94.92012786865234,17.781661987304688,0,0.6705448328990143,16,-16,0,tracking,0,0.0
467,577.078000,26.972,1,2,0.018285,orb,1,0.9756468797564688,0.9997743055555556,6,1,0,461.0,258.5,456.29522705078125,258.62994384765625,473.4079602050781,261.82989421844485,153.4079602050781,81.82989421844485,95.07073974609375,17.777502059936523,0,0.7710641423187596,17,-16,0,tracking,0,0.0
468,577.109000,14.952,1,2,0.018021,orb,1,0.9804511278195489,1.0,6,1,0,462.5,252.0,459.41607666015625,258.79827880859375,476.54611053466795,261.9600904846191,156.54611053466795,81.96009048461912,95.16685485839844,17.56562042236328,0,0.8294466747074133,17,-16,0,tracking,0,0.0
469,577.187000,27.133,1,2,0.017947,orb,1,0.983358547655068,1.0,6,1,0,463.5,252.0,466.6557922363281,259.72003173828125,483.7677879333496,262.8377157974243,163.7677879333496,82.83771579742432,95.06664276123047,17.320466995239258,0,0.8374561222621901,18,-16,0,tracking,0,0.0
471,577.234000,14.734,1,2,0.040406,orb,1,0.9230769230769231,0.9994097222222222,6,0,1,,,471.1239318847656,260.5340881347656,488.2359275817871,263.6517721939087,168.2359275817871,83.6517721939087,95.06664276123047,17.320466995239258,1,0.7882555750792598,18,-16,0,tracking,0,0.0
472,577.265000,15.880,1,1,0.022830,orb,1,0.9517884914463453,1.0,6,1,0,435.5,247.5,471.8963317871094,260.3058776855469,488.79684341430664,263.3491520309448,168.79684341430664,83.34915203094482,93.89173126220703,16.907079696655273,0,0.52407985822854,18,-16,0,tracking,0,0.0
473,577.312000,51.244,1,1,0.023576,orb,1,0.9696048632218845,1.0,6,1,0,427.0,248.0,473.548583984375,260.3670654296875,490.18255493164065,263.3395249938965,170.18255493164065,83.33952499389648,92.41094970703125,16.51366424560547,0,0.43304819774845393,19,-16,0,tracking,0,0.0
474,577.343000,15.407,1,1,0.020686,orb,1,0.9851851851851852,1.0,6,1,0,439.5,247.0,474.3938293457031,260.11968994140625,490.8336952209473,263.0191680145264,170.83369522094728,83.01916801452637,91.33258819580078,16.108211517333984,0,0.5985564102899454,19,-16,0,tracking,0,0.0
475,577.390000,14.751,1,1,0.021736,orb,1,0.9839181286549707,1.0,6,1,0,431.5,246.0,476.1200866699219,260.0676574707031,492.31487640380857,262.88986904144286,172.31487640380857,82.88986904144286,89.97105407714844,15.678953170776367,0,0.5256469810224005,19,-16,0,tracking,0,0.0
476,577.437000,36.372,1,2,0.012470,orb,1,0.9856115107913669,1.0,6,1,0,409.5,250.5,476.5179748535156,260.2474060058594,492.3491857910156,263.0167371177673,172.3491857910156,83.01673711776732,87.951171875,15.385172843933105,0,0.45333211928885764,19,-16,0,tracking,0,0.0
477,577.468000,16.337,1,1,0.015317,orb,1,0.9842632331902719,1.0,6,1,0,431.0,250.5,476.69195556640625,260.1833801269531,492.2818339538574,262.9015661048889,172.28183395385742,82.9015661048889,86.61043548583984,15.101033210754395,0,0.5953618250093105,19,-16,0,tracking,0,0.0
478,577.515000,14.893,1,2,0.010859,orb,1,0.9782293178519593,1.0,6,1,0,423.5,250.5,477.7476501464844,260.3459167480469,493.05402221679685,263.0126465415955,173.05402221679685,83.01264654159547,85.035400390625,14.815165519714355,0,0.490122523181895,19,-16,0,tracking,0,0.0
479,577.546000,44.052,1,1,0.007075,orb,1,0.9825072886297376,1.0,6,1,0,411.0,249.5,476.8051452636719,260.2220764160156,491.7761486816406,262.834162273407,171.77614868164062,82.834162273407,83.1722412109375,14.511588096618652,0,0.41053925454144036,19,-16,0,tracking,0,0.0
480,577.593000,15.709,1,1,0.006089,orb,1,0.9811320754716981,1.0,6,1,0,421.0,258.0,477.6463928222656,260.7549133300781,492.331280670166,263.35308431625367,172.331280670166,83.35308431625367,81.58271026611328,14.434283256530762,0,0.385558279619862,19,-16,0,tracking,0,0.0
481,577.625000,14.909,1,0,0.000000,orb,1,0.9929676511954993,1.0,6,0,1,,,480.2570495605469,261.216796875,494.94193740844725,263.81496786117555,174.94193740844725,83.81496786117555,81.58271026611328,14.434283256530762,1,0.37013594843504866,19,-16,0,tracking,0,0.0
482,577.671000,29.014,1,1,0.003928,orb,1,0.9912408759124087,1.0,6,0,1,,,484.0098571777344,261.8807678222656,498.69474502563475,264.47893880844117,178.69474502563475,84.47893880844117,81.58271026611328,14.434283256530762,2,0.3479663473568829,20,-16,0,tracking,0,0.0
483,577.703000,41.751,1,0,0.000000,orb,1,0.9794117647058823,1.0,6,0,1,,,486.6205139160156,262.3426513671875,501.305401763916,264.94082235336305,181.305401763916,84.94082235336305,81.58271026611328,14.434283256530762,3,0.3325440161721244,20,-17,0,tracking,0,0.0
484,577.750000,15.419,1,0,0.000677,orb,1,0.981679389312977,1.0,6,0,1,,,490.45489501953125,263.02105712890625,505.1397828674316,265.6192281150818,185.13978286743162,85.6192281150818,81.58271026611328,14.434283256530762,4,0.30989246724444525,20,-17,0,tracking,0,0.0
485,577.781000,14.673,1,0,0.000000,orb,1,0.9897959183673469,1.0,6,0,1,,,492.98394775390625,263.468505859375,507.6688356018066,266.06667684555055,187.66883560180662,86.06667684555055,81.58271026611328,14.434283256530762,5,0.29495208390920014,20,-17,0,tracking,0,0.0
486,577.828000,27.130,1,0,0.000000,orb,1,0.9673758865248226,1.0,6,0,1,,,496.8183288574219,264.14691162109375,511.50321670532225,266.7450826072693,191.50321670532225,86.7450826072693,81.58271026611328,14.434283256530762,6,0.27230053498152096,20,-17,0,tracking,0,0.0
487,577.875000,14.425,1,0,0.000000,orb,1,0.9771754636233951,1.0,6,0,1,,,500.6527099609375,264.8253173828125,515.3375978088379,267.42348836898805,195.33759780883793,87.42348836898805,81.58271026611328,14.434283256530762,7,0.2496489860538418,20,-17,0,tracking,0,0.0
488,577.906000,27.416,1,0,0.000000,orb,1,0.9871060171919771,1.0,6,0,1,,,503.1817626953125,265.27276611328125,517.8666505432129,267.8709370994568,197.86665054321293,87.8709370994568,81.58271026611328,14.434283256530762,8,0.2347086027185967,0,0,0,prediction_stale,0,0.0
489,577.953000,15.188,1,0,0.000000,orb,1,0.9867256637168141,1.0,6,0,1,,,507.0161437988281,265.951171875,521.7010316467286,268.54934286117555,201.70103164672855,88.54934286117555,81.58271026611328,14.434283256530762,9,0.21205705379091752,0,0,0,prediction_stale,0,0.0
490,577.984000,14.451,1,0,0.000282,orb,1,0.9816643159379408,1.0,6,0,1,,,509.5451965332031,266.39862060546875,524.2300843811036,268.9967915916443,204.23008438110355,88.9967915916443,81.58271026611328,14.434283256530762,10,0.19711667045561762,0,0,0,prediction_stale,0,0.0
491,578.031000,27.679,1,0,0.000195,orb,1,0.9856527977044476,1.0,6,0,1,,,513.3795776367188,267.0770263671875,528.0644654846192,269.67519735336305,208.06446548461918,89.67519735336305,81.58271026611328,14.434283256530762,11,0.17446512152799326,0,0,0,prediction_stale,0,0.0
492,578.062000,15.315,1,0,0.000000,orb,1,0.9870317002881844,1.0,6,0,1,,,515.9086303710938,267.52447509765625,530.5935182189942,270.1226460838318,210.59351821899418,90.1226460838318,81.58271026611328,14.434283256530762,12,0.15952473819269336,0,0,0,prediction_stale,0,0.0
493,578.109000,14.605,1,0,0.000000,orb,1,0.9824046920821115,1.0,6,0,1,,,,,,,,,0.0,0.0,13,0.0,0,0,0,lost,0,0.0
494,578.156000,28.201,1,0,0.000291,orb,1,0.9871794871794872,1.0,,0,0,,,,,,,,,0.0,0.0,0,0.0,0,0,0,lost,0,0.0
495,578.187000,14.446,1,0,0.000195,orb,1,0.9763663220088626,1.0,,0,0,,,,,,,,,0.0,0.0,0,0.0,0,0,0,lost,0,0.0
496,578.234000,14.934,1,0,0.005985,orb,1,0.9676898222940227,0.9971006944444445,,0,0,,,,,,,,,0.0,0.0,0,0.0,0,0,0,lost,0,0.0
497,578.265000,28.360,1,0,0.009080,orb,1,0.9079939668174962,0.9980555555555556,,0,0,,,,,,,,,0.0,0.0,0,0.0,0,0,0,lost,0,0.0
498,578.312000,15.671,1,0,0.014313,orb,1,0.919431279620853,0.9979774305555555,,0,0,,,,,,,,,0.0,0.0,0,0.0,0,0,0,lost,0,0.0
499,578.343000,14.860,1,0,0.000534,orb,1,0.9692307692307692,0.9993315972222222,,0,0,,,,,,,,,0.0,0.0,0,0.0,0,0,0,lost,0,0.0
500,578.390000,28.780,1,0,0.005220,orb,1,0.9640062597809077,0.9986805555555556,,0,0,,,,,,,,,0.0,0.0,0,0.0,0,0,0,lost,0,0.0
501,578.421000,15.017,1,0,0.002452,orb,1,0.9773462783171522,1.0,,0,0,,,,,,,,,0.0,0.0,0,0.0,0,0,0,lost,0,0.0
502,578.468000,14.849,1,0,0.004689,orb,1,0.970679012345679,0.998671875,,0,0,,,,,,,,,0.0,0.0,0,0.0,0,0,0,lost,0,0.0
503,578.515000,28.109,1,0,0.011862,orb,1,0.9523076923076923,0.9977690972222222,,0,0,,,,,,,,,0.0,0.0,0,0.0,0,0,0,lost,0,0.0
504,578.546000,25.180,1,2,0.022541,orb,1,0.913312693498452,0.9995399305555556,7,1,0,57.5,19.0,57.5,19.0,57.5,19.0,-262.5,-161.0,0.0,0.0,0,0.8282478632478633,-20,20,0,tracking,0,0.0
505,578.593000,16.332,1,1,0.019762,orb,1,0.9280245022970903,0.9980121527777778,7,1,0,57.5,18.5,57.5,18.632139205932617,57.5,18.629033647440373,-262.5,-161.37096635255963,0.0,-0.017253102734684944,0,0.9412960361777937,-20,20,0,tracking,0,0.0
506,578.625000,15.158,1,2,0.019079,orb,1,0.9662058371735791,0.996875,7,1,0,58.0,18.5,57.712772369384766,18.575592041015625,57.71914571508765,18.570809171162544,-262.2808542849124,-161.42919082883745,0.035407476127147675,-0.026571499183773994,0,0.9291742779203035,-20,20,0,tracking,0,0.0
507,578.671000,27.822,1,2,0.020916,orb,1,0.9507692307692308,0.996875,7,1,0,58.0,18.5,57.8013801574707,18.551719665527344,57.81483354121447,18.54509316623211,-262.18516645878555,-161.4549068337679,0.07474102079868317,-0.036813884973526,0,0.9390619128532548,-20,20,0,tracking,0,0.0
508,578.703000,15.343,1,2,0.018746,orb,1,0.955177743431221,0.9988020833333333,7,1,0,58.0,18.5,57.85091018676758,18.538400650024414,57.870411478430036,18.530216438397765,-262.12958852157,-161.46978356160224,0.10834050923585892,-0.04546784237027168,0,0.9315665798142008,-20,20,0,tracking,0,0.0
509,578.750000,15.476,1,0,0.000000,orb,1,0.967741935483871,1.0,7,0,1,,,57.85600280761719,18.536264419555664,57.875504099279645,18.528080207929015,-262.1244959007204,-161.471919792071,0.10834050923585892,-0.04546784237027168,1,0.8768370432500868,-20,20,0,tracking,0,0.0
510,578.796000,27.984,1,0,0.000000,orb,1,0.9914285714285714,1.0,7,0,1,,,57.860984802246094,18.53417205810547,57.88048609390855,18.52598784647882,-262.11951390609147,-161.4740121535212,0.10834050923585892,-0.04546784237027168,2,0.8232719649107131,-20,20,0,tracking,0,0.0
511,578.828000,14.977,1,0,0.000000,orb,1,0.9901408450704225,1.0,7,0,1,,,57.86445236206055,18.532716751098633,57.883953653723005,18.524532539471984,-262.116046346277,-161.47546746052802,0.10834050923585892,-0.04546784237027168,3,0.7860093017182319,-20,20,0,tracking,0,0.0
512,578.875000,14.660,1,0,0.000000,orb,1,0.9861495844875346,1.0,7,0,1,,,57.869544982910156,18.530580520629883,57.889046274572614,18.522396309003234,-262.1109537254274,-161.47760369099677,0.10834050923585892,-0.04546784237027168,4,0.731279765154118,-20,20,0,tracking,0,0.0
513,578.906000,26.701,1,0,0.000000,orb,1,0.9944289693593314,1.0,7,0,1,,,57.872901916503906,18.529170989990234,57.892403208166364,18.520986778363586,-262.10759679183366,-161.47901322163642,0.10834050923585892,-0.04546784237027168,5,0.695181560186377,-20,20,0,tracking,0,0.0
514,578.953000,16.073,1,0,0.000000,orb,1,0.9905149051490515,1.0,7,0,1,,,57.877994537353516,18.527034759521484,57.89749582901597,18.518850547894836,-262.10250417098405,-161.48114945210517,0.10834050923585892,-0.04546784237027168,6,0.6404520236222631,-20,20,0,tracking,0,0.0
515,578.984000,14.590,1,0,0.000000,orb,1,0.9944367176634215,0.9997569444444444,7,0,1,,,57.881351470947266,18.525625228881836,57.90085276260972,18.517441017255187,-262.0991472373903,-161.48255898274482,0.10834050923585892,-0.04546784237027168,7,0.6043538186543896,-20,20,0,tracking,0,0.0
516,579.031000,27.531,1,0,0.000000,orb,1,0.9904761904761905,1.0,7,0,1,,,57.886444091796875,18.523488998413086,57.90594538345933,18.515304786786437,-262.0940546165407,-161.48469521321357,0.10834050923585892,-0.04546784237027168,8,0.5496242820904081,0,0,0,prediction_stale,0,0.0
517,579.078000,14.853,1,0,0.000000,orb,1,0.9919028340080972,1.0,7,0,1,,,57.891536712646484,18.521352767944336,57.91103800430894,18.513168556317687,-262.0889619956911,-161.48683144368232,0.10834050923585892,-0.04546784237027168,9,0.49489474552629414,0,0,0,prediction_stale,0,0.0
518,579.109000,15.530,1,0,0.000000,orb,1,0.9932795698924731,1.0,7,0,1,,,57.894893646240234,18.519943237304688,57.91439493790269,18.51175902567804,-262.08560506209733,-161.48824097432197,0.10834050923585892,-0.04546784237027168,10,0.4587965405584208,0,0,0,prediction_stale,0,0.0
519,579.140000,56.915,1,0,0.000000,orb,1,0.997289972899729,1.0,7,0,1,,,57.898250579833984,18.51853370666504,57.91775187149644,18.51034949503839,-262.0822481285036,-161.48965050496162,0.10834050923585892,-0.04546784237027168,11,0.4226983355906798,0,0,0,prediction_stale,0,0.0
520,579.203000,16.116,1,0,0.000000,orb,1,0.989010989010989,1.0,7,0,1,,,57.90507507324219,18.515668869018555,57.924576364904645,18.507484657391906,-262.0754236350954,-161.4925153426081,0.10834050923585892,-0.04546784237027168,12,0.3493374674303253,0,0,0,prediction_stale,0,0.0
521,579.234000,26.858,1,0,0.000000,orb,1,0.9931693989071039,1.0,7,0,1,,,,,,,,,0.0,0.0,13,0.0,0,0,0,lost,0,0.0
522,579.265000,15.404,1,0,0.000959,orb,1,0.9903713892709766,1.0,,0,0,,,,,,,,,0.0,0.0,0,0.0,0,0,0,lost,0,0.0
523,579.312000,15.294,1,0,0.000916,orb,1,0.9890710382513661,1.0,,0,0,,,,,,,,,0.0,0.0,0,0.0,0,0,0,lost,0,0.0
524,579.343000,14.216,1,0,0.005938,orb,1,0.9829545454545454,0.9991579861111111,,0,0,,,,,,,,,0.0,0.0,0,0.0,0,0,0,lost,0,0.0
525,579.390000,27.962,1,1,0.006747,orb,1,0.9900709219858156,0.9990885416666667,8,1,0,411.0,230.5,411.0,230.5,411.0,230.5,91.0,50.5,0.0,0.0,0,0.7068423202614379,10,-10,0,tracking,0,0.0
526,579.421000,27.067,1,1,0.004206,orb,1,0.9883720930232558,1.0,8,1,0,410.5,223.5,410.63226318359375,225.3516387939453,410.6302130730078,225.32293724507093,90.63021307300778,45.32293724507093,-0.011389503255486488,-0.15945304930210114,0,0.7825647910673432,10,-9,0,tracking,0,0.0
527,579.468000,14.345,1,0,0.006926,orb,1,0.9847094801223242,0.9989236111111112,8,0,1,,,410.6317138671875,225.34414672851562,410.62966375660153,225.31544517964124,90.62966375660153,45.315445179641245,-0.011389503255486488,-0.15945304930210114,1,0.7365891095922231,10,-9,0,tracking,0,0.0
528,579.515000,15.247,1,0,0.010837,orb,1,0.989010989010989,0.9956857638888889,8,0,1,,,410.63116455078125,225.33665466308594,410.6291144401953,225.30795311421156,90.62911444019528,45.30795311421156,-0.011389503255486488,-0.15945304930210114,2,0.6906134281169918,10,-9,0,tracking,0,0.0
529,579.546000,27.632,1,2,0.019747,orb,1,0.9258064516129032,0.998984375,8,1,0,503.5,242.0,451.4595642089844,232.6597137451172,454.92224403381346,233.25286658763886,134.92224403381346,53.25286658763886,19.237110137939453,3.2952935695648193,0,0.5145002027160435,15,-10,0,tracking,0,0.0
530,579.593000,35.558,1,1,0.011322,orb,1,0.9584664536741214,0.9944444444444445,8,1,0,421.5,234.5,442.5661315917969,233.34962463378906,444.7615103149414,234.01198241710662,124.7615103149414,54.01198241710662,12.196548461914062,3.679765462875366,0,0.6741382835502852,14,-11,0,tracking,0,0.0
531,579.625000,39.100,1,1,0.010535,orb,1,0.964824120603015,0.9957986111111111,8,1,0,422.0,232.5,437.7008056640625,233.2247772216797,439.0140770816803,233.84641572475434,119.01407708168028,53.84641572475434,7.295952320098877,3.453547239303589,0,0.7834791593844543,13,-10,0,tracking,0,0.0
532,579.671000,28.878,1,3,0.037481,orb,1,0.9173553719008265,0.9937934027777777,8,1,0,448.0,251.0,440.2019348144531,237.21246337890625,442.00826053619386,238.7058581352234,122.00826053619386,58.705858135223394,10.03514289855957,8.296637535095215,0,0.5719650564863659,13,-11,0,tracking,0,0.0
533,579.703000,41.524,1,3,0.037452,orb,1,0.8666666666666667,0.9953732638888889,8,1,0,459.0,251.5,444.068603515625,240.16864013671875,446.8250809669495,242.38310022354125,126.82508096694949,62.38310022354125,15.313763618469238,12.302556037902832,0,0.5597660352166078,14,-12,0,tracking,0,0.0
534,579.750000,16.881,1,0,0.024055,orb,1,0.9136807817589576,0.9958116319444444,8,0,1,,,444.7883605957031,240.74685668945312,447.5448380470276,242.96131677627562,127.54483804702761,62.96131677627562,15.313763618469238,12.302556037902832,1,0.5268797806476143,14,-12,0,tracking,0,0.0
535,579.781000,35.248,1,6,0.080902,orb,1,0.7313195548489666,0.9874522569444445,8,1,0,478.0,254.5,451.8270263671875,243.80934143066406,456.7951606750488,246.92717792510987,136.7951606750488,66.92717792510987,27.600746154785156,17.321313858032227,0,0.6517494363617252,15,-13,0,tracking,0,0.0
536,579.828000,17.104,1,2,0.029308,orb,1,0.9131886477462438,0.9913368055555556,8,0,1,,,453.124267578125,244.62344360351562,458.0924018859863,247.74128009796144,138.0924018859863,67.74128009796144,27.600746154785156,17.321313858032227,1,0.6134591569754532,15,-13,0,tracking,0,0.0
537,579.875000,14.574,1,0,0.000339,orb,1,0.9681335356600911,0.9993315972222222,8,0,1,,,454.4215087890625,245.4375457763672,459.3896430969238,248.555382270813,139.3896430969238,68.555382270813,27.600746154785156,17.321313858032227,2,0.575168877589181,15,-13,0,tracking,0,0.0
538,579.906000,44.347,1,0,0.000195,orb,1,0.9943977591036415,1.0,8,0,1,,,455.2771301269531,245.97450256347656,460.24526443481443,249.09233905792237,140.24526443481443,69.09233905792237,27.600746154785156,17.321313858032227,3,0.5499135869302056,15,-13,0,tracking,0,0.0
539,579.953000,30.163,1,0,0.001463,orb,1,0.9917355371900827,1.0,8,0,1,,,456.5743713378906,246.78860473632812,461.54250564575193,249.90644123077394,141.54250564575193,69.90644123077394,27.600746154785156,17.321313858032227,4,0.5116233075439336,15,-14,0,tracking,0,0.0
540,579.984000,26.079,1,1,0.009036,orb,1,0.9898697539797395,0.9995572916666666,8,1,0,462.0,254.0,458.83245849609375,249.37384033203125,464.2670510101318,253.17293285369874,144.2670510101318,73.17293285369874,30.192180633544922,21.106069564819336,0,0.766874113268943,16,-14,0,tracking,0,0.0
541,580.031000,32.280,1,1,0.007860,orb,1,0.9902506963788301,1.0,8,1,0,448.0,251.5,456.9821472167969,250.66848754882812,461.3693402862549,254.5645419692993,141.3693402862549,74.56454196929931,24.373294830322266,21.644746780395508,0,0.7942371675023995,15,-14,0,tracking,0,0.0
542,580.062000,28.064,1,1,0.006328,orb,1,0.9889349930843707,1.0,8,1,0,451.0,254.0,456.1922302246094,251.9497528076172,460.09464126586914,256.0372326660156,140.09464126586914,76.0372326660156,21.68006134033203,22.708221435546875,0,0.831073030182551,15,-15,0,tracking,0,0.0
543,580.109000,35.529,1,1,0.010699,orb,1,0.9914163090128756,1.0,8,1,0,464.0,255.5,458.6528625488281,253.54432678222656,462.9944860458374,257.79244495391845,142.9944860458374,77.79244495391845,24.12013053894043,23.600656509399414,0,0.7838695254700587,16,-15,0,tracking,0,0.0
544,580.156000,31.406,1,1,0.005634,orb,1,0.9916666666666667,1.0,8,1,0,444.5,237.0,456.74444580078125,251.1404571533203,460.186069984436,254.34921375274658,140.18606998443602,74.34921375274658,19.120134353637695,17.826425552368164,0,0.5806688717609773,15,-14,0,tracking,0,0.0
545,580.187000,26.245,1,2,0.009041,orb,1,0.9972067039106145,1.0,8,1,0,466.5,257.0,458.99041748046875,252.65060424804688,462.9122094345093,256.1374642944336,142.9122094345093,76.13746429443358,21.78773307800293,19.371444702148438,0,0.749819081630766,16,-15,0,tracking,0,0.0
546,580.234000,15.611,1,0,0.001571,orb,1,0.9959404600811907,1.0,8,0,1,,,460.0144348144531,253.56106567382812,463.93622676849367,257.04792572021483,143.93622676849367,77.04792572021483,21.78773307800293,19.371444702148438,1,0.7057672105849346,16,-15,0,tracking,0,0.0
547,580.265000,17.528,1,0,0.000226,orb,1,0.9959839357429718,1.0,8,0,1,,,460.6898498535156,254.1615753173828,464.61164180755617,257.6484353637695,144.61164180755617,77.64843536376952,21.78773307800293,19.371444702148438,2,0.6767117211717902,16,-15,0,tracking,0,0.0
548,580.312000,15.758,1,0,0.000195,orb,1,0.9921259842519685,1.0,8,0,1,,,461.7138671875,255.07203674316406,465.63565914154054,258.5588967895508,145.63565914154054,78.55889678955077,21.78773307800293,19.371444702148438,3,0.6326598501259588,16,-15,0,tracking,0,0.0
549,580.343000,28.193,1,0,0.000000,orb,1,0.9960681520314548,1.0,8,0,1,,,462.3892822265625,255.67254638671875,466.31107418060304,259.15940643310546,146.31107418060304,79.15940643310546,21.78773307800293,19.371444702148438,4,0.6036043607128144,16,-15,0,tracking,0,0.0
550,580.390000,27.872,1,0,0.000582,orb,1,0.9927953890489913,1.0,8,0,1,,,463.4132995605469,256.5830078125,467.3350915145874,260.0698678588867,147.33509151458742,80.06986785888671,21.78773307800293,19.371444702148438,5,0.559552489666983,16,-16,0,tracking,0,0.0
551,580.421000,16.874,1,0,0.002008,orb,1,0.9945872801082544,0.9983767361111111,8,0,1,,,464.0887145996094,257.18353271484375,468.0105065536499,260.67039276123046,148.01050655364992,80.67039276123046,21.78773307800293,19.371444702148438,6,0.530497000253732,16,-16,0,tracking,0,0.0
552,580.468000,14.253,1,0,0.001234,orb,1,0.9916666666666667,0.9985416666666667,8,0,1,,,465.11273193359375,258.093994140625,469.0345238876343,261.5808541870117,149.0345238876343,81.58085418701171,21.78773307800293,19.371444702148438,7,0.4864451292080072,16,-16,0,tracking,0,0.0
553,580.515000,27.484,1,0,0.000564,orb,1,0.9946808510638298,1.0,8,0,1,,,466.1367492675781,259.00445556640625,470.05854122161867,262.49131561279296,150.05854122161867,82.49131561279296,21.78773307800293,19.371444702148438,8,0.44239325816217584,0,0,0,prediction_stale,0,0.0
554,580.546000,15.580,1,0,0.000000,orb,1,0.994729907773386,1.0,8,0,1,,,466.8121643066406,259.60498046875,470.73395626068117,263.0918405151367,150.73395626068117,83.09184051513671,21.78773307800293,19.371444702148438,9,0.41333776874892486,0,0,0,prediction_stale,0,0.0
555,580.593000,14.514,1,0,0.000000,orb,1,0.9960159362549801,1.0,8,0,1,,,467.836181640625,260.51544189453125,471.75797359466554,264.00230194091796,151.75797359466554,84.00230194091796,21.78773307800293,19.371444702148438,10,0.36928589770320003,0,0,0,prediction_stale,0,0.0
556,580.625000,29.805,1,0,0.000000,orb,1,0.996042216358839,1.0,8,0,1,,,468.53338623046875,261.13531494140625,472.4551781845093,264.62217498779296,152.4551781845093,84.62217498779296,21.78773307800293,19.371444702148438,11,0.33929313443793274,0,0,0,prediction_stale,0,0.0
557,580.671000,14.659,1,0,0.003585,orb,1,0.9947089947089947,1.0,8,0,1,,,469.5356140136719,262.0263977050781,473.4574059677124,265.51325775146483,153.45740596771242,85.51325775146483,21.78773307800293,19.371444702148438,12,0.29617853724411763,0,0,0,prediction_stale,0,0.0
558,580.703000,14.835,1,0,0.000404,orb,1,0.9959785522788204,1.0,8,0,1,,,,,,,,,0.0,0.0,13,0.0,0,0,0,lost,0,0.0
559,580.750000,28.253,1,0,0.000964,orb,1,0.9904109589041096,1.0,,0,0,,,,,,,,,0.0,0.0,0,0.0,0,0,0,lost,0,0.0
560,580.781000,15.646,1,0,0.000195,orb,1,0.9943582510578279,1.0,,0,0,,,,,,,,,0.0,0.0,0,0.0,0,0,0,lost,0,0.0
561,580.828000,14.970,1,0,0.001246,orb,1,0.9886039886039886,1.0,,0,0,,,,,,,,,0.0,0.0,0,0.0,0,0,0,lost,0,0.0
562,580.875000,27.607,1,0,0.001814,orb,1,0.9904240766073872,1.0,,0,0,,,,,,,,,0.0,0.0,0,0.0,0,0,0,lost,0,0.0
563,580.906000,16.034,1,0,0.000734,orb,1,0.9890710382513661,1.0,,0,0,,,,,,,,,0.0,0.0,0,0.0,0,0,0,lost,0,0.0
564,580.953000,16.093,1,0,0.000391,orb,1,0.9872881355932204,1.0,,0,0,,,,,,,,,0.0,0.0,0,0.0,0,0,0,lost,0,0.0
565,580.984000,40.741,1,0,0.000391,orb,1,0.9917241379310345,1.0,,0,0,,,,,,,,,0.0,0.0,0,0.0,0,0,0,lost,0,0.0
566,581.031000,16.304,1,0,0.001563,orb,1,0.9959016393442623,1.0,,0,0,,,,,,,,,0.0,0.0,0,0.0,0,0,0,lost,0,0.0
567,581.062000,21.375,1,0,0.000265,orb,1,0.9877384196185286,1.0,,0,0,,,,,,,,,0.0,0.0,0,0.0,0,0,0,lost,0,0.0
568,581.109000,28.433,1,0,0.000903,orb,1,0.9886845827439887,1.0,,0,0,,,,,,,,,0.0,0.0,0,0.0,0,0,0,lost,0,0.0
569,581.140000,15.525,1,0,0.000330,orb,1,0.9857954545454546,1.0,,0,0,,,,,,,,,0.0,0.0,0,0.0,0,0,0,lost,0,0.0
570,581.187000,23.570,1,0,0.000699,orb,1,0.9902912621359223,1.0,,0,0,,,,,,,,,0.0,0.0,0,0.0,0,0,0,lost,0,0.0
571,581.234000,28.230,1,0,0.000000,orb,1,0.988950276243094,1.0,,0,0,,,,,,,,,0.0,0.0,0,0.0,0,0,0,lost,0,0.0
572,581.265000,15.007,1,0,0.000000,orb,1,0.9914772727272727,1.0,,0,0,,,,,,,,,0.0,0.0,0,0.0,0,0,0,lost,0,0.0
573,581.312000,15.643,1,0,0.000000,orb,1,0.9915730337078652,1.0,,0,0,,,,,,,,,0.0,0.0,0,0.0,0,0,0,lost,0,0.0
574,581.343000,27.872,1,0,0.000000,orb,1,0.9959016393442623,1.0,,0,0,,,,,,,,,0.0,0.0,0,0.0,0,0,0,lost,0,0.0
575,581.390000,15.648,1,0,0.000000,orb,1,0.9959731543624161,1.0,,0,0,,,,,,,,,0.0,0.0,0,0.0,0,0,0,lost,0,0.0
576,581.437000,16.204,1,0,0.000000,orb,1,0.9919354838709677,1.0,,0,0,,,,,,,,,0.0,0.0,0,0.0,0,0,0,lost,0,0.0
577,581.468000,26.886,1,0,0.000000,orb,1,0.9864864864864865,1.0,,0,0,,,,,,,,,0.0,0.0,0,0.0,0,0,0,lost,0,0.0
578,581.515000,16.843,1,0,0.003761,orb,1,0.9906914893617021,0.9993923611111111,,0,0,,,,,,,,,0.0,0.0,0,0.0,0,0,0,lost,0,0.0
579,581.546000,14.941,1,0,0.008394,orb,1,0.9918144611186903,0.9923046875,,0,0,,,,,,,,,0.0,0.0,0,0.0,0,0,0,lost,0,0.0
580,581.593000,41.936,1,1,0.015711,orb,1,0.9740437158469946,0.9909592013888889,9,1,0,464.5,240.5,464.5,240.5,464.5,240.5,144.5,60.5,0.0,0.0,0,0.6813226985709538,16,-12,0,tracking,0,0.0
581,581.625000,40.126,1,3,0.024909,orb,1,0.9763560500695411,0.9930381944444444,9,1,0,481.0,252.5,476.6356506347656,249.32591247558594,476.7054836255312,249.37670010328293,156.7054836255312,69.37670010328293,0.3879610598087311,0.28215348720550537,0,0.5805875854234268,17,-13,0,tracking,0,0.0
582,581.671000,31.014,1,2,0.029823,orb,1,0.9789325842696629,0.9934331597222222,9,1,0,480.0,252.5,478.08062744140625,250.68695068359375,478.2027046120167,250.78708818912506,158.2027046120167,70.78708818912506,0.6782065033912659,0.5563194751739502,0,0.7142398969847392,17,-14,0,tracking,0,0.0
583,581.703000,15.262,1,2,0.023590,orb,1,0.9772079772079773,0.9942621527777777,9,1,0,473.5,248.0,476.70758056640625,249.88507080078125,476.72852531835434,249.92577341914176,156.72852531835434,69.92577341914176,0.11635973304510117,0.22612565755844116,0,0.717276061094133,17,-14,0,tracking,0,0.0
584,581.750000,15.462,1,2,0.020985,orb,1,0.9883040935672515,0.9965190972222222,9,1,0,471.0,249.0,475.3261413574219,249.6782684326172,475.15164937019347,249.68832995787264,155.15164937019347,69.68832995787264,-0.9693999290466309,0.055897362530231476,0,0.7702528917863563,17,-14,0,tracking,0,0.0
585,581.781000,60.942,1,2,0.019316,orb,1,0.9813218390804598,0.9967795138888889,9,1,0,470.0,252.5,474.21282958984375,250.25680541992188,473.83086418628693,250.37733983755112,153.83086418628693,70.37733983755112,-2.122030019760132,0.6696356534957886,0,0.8108774137836757,17,-14,0,tracking,0,0.0
587,581.875000,48.360,1,4,0.038533,orb,1,0.9830508474576272,0.9987673611111111,9,1,0,470.5,229.0,473.2691650390625,245.80372619628906,472.65516954422,244.51625977516176,152.65516954421997,64.51625977516176,-3.411086082458496,-7.152591228485107,0,0.6291449707610963,17,-13,0,tracking,0,0.0
588,581.906000,26.194,1,2,0.030655,orb,1,0.9843304843304843,1.0,9,1,0,466.0,248.0,471.7912292480469,246.04518127441406,470.71503695487974,244.9137285232544,150.71503695487974,64.9137285232544,-5.978846073150635,-6.285848617553711,0,0.8054015494557181,16,-13,0,tracking,0,0.0
589,581.953000,30.167,1,4,0.043561,orb,1,0.9847328244274809,0.9996527777777777,9,1,0,461.5,229.0,469.6360778808594,242.6138153076172,467.8760149002075,240.33806678771973,147.8760149002075,60.338066787719725,-9.778127670288086,-12.643047332763672,0,0.6947301776426402,16,-12,0,tracking,0,0.0
590,581.984000,36.884,1,1,0.060959,orb,1,0.9804241435562806,1.0,9,1,0,462.0,193.5,468.0462951660156,233.67295837402344,465.80123918533326,228.1747989654541,145.80123918533326,48.1747989654541,-12.472533226013184,-30.545330047607422,0,0.4402730535008943,16,-9,0,tracking,0,0.0
591,582.031000,30.950,1,2,0.077565,orb,1,0.9760383386581469,1.0,9,1,0,440.0,193.0,462.61297607421875,225.3113555908203,458.49572017669675,217.1380355834961,138.49572017669675,37.138035583496105,-22.87364387512207,-45.40733337402344,0,0.4628767486925508,15,-7,0,tracking,0,0.0
593,582.109000,27.455,1,2,0.113607,orb,1,0.9739130434782609,1.0,9,1,0,427.0,171.0,454.1385192871094,211.72891235351562,447.48689155578614,199.75206100463868,127.48689155578614,19.752061004638676,-36.953487396240234,-66.5380630493164,0,0.4082522387692179,14,-4,0,tracking,0,0.0
594,582.140000,37.020,1,4,0.096549,orb,1,0.9913644214162349,1.0,9,1,0,411.0,180.0,445.2773742675781,204.2154998779297,435.7555010223389,190.21094314575194,115.75550102233888,10.21094314575194,-52.899295806884766,-77.80309295654297,0,0.5391790882020949,13,0,0,tracking,0,0.0
595,582.187000,35.011,1,3,0.099475,orb,1,0.9900332225913622,1.0,9,1,0,394.0,182.5,433.909912109375,197.27162170410156,421.1860920715332,182.08194778442382,101.18609207153321,2.081947784423818,-70.6878890991211,-84.38707733154297,0,0.5574829105811157,11,0,0,tracking,0,0.0
596,582.234000,42.953,1,2,0.100417,orb,1,0.9854132901134521,1.0,9,1,0,377.5,183.0,421.0487060546875,191.4537353515625,405.00933853149417,175.62044250488282,85.00933853149417,-4.379557495117183,-89.10759735107422,-87.96273803710938,0,0.563959722617946,9,0,0,tracking,0,0.0
597,582.265000,25.520,1,2,0.101523,orb,1,0.9761092150170648,1.0,9,1,0,361.5,184.5,408.7335205078125,188.01583862304688,389.4554067993164,171.94147003173828,69.45540679931639,-8.058529968261723,-107.10063171386719,-89.30204772949219,0,0.5582767979901938,8,0,0,tracking,0,0.0
598,582.312000,30.691,1,2,0.100851,orb,1,0.9769503546099291,1.0,9,1,0,348.0,184.0,394.4101867675781,183.84889221191406,372.1021151733398,167.78438934326172,52.102115173339826,-12.215610656738278,-123.93373107910156,-89.24723815917969,0,0.5718618114935553,6,0,0,tracking,0,0.0
599,582.343000,25.890,1,2,0.095945,orb,1,0.9774859287054409,0.9992447916666667,9,1,0,363.0,184.5,386.2378845214844,181.61907958984375,362.55339080810546,165.7252177429199,42.55339080810546,-14.27478225708009,-131.5805206298828,-88.29923248291016,0,0.7321583293744341,5,0,0,tracking,0,0.0
600,582.390000,33.325,1,1,0.101920,orb,1,0.9497816593886463,0.99921875,9,1,0,323.0,179.5,371.1520080566406,177.785888671875,344.7475219726563,161.98885345458984,24.747521972656273,-18.011146545410156,-146.69158935546875,-87.76130676269531,0,0.5357444552190125,0,4,0,tracking,0,0.0
601,582.437000,16.269,1,1,0.098273,orb,1,0.9413854351687388,0.9991579861111111,9,1,0,313.0,175.0,356.3486328125,173.86769104003906,327.6234497070312,158.1312742614746,7.623449707031227,-21.8687257385254,-159.5843505859375,-87.4245376586914,0,0.5917288897303523,0,4,0,tracking,0,0.0
602,582.468000,33.325,1,2,0.093801,orb,1,0.9328859060402684,0.9987586805555555,9,1,0,302.5,178.5,344.27880859375,172.22698974609375,313.51791107177735,156.796231842041,-6.482088928222652,-23.20376815795899,-170.8938751220703,-85.72643280029297,0,0.6041731606296039,0,5,0,tracking,0,0.0
603,582.515000,14.984,1,2,0.095382,orb,1,0.8146067415730337,1.0,9,1,0,293.0,176.0,330.00665283203125,169.32362365722656,297.53107513427733,154.2022105407715,-22.46892486572267,-25.79778945922851,-180.4198760986328,-84.00785064697266,0,0.6481279850682349,0,5,0,tracking,0,0.0
604,582.546000,33.567,1,4,0.103820,orb,1,0.9276190476190476,0.9977777777777778,9,1,0,303.0,196.5,321.4850769042969,170.79222106933594,288.2250259399414,156.76179840087892,-31.774974060058582,-23.238201599121084,-184.77806091308594,-77.94679260253906,0,0.6510691982978318,-3,5,0,tracking,0,0.0
605,582.593000,27.171,1,5,0.086137,orb,1,0.9569120287253142,0.9988888888888889,9,1,0,312.5,196.0,312.759765625,171.04409790039062,279.48920349121096,158.02341079711914,-40.51079650878904,-21.97658920288086,-184.83645629882812,-72.33715057373047,0,0.6592301733714201,-4,4,0,tracking,0,0.0
606,582.625000,42.260,1,5,0.082717,orb,1,0.8998242530755711,0.9984809027777778,9,1,0,329.5,177.0,309.77374267578125,169.7985076904297,277.2395584106445,157.04665054321288,-42.76044158935548,-22.953349456787123,-180.74546813964844,-70.8436508178711,0,0.5934678684004797,-5,4,0,tracking,0,0.0
607,582.671000,32.001,1,6,0.072789,orb,1,0.9339130434782609,0.9996614583333333,9,1,0,288.5,250.0,299.8017578125,177.2154083251953,266.86541076660154,167.0535182952881,-53.13458923339846,-12.946481704711914,-182.97970581054688,-56.4549446105957,0,0.3585473180554485,-6,0,0,tracking,0,0.0
608,582.703000,27.484,1,6,0.066207,orb,1,0.95,1.0,9,1,0,278.0,251.0,291.99676513671875,184.65084838867188,258.59879180908206,176.67721244812012,-61.40120819091794,-3.322787551879884,-185.54429626464844,-44.297977447509766,0,0.40325230620125985,-7,0,0,tracking,0,0.0
609,582.750000,16.713,1,3,0.071030,orb,1,0.9468267581475128,0.999375,9,1,0,305.0,154.5,285.9115905761719,179.1636962890625,253.11613494873046,170.41155952453613,-66.88386505126954,-9.58844047546387,-182.1969757080078,-48.622982025146484,0,0.5174860296938979,-7,0,0,tracking,0,0.0
610,582.781000,35.433,1,3,0.066827,orb,1,0.9744408945686901,1.0,9,1,0,265.5,242.5,278.5518798828125,185.174072265625,245.37384185791015,178.10229301452637,-74.62615814208985,-1.8977069854736328,-184.3224334716797,-39.287662506103516,0,0.5635940842972673,-8,0,0,tracking,0,0.0
611,582.828000,33.702,1,6,0.064414,orb,1,0.9538216560509554,1.0,9,1,0,295.5,215.0,272.83599853515625,186.97230529785156,240.2950439453125,180.68838035583497,-79.7049560546875,0.6883803558349655,-180.7830810546875,-34.91069412231445,0,0.5132091898586021,-9,0,0,tracking,0,0.0
612,582.875000,14.874,1,4,0.066285,orb,1,0.953416149068323,1.0,9,1,0,288.0,177.0,267.03515625,184.38218688964844,235.05800903320312,177.89973213195802,-84.94199096679688,-2.100267868041982,-177.65081787109375,-36.01363754272461,0,0.7152151596346585,-9,0,0,tracking,0,0.0
613,582.906000,34.663,1,5,0.062474,orb,1,0.9422776911076443,1.0,9,1,0,285.0,177.0,264.0869140625,182.58267211914062,232.63367462158203,175.96036209106444,-87.36632537841797,-4.0396379089355605,-174.74021911621094,-36.790611267089844,0,0.7108312110242815,-10,0,0,tracking,0,0.0
614,582.953000,16.542,1,5,0.059844,orb,1,0.9728915662650602,1.0,9,1,0,280.5,181.5,258.5346374511719,180.92335510253906,227.6092663574219,174.31490295410157,-92.39073364257811,-5.685097045898431,-171.8076171875,-36.713623046875,0,0.7044948974343557,-10,0,0,tracking,0,0.0
615,582.984000,15.367,1,6,0.057925,orb,1,0.9656786271450858,1.0,9,1,0,276.5,178.0,255.62208557128906,179.60025024414062,225.16600372314454,172.95582817077636,-94.83399627685546,-7.044171829223643,-169.20045471191406,-36.913455963134766,0,0.7263274586927779,-10,0,0,tracking,0,0.0
616,583.031000,27.033,1,7,0.054219,orb,1,0.9718706047819972,1.0,9,1,0,274.0,177.0,250.3752899169922,177.77639770507812,220.42982788085936,171.11519470214844,-99.57017211914064,-8.884805297851557,-166.36367797851562,-37.006683349609375,0,0.6523883141149075,-11,0,0,tracking,0,0.0
617,583.062000,15.698,1,5,0.051584,orb,1,0.9757085020242915,1.0,9,1,0,266.5,178.0,247.31997680664062,176.76458740234375,217.76366424560547,170.12845039367676,-102.23633575439453,-9.871549606323242,-164.2017364501953,-36.867427825927734,0,0.7142566045789118,-11,0,0,tracking,0,0.0
618,583.109000,28.148,1,4,0.049909,orb,1,0.9820193637621023,1.0,9,1,0,264.5,179.5,242.0424346923828,175.46969604492188,212.9251907348633,168.9123557281494,-107.07480926513671,-11.087644271850593,-161.76246643066406,-36.42966842651367,0,0.6896735774900628,-12,0,0,tracking,0,0.0
619,583.140000,15.920,1,4,0.044049,orb,1,0.9777777777777777,1.0,9,1,0,260.5,184.0,239.24295043945312,175.25198364257812,210.51710540771484,168.85571800231935,-109.48289459228516,-11.14428199768065,-159.58802795410156,-35.53480911254883,0,0.6887173481223086,-12,0,0,tracking,0,0.0
620,583.187000,15.240,1,3,0.038572,orb,1,0.9850340136054422,1.0,9,1,0,257.5,185.5,234.15541076660156,174.69839477539062,205.8445687866211,168.49415161132814,-114.1554312133789,-11.505848388671865,-157.28245544433594,-34.468017578125,0,0.6791037421575803,-12,0,0,tracking,0,0.0
621,583.250000,32.703,1,4,0.037387,orb,1,0.9808743169398907,1.0,9,1,0,211.0,261.0,222.9830322265625,180.9662322998047,194.46251617431642,176.16239234924316,-125.53748382568358,-3.837607650756837,-158.4473114013672,-26.687999725341797,0,0.33080445507499834,-14,0,0,tracking,0,0.0
622,583.265000,15.804,1,3,0.033668,orb,1,0.9805013927576601,1.0,9,1,0,250.5,194.5,223.27572631835938,181.8101806640625,195.19452606201173,177.21111488342285,-124.80547393798827,-2.7888851165771484,-156.0066680908203,-25.550365447998047,0,0.6219247557496048,-14,0,0,tracking,0,0.0
623,583.312000,15.553,1,3,0.031072,orb,1,0.9794520547945206,1.0,9,1,0,237.0,235.0,217.80892944335938,185.42807006835938,190.02715881347658,181.60245517730712,-129.97284118652342,1.602455177307121,-154.34317016601562,-21.253416061401367,0,0.4712302391226436,-14,0,0,tracking,0,0.0
624,583.359000,24.938,1,4,0.029731,orb,1,0.9877216916780355,1.0,9,1,0,227.0,236.5,211.99859619140625,189.0006866455078,184.44295166015624,185.89106243133546,-135.55704833984376,5.891062431335456,-153.0869140625,-17.27569007873535,0,0.44804825898111744,-15,0,0,tracking,0,0.0
625,583.390000,16.411,1,5,0.030742,orb,1,0.9830985915492958,1.0,9,1,0,234.5,161.0,209.56263732910156,186.1369171142578,182.3630926513672,182.66834484100343,-137.6369073486328,2.6683448410034316,-151.10858154296875,-19.269845962524414,0,0.5260643398440001,-15,0,0,tracking,0,0.0
626,583.437000,26.590,1,4,0.023806,orb,1,0.98224043715847,1.0,9,1,0,232.0,160.5,204.94407653808594,183.15194702148438,178.11862182617188,179.37017753601074,-141.88137817382812,-0.6298224639892567,-149.03030395507812,-21.009830474853516,0,0.5269531673790995,-16,0,0,tracking,0,0.0
627,583.468000,15.401,1,3,0.018615,orb,1,0.9857752489331437,1.0,9,1,0,229.5,160.5,202.69671630859375,180.7115478515625,176.22333770751953,176.66428825378418,-143.77666229248047,-3.3357117462158214,-147.07432556152344,-22.48477554321289,0,0.5621638245622482,-16,0,0,tracking,0,0.0
628,583.515000,16.190,1,4,0.017865,orb,1,0.9444444444444444,1.0,9,1,0,228.5,161.5,198.42477416992188,178.18946838378906,172.3346810913086,173.9295138168335,-147.6653189086914,-6.0704861831665085,-144.94496154785156,-23.666414260864258,0,0.5919401459022684,-16,0,0,tracking,0,0.0
629,583.546000,41.308,1,3,0.018542,orb,1,0.9702549575070821,1.0,9,1,0,226.0,162.0,196.43887329101562,176.24734497070312,170.70761016845702,171.81444774627687,-149.29238983154298,-8.185552253723131,-142.9514617919922,-24.627206802368164,0,0.64573650313807,-16,0,0,tracking,0,0.0
630,583.593000,39.571,1,4,0.021649,orb,1,0.9845070422535211,1.0,9,1,0,223.5,192.5,192.34324645996094,176.44180297851562,166.97958862304688,172.19837013244629,-153.02041137695312,-7.801629867553714,-140.90921020507812,-23.574626922607422,0,0.5303573584932129,-17,0,0,tracking,0,0.0
631,583.625000,15.719,1,2,0.030135,orb,1,0.9762569832402235,1.0,9,1,0,221.5,192.5,190.37379455566406,176.95570373535156,165.3611361694336,172.8875584411621,-154.6388638305664,-7.112441558837901,-138.95921325683594,-22.600807189941406,0,0.597282973324959,-17,0,0,tracking,0,0.0
632,583.671000,14.929,1,4,0.038850,orb,1,0.9801699716713881,1.0,9,1,0,220.0,192.5,186.67758178710938,177.15733337402344,162.03033142089845,173.2574337387085,-157.96966857910155,-6.7425662612915005,-136.92916870117188,-21.666109085083008,0,0.6371446854525176,-17,0,0,tracking,0,0.0
633,583.703000,55.588,1,4,0.033375,orb,1,0.9782903663500678,0.9999131944444445,9,1,0,220.5,192.0,185.07720947265625,177.59507751464844,160.80201110839843,173.84647506713867,-159.19798889160157,-6.15352493286133,-134.86221313476562,-20.82556915283203,0,0.6930250817786825,-17,0,0,tracking,0,0.0
634,583.750000,29.080,1,5,0.030217,orb,1,0.9850948509485095,1.0,9,1,0,213.0,160.5,181.21826171875,175.44989013671875,157.26854431152344,171.54818393707276,-162.73145568847656,-8.451816062927236,-133.05398559570312,-21.676145553588867,0,0.5393204904826583,-18,0,0,tracking,0,0.0
635,583.796000,15.011,1,5,0.030130,orb,1,0.9862448418156808,1.0,9,1,0,210.5,158.5,177.6394805908203,173.30746459960938,154.01743041992188,169.25810592651368,-165.98256958007812,-10.741894073486321,-131.23361206054688,-22.496437072753906,0,0.5543810151385667,-18,0,0,tracking,0,0.0
636,583.828000,16.419,1,5,0.032860,orb,1,0.9890859481582538,1.0,9,1,0,207.5,157.5,175.82044982910156,171.53311157226562,152.50155639648438,167.3494635772705,-167.49844360351562,-12.650536422729488,-129.54940795898438,-23.242488861083984,0,0.5841744237151354,-18,0,0,tracking,0,0.0
637,583.875000,48.311,1,5,0.034201,orb,1,0.9864130434782609,1.0,9,1,0,204.5,156.0,172.1468963623047,169.43756103515625,149.13027252197264,165.1283681488037,-170.86972747802736,-14.871631851196298,-127.87013244628906,-23.939960479736328,0,0.6047698004742207,-19,0,0,tracking,0,0.0
638,583.906000,15.885,1,3,0.032169,orb,1,0.9930747922437673,0.9999045138888889,9,1,0,202.5,156.0,170.50302124023438,167.8371124267578,147.77352920532226,163.42169685363768,-172.22647079467774,-16.578303146362316,-126.27495574951172,-24.530086517333984,0,0.6344781911536005,-19,0,0,tracking,0,0.0
639,583.953000,41.694,1,3,0.024974,orb,1,0.9917355371900827,1.0,9,1,0,200.0,154.5,166.95042419433594,165.86497497558594,144.51094512939454,161.34983066558837,-175.48905487060546,-18.65016933441163,-124.66377258300781,-25.084135055541992,0,0.6294683704919836,-19,4,0,tracking,0,0.0
640,583.984000,15.440,1,2,0.020239,orb,1,0.9876543209876543,1.0,9,1,0,199.0,158.5,165.4385223388672,164.6558380126953,143.2824397277832,160.08871326446533,-176.7175602722168,-19.911286735534674,-123.08934783935547,-25.372915267944336,0,0.6483568251069272,-19,4,0,tracking,0,0.0
641,584.031000,42.939,1,1,0.019913,orb,1,0.9944674965421854,1.0,9,0,1,,,159.6533203125,163.46331787109375,137.49723770141603,158.89619312286376,-182.50276229858397,-21.103806877136236,-123.08934783935547,-25.372915267944336,1,0.6102658616319667,-20,4,0,tracking,0,0.0
642,584.078000,15.242,1,3,0.020095,orb,1,0.9858757062146892,1.0,9,1,0,195.0,155.0,156.70736694335938,161.76890563964844,134.88262512207032,157.1432103729248,-185.11737487792968,-22.856789627075187,-121.24856567382812,-25.698307037353516,0,0.6652543101705677,-20,4,0,tracking,0,0.0
643,584.109000,33.380,1,2,0.019223,orb,1,0.9778085991678225,1.0,9,1,0,193.5,154.5,155.66676330566406,160.53843688964844,134.1559846496582,155.86263092041017,-185.8440153503418,-24.13736907958983,-119.50432586669922,-25.976699829101562,0,0.6993758852862613,-20,5,0,tracking,0,0.0
644,584.156000,14.800,1,3,0.014948,orb,1,0.9860724233983287,1.0,9,1,0,191.5,155.5,152.80384826660156,159.0639190673828,131.6064079284668,154.35925476074217,-188.3935920715332,-25.640745239257825,-117.76355743408203,-26.13702392578125,0,0.6913702264379504,-20,5,0,tracking,0,0.0
645,584.187000,15.270,1,1,0.009935,orb,1,0.9972183588317107,1.0,9,0,1,,,149.15318298339844,158.25367736816406,127.95574264526367,153.54901306152342,-192.04425735473632,-26.450986938476575,-117.76355743408203,-26.13702392578125,1,0.6645796301634256,-20,5,0,tracking,0,0.0
646,584.234000,42.580,1,0,0.011641,orb,1,1.0,1.0,9,0,1,,,143.61830139160156,157.02523803710938,122.4208610534668,152.32057373046874,-197.5791389465332,-27.679426269531263,-117.76355743408203,-26.13702392578125,2,0.6239616293601741,-20,5,0,tracking,0,0.0
647,584.265000,33.906,1,2,0.013911,orb,1,0.9943899018232819,1.0,9,1,0,186.5,154.0,143.25732421875,156.05841064453125,122.42144805908202,151.3365355682373,-197.57855194091798,-28.66346443176269,-115.75486755371094,-26.23263931274414,0,0.7264182997409094,-20,6,0,tracking,0,0.0
648,584.312000,15.867,1,2,0.016554,orb,1,0.9914407988587732,1.0,9,1,0,185.0,154.0,141.10223388671875,154.7679901123047,120.62217880249024,150.0398899078369,-199.37782119750977,-29.96011009216309,-113.77808380126953,-26.267223358154297,0,0.6785337010731944,-20,6,0,tracking,0,0.0
649,584.359000,15.889,1,2,0.013971,orb,1,0.9874301675977654,1.0,9,1,0,183.0,154.0,138.9957275390625,153.56544494628906,118.861787109375,148.84076286315917,-201.138212890625,-31.15923713684083,-111.855224609375,-26.248233795166016,0,0.6828364603728672,-20,6,0,tracking,0,0.0
650,584.390000,27.334,1,2,0.010846,orb,1,0.9768160741885626,0.9996701388888889,9,1,0,181.0,153.5,138.5489959716797,152.8014678955078,118.73479751586913,148.08204723358153,-201.26520248413087,-31.917952766418466,-110.0788803100586,-26.219003677368164,0,0.6750671510416277,-20,6,0,tracking,0,0.0
651,584.437000,17.070,1,3,0.020140,orb,1,0.9864314789687924,0.999921875,9,1,0,179.5,153.5,136.400146484375,151.69578552246094,116.90202880859376,146.9895965194702,-203.09797119140626,-33.01040348052979,-108.3228759765625,-26.14549446105957,0,0.6806033164704424,-20,6,0,tracking,0,0.0
652,584.468000,15.169,1,2,0.021029,orb,1,0.9715061058344641,1.0,9,1,0,178.0,162.0,135.90359497070312,151.5926971435547,116.70206832885742,146.95983295440675,-203.29793167114258,-33.04016704559325,-106.6751480102539,-25.738134384155273,0,0.6198198468625127,-20,6,0,tracking,0,0.0
653,584.515000,41.094,1,2,0.022904,orb,1,0.9823129251700681,1.0,9,1,0,175.5,160.5,133.69757080078125,151.01976013183594,114.78366897583008,146.4521255493164,-205.2163310241699,-33.547874450683594,-105.07723236083984,-25.375747680664062,0,0.6406063132522931,-20,7,0,tracking,0,0.0
654,584.562000,16.894,1,2,0.020195,orb,1,0.9865047233468286,1.0,9,1,0,172.5,160.0,131.4816436767578,150.4603271484375,112.84355224609375,145.9568383026123,-207.15644775390626,-34.04316169738769,-103.54495239257812,-25.01938247680664,0,0.6544067552114419,-20,7,0,tracking,0,0.0
655,584.593000,16.618,1,3,0.015556,orb,1,0.9946018893387314,1.0,9,1,0,170.5,159.5,130.82850646972656,150.2790069580078,112.44759948730469,145.83529678344726,-207.55240051269533,-34.16470321655274,-102.11614990234375,-24.687278747558594,0,0.6829351561256976,-20,7,0,tracking,0,0.0
656,584.625000,26.758,1,2,0.013902,orb,1,0.996031746031746,0.9999826388888889,9,1,0,168.5,149.0,129.97779846191406,149.46014404296875,111.83834075927734,145.01354961395265,-208.16165924072266,-34.98645038604735,-100.77476501464844,-24.70330238342285,0,0.6593474376442628,-20,7,0,tracking,0,0.0
657,584.671000,15.332,1,2,0.013997,orb,1,0.9866863905325444,1.0,9,1,0,166.5,153.0,127.74922943115234,148.59727478027344,109.84795944213867,144.17774242401123,-210.1520405578613,-35.82225757598877,-99.45149993896484,-24.55295753479004,0,0.6865513194863464,-20,7,0,tracking,0,0.0
658,584.718000,16.513,1,2,0.021417,orb,1,0.9754224270353302,0.9960546875,9,0,1,,,123.07501220703125,147.4432830810547,105.17374221801758,143.02375072479248,-214.8262577819824,-36.97624927520752,-99.45149993896484,-24.55295753479004,1,0.6462164294665993,-20,7,0,tracking,0,0.0
659,584.750000,43.346,1,1,0.015566,orb,1,0.8643790849673203,0.9971006944444445,9,0,1,,,119.89256286621094,146.6575927734375,101.99129287719727,142.2380604171753,-218.00870712280272,-37.76193958282471,-99.45149993896484,-24.55295753479004,2,0.6187543766871119,-20,7,0,tracking,0,0.0
660,584.796000,29.215,1,0,0.006473,orb,1,0.9776714513556619,0.9990190972222223,9,0,1,,,115.31779479980469,145.5281524658203,97.41652481079102,141.1086201095581,-222.58347518920897,-38.8913798904419,-99.45149993896484,-24.55295753479004,3,0.5792776758166047,-20,8,0,tracking,0,0.0
661,584.828000,25.556,1,1,0.008591,orb,1,0.964968152866242,0.9983506944444445,9,1,0,58.0,18.5,108.62626647949219,136.55935668945312,90.38900436401367,131.3562982940674,-229.61099563598634,-48.643701705932614,-101.31812286376953,-28.905879974365234,0,0.40018089129373213,-20,9,0,tracking,0,0.0
662,584.875000,34.296,1,2,0.024529,orb,1,0.7372742200328407,0.9999131944444445,9,1,0,66.5,127.5,101.48114776611328,134.70960998535156,83.01794769287109,129.459986038208,-236.98205230712892,-50.540013961792,-102.57333374023438,-29.16457748413086,0,0.6763276784345289,-20,10,0,tracking,0,0.0
663,584.906000,15.844,1,1,0.024788,orb,1,0.8736517719568567,0.9982118055555556,9,0,1,,,98.30137634277344,133.80551147460938,79.83817626953125,128.5558875274658,-240.16182373046877,-51.44411247253419,-102.57333374023438,-29.16457748413086,1,0.6501199808952339,-20,10,0,tracking,0,0.0
664,584.953000,34.237,1,2,0.020663,orb,1,0.9397217928902627,0.9965017361111111,9,1,0,59.5,19.0,91.28118133544922,125.09317779541016,72.61275115966797,119.15844505310059,-247.38724884033203,-60.84155494689941,-103.7135009765625,-32.97073745727539,0,0.327596778211931,-20,12,0,tracking,0,0.0
665,585.000000,15.251,1,0,0.010526,orb,1,0.8412213740458016,0.9994791666666667,9,0,1,,,86.40664672851562,123.5435562133789,67.73821655273437,117.60882347106934,-252.26178344726563,-62.39117652893066,-103.7135009765625,-32.97073745727539,1,0.30835046749196965,-20,12,0,tracking,0,0.0
666,585.031000,35.868,1,4,0.066120,orb,1,0.7620528771384136,0.9942144097222222,9,1,0,28.0,86.5,79.5745849609375,120.16082000732422,60.57372085571289,114.00912033081055,-259.4262791442871,-65.99087966918945,-105.56035614013672,-34.176109313964844,0,0.4994101347974863,-20,13,0,tracking,0,0.0
667,585.062000,29.396,1,2,0.017383,orb,1,0.9489164086687306,0.9984939236111111,9,1,0,59.5,19.0,75.2377700805664,112.75981903076172,56.13963714599609,106.0286262512207,-263.86036285400394,-73.9713737487793,-106.10073852539062,-37.39551544189453,0,0.300372447590349,-20,14,0,tracking,0,0.0
668,585.109000,67.940,1,0,0.008924,orb,1,0.9671875,0.9984548611111111,9,0,1,,,70.25103759765625,111.00222778320312,51.152904663085934,104.2710350036621,-268.8470953369141,-75.7289649963379,-106.10073852539062,-37.39551544189453,1,0.2827255662944064,-20,15,0,tracking,0,0.0
670,585.187000,37.582,1,2,0.044753,orb,1,0.9505409582689336,0.9954296875,9,1,0,163.5,164.5,68.77853393554688,111.8658218383789,50.28871673583984,105.47265434265137,-269.71128326416016,-74.52734565734863,-102.72120666503906,-35.51759719848633,0,0.3104202089344197,-20,14,0,tracking,0,0.0
671,585.234000,31.851,1,1,0.016292,orb,1,0.9715568862275449,0.9987239583333334,9,1,0,60.0,18.5,63.69148254394531,104.18138885498047,45.17865997314453,97.25426658630371,-274.82134002685547,-82.74573341369629,-102.84901428222656,-38.484012603759766,0,0.34166745342117333,-20,16,0,tracking,0,0.0
673,585.312000,45.208,1,5,0.075332,orb,1,0.8090062111801242,0.9961631944444445,9,1,0,41.5,79.5,54.73222351074219,99.74592590332031,36.13709274291992,92.69286804199218,-283.8629072570801,-87.30713195800782,-103.30628204345703,-39.18365478515625,0,0.5973761441739858,-20,17,0,tracking,0,0.0
674,585.343000,14.937,1,1,0.014992,orb,1,0.9482496194824962,0.9990625,9,1,0,29.0,86.0,50.092105865478516,97.73162078857422,31.37115005493164,90.60857795715332,-288.62884994506834,-89.39142204284668,-104.00531005859375,-39.57246017456055,0,0.7402155783110376,-20,17,0,tracking,0,0.0
675,585.390000,35.094,1,1,0.011139,orb,1,0.9751552795031055,0.9994097222222222,9,0,1,,,45.203857421875,95.87171173095703,26.482901611328124,88.74866889953613,-293.51709838867185,-91.25133110046387,-104.00531005859375,-39.57246017456055,1,0.6967279130852405,-20,18,0,tracking,0,0.0
676,585.421000,31.910,1,1,0.020252,orb,1,0.9544740973312402,0.9982899305555556,9,1,0,59.5,19.0,43.107757568359375,89.77448272705078,24.484698181152343,82.22876632690429,-295.51530181884766,-97.77123367309571,-103.46144104003906,-41.92064666748047,0,0.42006215305650485,-20,19,0,tracking,0,0.0
677,585.468000,27.079,1,4,0.044355,orb,1,0.8127853881278538,0.9909505208333333,9,1,0,44.5,79.0,38.639835357666016,87.2485580444336,20.050867919921874,79.65485473632812,-299.94913208007813,-100.34514526367188,-103.27204132080078,-42.18724060058594,0,0.6686501757294334,-20,20,0,tracking,0,0.0
678,585.500000,16.747,1,3,0.021246,orb,1,0.9522342064714946,0.9964930555555556,9,1,0,63.5,18.0,37.056034088134766,81.74988555908203,18.615251617431642,73.79894393920898,-301.3847483825684,-106.20105606079102,-102.44879150390625,-44.171897888183594,0,0.39805817023062096,-20,20,0,tracking,0,0.0
679,585.546000,15.954,1,1,0.016216,orb,1,0.9457364341085271,0.9986024305555555,9,0,1,,,32.34339141845703,79.71797943115234,13.902608947753908,71.7670378112793,-306.0973910522461,-108.2329621887207,-102.44879150390625,-44.171897888183594,1,0.3751698254423358,-20,20,0,tracking,0,0.0
680,585.593000,14.907,1,1,0.024611,orb,1,0.8070987654320988,0.9969184027777778,9,0,1,,,27.528297424316406,77.64189910888672,9.087514953613283,69.69095748901367,-310.91248504638673,-110.30904251098633,-102.44879150390625,-44.171897888183594,2,0.35178390794133074,-20,20,0,tracking,0,0.0
681,585.625000,27.377,1,3,0.024748,orb,1,0.9719626168224299,0.9968359375,9,1,0,64.0,18.0,26.809375762939453,72.47917175292969,8.58647689819336,64.2090615081787,-311.4135231018066,-115.7909384918213,-101.23832702636719,-45.9450569152832,0,0.5345084719240377,-20,20,0,tracking,0,0.0
682,585.671000,15.704,1,6,0.041530,orb,1,0.7933130699088146,0.9931597222222223,9,1,0,60.5,18.5,24.56863784790039,67.09771728515625,6.550557098388673,58.5505867767334,-313.44944290161135,-121.4494132232666,-100.10044860839844,-47.48405838012695,0,0.4588892738969883,-20,20,0,tracking,0,0.0
683,585.703000,15.329,1,3,0.022358,orb,1,0.9722222222222222,0.9982118055555556,9,1,0,64.0,18.0,23.96505355834961,62.677154541015625,6.16677490234375,53.884734344482425,-313.8332250976562,-126.11526565551758,-98.87932586669922,-48.846778869628906,0,0.5248114487329173,-20,20,0,tracking,0,0.0
684,585.750000,40.330,1,2,0.016680,orb,1,0.9801223241590215,0.9955598958333334,9,1,0,60.0,19.0,21.754819869995117,57.902381896972656,4.16194160461426,48.90103263854981,-315.83805839538576,-131.0989673614502,-97.73821258544922,-50.00749588012695,0,0.5318697636782528,-20,20,0,tracking,0,0.0
685,585.796000,16.273,1,1,0.025834,orb,1,0.785824345146379,0.9950868055555555,9,1,0,69.5,18.5,20.33367156982422,53.41828155517578,2.999259033203124,44.23336860656738,-317.00074096679685,-135.76663139343262,-96.30229187011719,-51.02729415893555,0,0.5828300247324094,-20,20,0,tracking,0,0.0
686,585.828000,14.997,1,2,0.020881,orb,1,0.9420062695924765,0.9925390625,9,0,1,,,17.251998901367188,51.78540802001953,-0.0824136352539071,42.60049507141113,-320.0824136352539,-137.39950492858887,-96.30229187011719,-51.02729415893555,1,0.5595168237431674,-20,20,0,tracking,0,0.0
687,585.875000,41.868,1,1,0.011358,orb,1,0.896602658788774,0.9989149305555556,9,0,1,,,12.725791931152344,49.38712692260742,-4.608620605468751,40.20221397399902,-324.60862060546873,-139.79778602600098,-96.30229187011719,-51.02729415893555,2,0.5252755597901198,-20,20,0,tracking,0,0.0
688,585.906000,15.667,1,0,0.012802,orb,1,0.9679389312977099,0.9987934027777777,9,0,1,,,9.740421295166016,47.80528259277344,-7.593991241455079,38.62036964416504,-327.59399124145506,-141.37963035583496,-96.30229187011719,-51.02729415893555,3,0.502690896331776,-20,20,0,tracking,0,0.0
689,585.953000,15.125,1,2,0.019853,orb,1,0.9648318042813455,0.9962369791666666,9,1,0,61.0,19.0,8.771346092224121,43.723182678222656,-8.267236213684082,34.39823455810547,-328.2672362136841,-145.60176544189454,-94.6587905883789,-51.805267333984375,0,0.6394948052214118,-20,20,0,tracking,0,0.0
690,585.984000,62.662,1,2,0.018664,orb,1,0.9739263803680982,0.9983506944444445,9,1,0,69.5,19.0,9.756965637207031,40.69377899169922,-6.956338958740233,31.250716857910156,-326.9563389587402,-148.74928314208984,-92.85169219970703,-52.461456298828125,0,0.4957953386797259,-20,20,0,tracking,0,0.0
692,586.062000,16.130,1,3,0.039160,orb,1,0.942457231726283,0.9934027777777777,9,0,1,,,2.514533519744873,36.601783752441406,-14.19877107620239,27.158721618652343,-334.1987710762024,-152.84127838134765,-92.85169219970703,-52.461456298828125,1,0.44745529315846844,-20,20,0,tracking,0,0.0
693,586.109000,30.057,1,2,0.016987,orb,1,0.9493087557603687,0.9974913194444445,9,1,0,69.5,19.0,2.760082721710205,33.15821838378906,-13.573484935760497,23.63459899902344,-333.5734849357605,-156.36540100097656,-90.7420425415039,-52.90899658203125,0,0.5511230813746857,-20,20,0,tracking,0,0.0
694,586.140000,16.565,1,0,0.012961,orb,1,0.9308270676691729,0.997890625,9,0,1,,,-0.05292057991027832,31.51803970336914,-16.38648823738098,21.994420318603517,-336.386488237381,-158.00557968139648,-90.7420425415039,-52.90899658203125,1,0.5297670619714517,-20,20,0,tracking,0,0.0
695,586.187000,16.009,1,0,0.013491,orb,1,0.9756468797564688,0.9986284722222222,9,0,1,,,-4.31779670715332,29.03131675720215,-20.651364364624023,19.507697372436525,-340.65136436462404,-160.49230262756348,-90.7420425415039,-52.90899658203125,2,0.4973885809406714,-20,20,0,tracking,0,0.0
696,586.234000,29.156,1,1,0.018439,orb,1,0.9082278481012658,0.9968489583333333,9,1,0,64.0,19.0,-3.682058334350586,26.035200119018555,-19.615188064575193,16.469956970214845,-339.6151880645752,-163.53004302978516,-88.51738739013672,-53.14023971557617,0,0.6194362297474456,-20,20,0,tracking,0,0.0
697,586.265000,15.062,1,0,0.010894,orb,1,0.9041916167664671,1.0,9,0,1,,,-6.426097393035889,24.38785171508789,-22.359227123260496,14.82260856628418,-342.3592271232605,-165.17739143371583,-88.51738739013672,-53.14023971557617,1,0.5954330758447716,-20,20,0,tracking,0,0.0
698,586.312000,15.217,1,0,0.017621,orb,1,0.9249201277955271,0.9921571180555555,9,0,1,,,-10.586414337158203,21.890260696411133,-26.51954406738281,12.325017547607422,-346.5195440673828,-167.67498245239258,-88.51738739013672,-53.14023971557617,2,0.5590411973470893,-20,20,0,tracking,0,0.0
699,586.343000,30.133,1,2,0.028750,orb,1,0.8021806853582555,0.9944270833333333,9,0,1,,,-13.330453872680664,20.24291229248047,-29.26358360290527,10.677669143676757,-349.26358360290527,-169.32233085632325,-88.51738739013672,-53.14023971557617,3,0.5350380434444153,-20,20,0,tracking,0,0.0
700,586.390000,15.626,1,3,0.022835,orb,1,0.9586206896551724,0.9927604166666667,9,0,1,,,-17.49077033996582,17.74532127380371,-33.42390007019043,8.180078125,-353.4239000701904,-171.819921875,-88.51738739013672,-53.14023971557617,4,0.49864616494673314,-20,20,0,tracking,0,0.0
701,586.421000,15.128,1,2,0.023195,orb,1,0.8651685393258427,0.9915364583333334,9,0,1,,,-20.23480987548828,16.097972869873047,-36.16793960571289,6.532729721069336,-356.1679396057129,-173.46727027893067,-88.51738739013672,-53.14023971557617,5,0.47464301104397105,-20,20,0,tracking,0,0.0
702,586.468000,28.712,1,4,0.035195,orb,1,0.7852664576802508,0.9918706597222222,9,1,0,183.0,19.5,-8.441681861877441,14.054198265075684,-23.098701515197753,4.525256004333496,-343.0987015151978,-175.4747439956665,-81.42788696289062,-52.938568115234375,0,0.2638851500035022,-20,20,0,tracking,0,0.0
703,586.500000,15.402,1,5,0.026303,orb,1,0.8117088607594937,0.9935199652777778,9,1,0,65.0,18.0,-5.470439910888672,12.773760795593262,-19.682745361328124,3.277799491882325,-339.6827453613281,-176.72220050811768,-78.9572525024414,-52.755340576171875,0,0.516020668530714,-20,20,0,tracking,0,0.0
704,586.546000,15.011,1,4,0.019310,orb,1,0.9333333333333333,0.9944010416666667,9,1,0,69.5,19.0,-3.5248401165008545,10.961030960083008,-17.29401339530945,1.513851699829102,-337.29401339530943,-178.4861483001709,-76.49540710449219,-52.48432922363281,0,0.45544639638010154,-20,20,0,tracking,0,0.0
705,586.593000,31.048,1,6,0.036650,orb,1,0.7563694267515924,0.9939409722222222,9,1,0,69.5,18.0,-1.8434568643569946,9.148907661437988,-15.194667649269103,-0.2464181900024407,-335.1946676492691,-180.24641819000243,-74.17339324951172,-52.19625473022461,0,0.49220913517588805,-20,20,0,tracking,0,0.0
706,586.625000,14.988,1,3,0.019014,orb,1,0.9059967585089141,0.9911588541666667,9,0,1,,,-4.217005729675293,7.4786272048950195,-17.5682165145874,-1.9166986465454094,-337.5682165145874,-181.9166986465454,-74.17339324951172,-52.19625473022461,1,0.47252076976882845,-20,20,0,tracking,0,0.0
707,586.671000,15.034,1,4,0.022866,orb,1,0.8887070376432079,0.9944357638888889,9,1,0,64.0,19.0,-2.7090988159179688,6.033868789672852,-15.672294464111328,-3.286039352416992,-335.6722944641113,-183.286039352417,-72.01775360107422,-51.77726745605469,0,0.5884414951783314,-20,20,0,tracking,0,0.0
708,586.703000,29.382,1,3,0.020581,orb,1,0.8894154818325435,0.9916015625,9,0,1,,,-5.013667106628418,4.376996040344238,-17.976862754821777,-4.9429121017456055,-337.97686275482175,-184.9429121017456,-72.01775360107422,-51.77726745605469,1,0.564903835371253,-20,20,0,tracking,0,0.0
709,586.750000,15.993,1,1,0.021895,orb,1,0.9694533762057878,0.9913368055555556,9,0,1,,,-8.3985013961792,1.9434645175933838,-21.36169704437256,-7.37644362449646,-341.36169704437253,-187.37644362449646,-72.01775360107422,-51.77726745605469,2,0.5303328975295073,-20,20,0,tracking,0,0.0
710,586.781000,15.411,1,2,0.024350,orb,1,0.8081761006289309,0.9935590277777778,9,1,0,76.0,17.5,-4.540923595428467,1.5448250770568848,-17.026797618865967,-7.680525798797607,-337.02679761886594,-187.68052579879762,-69.365966796875,-51.251949310302734,0,0.5080875208968192,-20,20,0,tracking,0,0.0
711,586.828000,29.979,1,2,0.017930,orb,1,0.946843853820598,0.9937065972222222,9,0,1,,,-7.80112361907959,-0.8640165328979492,-20.28699764251709,-10.089367408752441,-340.28699764251706,-190.08936740875245,-69.365966796875,-51.251949310302734,1,0.4782373790441149,-20,20,0,tracking,0,0.0
712,586.875000,15.892,1,1,0.015326,orb,1,0.8045602605863192,0.9962673611111111,9,0,1,,,-11.061324119567871,-3.272858142852783,-23.54719814300537,-12.498209018707275,-343.54719814300535,-192.49820901870729,-69.365966796875,-51.251949310302734,2,0.4483872371914106,-20,20,0,tracking,0,0.0
713,586.906000,15.436,1,2,0.018144,orb,1,0.8386581469648562,0.9965711805555556,9,1,0,64.0,17.5,-7.601416110992432,-3.2368545532226562,-19.650951633453367,-12.335835189819335,-339.65095163345336,-192.33583518981933,-66.94186401367188,-50.54989242553711,0,0.5702454839757148,-20,20,0,tracking,0,0.0
714,586.953000,30.277,1,2,0.021107,orb,1,0.8387096774193549,0.9964713541666667,9,1,0,64.0,18.0,-5.4895124435424805,-3.9516496658325195,-17.13118053436279,-12.92178539276123,-337.1311805343628,-192.92178539276122,-64.67593383789062,-49.83408737182617,0,0.4817638787697658,-20,20,0,tracking,0,0.0
715,586.984000,15.155,1,1,0.021988,orb,1,0.8675078864353313,0.9910980902777777,9,0,1,,,-7.494466304779053,-5.496506214141846,-19.136134395599363,-14.466641941070556,-339.13613439559936,-194.46664194107055,-64.67593383789062,-49.83408737182617,1,0.46309552846739954,-20,20,0,tracking,0,0.0
716,587.031000,14.995,1,2,0.019399,orb,1,0.9331210191082803,0.9952039930555555,9,0,1,,,-10.534235000610352,-7.83870792388916,-22.175903091430662,-16.80884365081787,-342.17590309143065,-196.80884365081786,-64.67593383789062,-49.83408737182617,2,0.43479190058972894,-20,20,0,tracking,0,0.0
717,587.062000,30.779,1,2,0.019043,orb,1,0.9355877616747182,0.9919140625,9,0,1,,,-12.539188385009766,-9.383564949035645,-24.180856475830076,-18.353700675964355,-344.18085647583007,-198.35370067596435,-64.67593383789062,-49.83408737182617,3,0.41612355028736275,-20,20,0,tracking,0,0.0
718,587.109000,14.802,1,1,0.010319,orb,1,0.8896103896103896,0.996875,9,0,1,,,-15.578956604003906,-11.725767135620117,-27.220624694824217,-20.695902862548827,-347.2206246948242,-200.69590286254882,-64.67593383789062,-49.83408737182617,4,0.38781992240962365,-20,20,0,tracking,0,0.0
719,587.140000,14.916,1,2,0.017838,orb,1,0.9521452145214522,0.9925,9,0,1,,,-17.58390998840332,-13.270624160766602,-29.22557807922363,-22.24075988769531,-349.2255780792236,-202.2407598876953,-64.67593383789062,-49.83408737182617,5,0.3691515721073259,-20,20,0,tracking,0,0.0
720,587.187000,38.853,1,1,0.024049,orb,1,0.8499184339314845,0.9920789930555556,9,0,1,,,-20.62367820739746,-15.612826347351074,-32.26534629821777,-24.582962074279784,-352.26534629821776,-204.58296207427978,-64.67593383789062,-49.83408737182617,6,0.34084794422958686,-20,20,0,tracking,0,0.0
721,587.234000,16.248,1,1,0.017139,orb,1,0.9536,0.9914192708333334,9,1,0,190.0,19.0,-6.123143672943115,-14.921274185180664,-16.43185018539429,-23.66086250305176,-336.4318501853943,-203.66086250305176,-57.270591735839844,-48.55326843261719,0,0.23136657175606323,-20,20,0,tracking,0,0.0
722,587.265000,14.736,1,1,0.017390,orb,1,0.9636363636363636,0.9913498263888889,9,0,1,,,-7.898531913757324,-16.42642593383789,-18.207238426208498,-25.166014251708987,-338.2072384262085,-205.166014251709,-57.270591735839844,-48.55326843261719,1,0.2224011171005305,-20,20,0,tracking,0,0.0
723,587.312000,29.389,1,2,0.015457,orb,1,0.9116719242902208,0.9928993055555555,9,0,1,,,-10.590250015258789,-18.70842933654785,-20.898956527709963,-27.448017654418948,-340.89895652770997,-207.44801765441895,-57.270591735839844,-48.55326843261719,2,0.20880833100985444,-20,20,0,tracking,0,0.0
724,587.343000,14.780,1,2,0.015575,orb,1,0.9492063492063492,0.9926085069444445,9,0,1,,,-12.365638732910156,-20.213581085205078,-22.67434524536133,-28.953169403076174,-342.67434524536134,-208.95316940307617,-57.270591735839844,-48.55326843261719,3,0.1998428763543217,-20,20,0,tracking,0,0.0
725,587.390000,16.068,1,2,0.019621,orb,1,0.848966613672496,0.9927951388888889,9,0,1,,,-15.057355880737305,-22.49558448791504,-25.36606239318848,-31.235172805786135,-345.3660623931885,-211.23517280578614,-57.270591735839844,-48.55326843261719,4,0.18625009026364564,-20,20,0,tracking,0,0.0
726,587.421000,31.243,1,2,0.024084,orb,1,0.8541666666666666,0.9919097222222222,9,1,0,169.5,20.5,-0.5100541114807129,-20.10248565673828,-9.60006097793579,-28.55101936340332,-329.6000609779358,-208.55101936340333,-50.500038146972656,-46.93629837036133,0,0.19217958365933152,-20,20,0,tracking,0,0.0
727,587.468000,15.516,1,0,0.012380,orb,1,0.889776357827476,0.9977864583333333,9,0,1,,,-2.8835558891296387,-22.308490753173828,-11.973562755584716,-30.757024459838867,-331.97356275558474,-210.75702445983887,-50.500038146972656,-46.93629837036133,1,0.180889033119367,-20,20,0,tracking,0,0.0
728,587.515000,15.744,1,0,0.011603,orb,1,0.8139904610492846,0.996875,9,0,1,,,-5.2570576667785645,-24.514495849609375,-14.347064533233642,-32.963029556274414,-334.34706453323366,-212.96302955627442,-50.500038146972656,-46.93629837036133,2,0.16959848257937515,-20,20,0,tracking,0,0.0
729,587.546000,27.945,1,0,0.010682,orb,1,0.9016129032258065,0.9966840277777778,9,0,1,,,-6.822558879852295,-25.969520568847656,-15.912565746307372,-34.418054275512695,-335.9125657463074,-214.4180542755127,-50.500038146972656,-46.93629837036133,3,0.16215152371256097,-20,20,0,tracking,0,0.0
730,587.593000,15.383,1,1,0.015424,orb,1,0.9377104377104377,0.9933159722222222,9,0,1,,,-9.196060180664062,-28.175525665283203,-18.28606704711914,-36.62405937194824,-338.28606704711916,-216.62405937194825,-50.500038146972656,-46.93629837036133,4,0.15086097317259645,-20,20,0,tracking,0,0.0
731,587.625000,15.281,1,0,0.008683,orb,1,0.9578606158833063,0.9967274305555556,9,0,1,,,-10.812061309814453,-29.677486419677734,-19.90206817626953,-38.12602012634277,-339.90206817626955,-218.12602012634278,-50.500038146972656,-46.93629837036133,5,0.1431737898262138,-20,20,0,tracking,0,0.0
732,587.671000,28.427,1,1,0.027112,orb,1,0.8682042833607908,0.996875,9,0,1,,,-13.135063171386719,-31.83655548095703,-22.225070037841796,-40.28508918762207,-342.2250700378418,-220.28508918762208,-50.500038146972656,-46.93629837036133,6,0.13212346376579043,-20,20,0,tracking,0,0.0
733,587.703000,16.178,1,3,0.025181,orb,1,0.8544,0.9917838541666667,9,1,0,169.0,21.0,3.5076706409454346,-27.939077377319336,-4.259519147872925,-35.9964298248291,-324.25951914787294,-215.9964298248291,-43.15105438232422,-44.76306915283203,0,0.3291090539302378,-20,20,0,tracking,0,0.0
734,587.750000,16.342,1,4,0.025056,orb,1,0.9388429752066115,0.9913368055555556,9,0,1,,,1.4795711040496826,-30.04294204711914,-6.287618684768677,-38.100294494628905,-326.2876186847687,-218.1002944946289,-43.15105438232422,-44.76306915283203,1,0.3097738970118259,-20,20,0,tracking,0,0.0
735,587.781000,29.582,1,2,0.019152,orb,1,0.9455128205128205,0.99171875,9,1,0,117.5,19.5,11.36841869354248,-26.55855369567871,4.40800853729248,-34.26578353881836,-315.59199146270754,-214.26578353881837,-38.6689453125,-42.81794357299805,0,0.305362439531334,-20,20,0,tracking,0,0.0
736,587.828000,15.089,1,0,0.013017,orb,1,0.9579967689822294,0.991640625,9,0,1,,,9.550978660583496,-28.57099723815918,2.590568504333496,-36.27822708129883,-317.4094314956665,-216.27822708129884,-38.6689453125,-42.81794357299805,1,0.2874223962088584,-20,20,0,tracking,0,0.0
737,587.875000,16.088,1,2,0.023300,orb,1,0.9428129829984544,0.9910199652777778,9,0,1,,,7.7335381507873535,-30.58344078063965,0.7731279945373535,-38.2906706237793,-319.22687200546267,-218.2906706237793,-38.6689453125,-42.81794357299805,2,0.26948235288638284,-20,20,0,tracking,0,0.0
738,587.906000,31.092,1,1,0.020731,orb,1,0.9683042789223455,0.9913368055555556,9,1,0,55.0,19.0,11.16565227508545,-27.046268463134766,4.534344444274903,-34.407788772583004,-315.4656555557251,-214.407788772583,-36.840599060058594,-40.897335052490234,0,0.6151069494495556,-20,20,0,tracking,0,0.0
739,587.953000,16.654,1,0,0.013248,orb,1,0.8467741935483871,0.9955946180555556,9,0,1,,,9.434144020080566,-28.968442916870117,2.80283618927002,-36.329963226318355,-317.19716381073,-216.32996322631834,-36.840599060058594,-40.897335052490234,1,0.5789694161693746,-20,20,0,tracking,0,0.0
740,587.984000,14.831,1,1,0.020740,orb,1,0.9523809523809523,0.99234375,9,0,1,,,8.292085647583008,-30.23625946044922,1.6607778167724616,-37.59777976989746,-318.33922218322755,-217.59777976989744,-36.840599060058594,-40.897335052490234,2,0.5551340218781561,-20,20,0,tracking,0,0.0
741,588.031000,30.643,1,0,0.020583,orb,1,0.9662379421221865,0.9925434027777778,9,0,1,,,6.560577392578125,-32.1584358215332,-0.0707304382324212,-39.51995613098144,-320.07073043823243,-219.51995613098143,-36.840599060058594,-40.897335052490234,3,0.5189964885980625,-20,20,0,tracking,0,0.0
742,588.062000,16.018,1,0,0.012725,orb,1,0.8012924071082391,0.9956553819444445,9,0,1,,,5.418519020080566,-33.42625427246094,-1.2127888107299798,-40.787774581909176,-321.21278881073,-220.78777458190916,-36.840599060058594,-40.897335052490234,4,0.49516109430684396,-20,20,0,tracking,0,0.0
743,588.109000,15.289,1,5,0.036991,orb,1,0.8925619834710744,0.996875,9,1,0,60.0,19.0,9.359585762023926,-29.873750686645508,3.124462089538574,-36.852908325195315,-316.87553791046145,-216.8529083251953,-34.63957595825195,-38.77309799194336,0,0.6811932520282165,-20,20,0,tracking,0,0.0
744,588.140000,41.358,1,6,0.063989,orb,1,0.8367346938775511,0.9909765625,9,1,0,55.5,18.0,12.701802253723145,-26.485565185546875,6.774410438537598,-33.14485862731934,-313.2255895614624,-213.14485862731934,-32.929954528808594,-36.99607467651367,0,0.5794039568640561,-20,20,0,tracking,0,0.0
745,588.187000,15.153,1,3,0.049851,orb,1,0.8989547038327527,0.9956770833333334,9,0,1,,,11.154094696044922,-28.224380493164062,5.226702880859375,-34.883673934936525,-314.77329711914064,-214.88367393493652,-32.929954528808594,-36.99607467651367,1,0.5453639743982743,-20,20,0,tracking,0,0.0
746,588.234000,14.911,1,2,0.054006,orb,1,0.8558718861209964,0.9943836805555556,9,0,1,,,9.6063871383667,-29.96319580078125,3.6789953231811525,-36.62248924255371,-316.32100467681886,-216.6224892425537,-32.929954528808594,-36.99607467651367,2,0.5113239919324927,-20,20,0,tracking,0,0.0
747,588.265000,29.150,1,5,0.073078,orb,1,0.833641404805915,0.9892404513888889,9,0,1,,,8.585558891296387,-31.11007308959961,2.65816707611084,-37.76936653137207,-317.34183292388917,-217.76936653137207,-32.929954528808594,-36.99607467651367,3,0.48887208860404735,-20,20,0,tracking,0,0.0
748,588.312000,15.198,1,5,0.069074,orb,1,0.9289617486338798,0.996875,9,0,1,,,7.037851333618164,-32.8488883972168,1.1104595184326174,-39.50818183898926,-318.8895404815674,-219.50818183898926,-32.929954528808594,-36.99607467651367,4,0.4548321061382656,-20,20,0,tracking,0,0.0
749,588.343000,15.600,1,4,0.067674,orb,1,0.9388111888111889,0.9913368055555556,9,0,1,,,6.017022609710693,-33.995765686035156,0.08963079452514666,-40.65505912780762,-319.91036920547486,-220.65505912780762,-32.929954528808594,-36.99607467651367,5,0.4323802028098203,-20,20,0,tracking,0,0.0
750,588.390000,30.491,1,10,0.107360,orb,1,0.7441016333938294,0.9892578125,9,0,1,,,4.4693145751953125,-35.734580993652344,-1.4580772399902342,-42.393874435424806,-321.45807723999025,-222.3938744354248,-32.929954528808594,-36.99607467651367,6,0.3983402203440386,-20,20,0,tracking,0,0.0
751,588.421000,15.395,1,6,0.077899,orb,1,0.874326750448833,0.9953211805555555,9,0,1,,,3.448485851287842,-36.8814582824707,-2.478905963897705,-43.540751724243165,-322.4789059638977,-223.54075172424317,-32.929954528808594,-36.99607467651367,7,0.37588831701551095,-20,20,0,tracking,0,0.0
752,588.468000,40.802,1,5,0.097862,orb,1,0.7562277580071174,0.991640625,9,0,1,,,1.90077805519104,-38.62027359008789,-4.026613759994507,-45.27956703186035,-324.0266137599945,-225.27956703186035,-32.929954528808594,-36.99607467651367,8,0.34184833454981156,0,0,0,prediction_stale,0,0.0
753,588.515000,34.411,1,7,0.094947,orb,1,0.9488536155202821,0.9910546875,9,1,0,69.0,18.0,7.9586873054504395,-33.89329528808594,2.5463747215270995,-40.11470252990723,-317.4536252784729,-220.11470252990722,-30.068403244018555,-34.56337356567383,0,0.6409111579602436,-20,20,0,tracking,0,0.0
754,588.546000,16.504,1,2,0.085675,orb,1,0.9050086355785838,0.9968272569444444,9,0,1,,,7.026566982269287,-34.964759826660156,1.6142543983459472,-41.186167068481446,-318.38574560165404,-221.18616706848144,-30.068403244018555,-34.56337356567383,1,0.6160758505892339,-20,20,0,tracking,0,0.0
755,588.593000,15.512,1,6,0.092594,orb,1,0.9541734860883797,0.9945746527777778,9,1,0,60.0,18.5,11.330589294433594,-30.798141479492188,6.303187866210938,-36.62966522216797,-313.6968121337891,-216.62966522216797,-27.930007934570312,-32.39735412597656,0,0.530815945481214,-20,20,0,tracking,0,0.0
756,588.625000,28.931,1,6,0.109914,orb,1,0.8458961474036851,0.9914236111111111,9,0,1,,,10.43682861328125,-31.834856033325195,5.409427185058594,-37.66637977600098,-314.5905728149414,-217.66637977600098,-27.930007934570312,-32.39735412597656,1,0.5095833076619395,-20,20,0,tracking,0,0.0
757,588.671000,17.064,1,4,0.092556,orb,1,0.9354275741710296,0.9969097222222222,9,0,1,,,9.152048110961914,-33.32513427734375,4.124646682739258,-39.156658020019535,-315.87535331726076,-219.15665802001953,-27.930007934570312,-32.39735412597656,2,0.4790613907967371,-20,20,0,tracking,0,0.0
758,588.703000,15.047,1,7,0.088232,orb,1,0.9628378378378378,0.9929774305555555,9,1,0,60.0,19.0,13.557795524597168,-28.896404266357422,8.884918785095216,-34.36230232238769,-311.11508121490476,-214.36230232238768,-25.960426330566406,-30.366100311279297,0,0.6231293791424573,-20,20,0,tracking,0,0.0
759,588.750000,41.924,1,6,0.087951,orb,1,0.9431818181818182,0.99546875,9,0,1,,,12.337656021118164,-30.323610305786133,7.6647792816162115,-35.7895083618164,-312.33522071838377,-215.7895083618164,-25.960426330566406,-30.366100311279297,1,0.5865205281178181,-20,20,0,tracking,0,0.0
760,588.781000,16.899,1,7,0.089398,orb,1,0.8905472636815921,0.9907074652777778,9,0,1,,,11.532882690429688,-31.26495933532715,6.860005950927735,-36.73085739135742,-313.13999404907224,-216.7308573913574,-25.960426330566406,-30.366100311279297,2,0.5623742646760875,-20,20,0,tracking,0,0.0
761,588.828000,15.837,1,10,0.134450,orb,1,0.7679465776293823,0.9871137152777778,9,1,0,68.5,18.5,16.190624237060547,-27.520904541015625,11.90873752593994,-32.64281620025635,-308.09126247406004,-212.64281620025633,-23.788259506225586,-28.45506477355957,0,0.5458657142786122,-20,20,0,tracking,0,0.0
762,588.859000,41.737,1,8,0.079024,orb,1,0.8737704918032787,0.9970833333333333,9,0,1,,,15.453187942504883,-28.403011322021484,11.171301231384277,-33.52492298126221,-308.8286987686157,-213.5249229812622,-23.788259506225586,-28.45506477355957,1,0.5247134178502731,-20,20,0,tracking,0,0.0
763,588.906000,15.796,1,7,0.069290,orb,1,0.955810147299509,0.993828125,9,0,1,,,14.335140228271484,-29.740398406982422,10.053253517150878,-34.862310066223145,-309.9467464828491,-214.86231006622313,-23.788259506225586,-28.45506477355957,2,0.4926438071364649,-20,20,0,tracking,0,0.0
764,588.953000,16.815,1,9,0.069361,orb,1,0.9565217391304348,0.9968836805555555,9,1,0,64.0,17.5,18.281509399414062,-26.233278274536133,14.335040435791015,-31.034336624145507,-305.66495956420897,-211.0343366241455,-21.924827575683594,-26.67254638671875,0,0.6421693866892724,-20,20,0,tracking,0,0.0
765,588.984000,29.800,1,8,0.066040,orb,1,0.9425287356321839,0.996875,9,1,0,60.0,18.5,21.527130126953125,-22.84209632873535,17.84051872253418,-27.363917236328124,-302.15948127746583,-207.36391723632812,-20.48117446899414,-25.121227264404297,0,0.5459280795549619,-20,20,0,tracking,0,0.0
766,589.031000,16.235,1,5,0.066956,orb,1,0.9552980132450332,0.9935329861111111,9,1,0,60.0,18.5,24.013437271118164,-20.303863525390625,20.555268363952635,-24.579357566833494,-299.4447316360474,-204.5793575668335,-19.21204948425293,-23.752744674682617,0,0.5833626832842521,-20,20,0,tracking,0,0.0
767,589.062000,16.291,1,4,0.060565,orb,1,0.9372937293729373,0.9923263888888889,9,0,1,,,23.417863845825195,-21.040199279785156,19.959694938659666,-25.315693321228025,-300.04030506134035,-205.31569332122803,-19.21204948425293,-23.752744674682617,1,0.5607573793069416,-20,20,0,tracking,0,0.0
768,589.109000,28.774,1,5,0.059952,orb,1,0.9368770764119602,0.9925477430555556,9,1,0,64.0,19.0,26.031930923461914,-18.66739845275879,22.80723762512207,-22.711265678405763,-297.19276237487793,-202.71126567840577,-17.914962768554688,-22.46592903137207,0,0.6632522966059995,-20,20,0,tracking,0,0.0
769,589.140000,16.564,1,4,0.054737,orb,1,0.8916256157635468,0.9922829861111111,9,1,0,60.0,19.0,28.232128143310547,-16.301748275756836,25.190631523132325,-20.14203987121582,-294.8093684768677,-200.14203987121581,-16.89720344543457,-21.33495330810547,0,0.6593042637533796,-20,20,0,tracking,0,0.0
770,589.187000,16.530,1,4,0.051426,orb,1,0.9558573853989814,0.9913368055555556,9,0,1,,,27.437959671020508,-17.30449104309082,24.396463050842286,-21.144782638549806,-295.60353694915773,-201.1447826385498,-16.89720344543457,-21.33495330810547,1,0.6205701382578476,-20,20,0,tracking,0,0.0
771,589.234000,30.566,1,2,0.057092,orb,1,0.9387755102040817,0.9913368055555556,9,1,0,69.5,18.5,30.022111892700195,-15.405749320983887,27.206535549163817,-19.05200828552246,-292.79346445083615,-199.05200828552245,-15.642090797424316,-20.256994247436523,0,0.5973426031490613,-20,20,0,tracking,0,0.0
772,589.265000,16.906,1,4,0.057085,orb,1,0.9038785834738617,0.9909201388888889,9,1,0,69.5,18.5,32.520294189453125,-13.455889701843262,29.904682750701905,-16.92934986114502,-290.0953172492981,-196.92934986114503,-14.531174659729004,-19.297000885009766,0,0.6063785032296445,-20,20,0,tracking,0,0.0
773,589.312000,15.140,1,1,0.038403,orb,1,0.9656862745098039,0.9962586805555556,9,0,1,,,31.837329864501953,-14.362848281860352,29.221718425750733,-17.83630844116211,-290.77828157424926,-197.83630844116212,-14.531174659729004,-19.297000885009766,1,0.5707537661648836,-20,20,0,tracking,0,0.0
774,589.343000,30.239,1,3,0.042285,orb,1,0.9725433526011561,0.9997395833333333,9,0,1,,,31.386863708496094,-14.961055755615234,28.771252269744874,-18.434515914916993,-291.2287477302551,-198.434515914917,-14.531174659729004,-19.297000885009766,2,0.5472565991647734,-20,20,0,tracking,0,0.0
775,589.390000,16.131,1,8,0.080150,orb,1,0.8362369337979094,0.9912456597222222,9,0,1,,,30.703899383544922,-15.868014335632324,28.088287944793702,-19.341474494934083,-291.9117120552063,-199.3414744949341,-14.531174659729004,-19.297000885009766,3,0.5116318621000125,-20,20,0,tracking,0,0.0
776,589.421000,15.873,1,9,0.077617,orb,1,0.8790035587188612,0.9913368055555556,9,1,0,69.5,18.5,33.29161834716797,-13.75938892364502,30.88205223083496,-17.04927577972412,-289.117947769165,-197.04927577972413,-13.386478424072266,-18.277149200439453,0,0.7029247494520701,-20,20,0,tracking,0,0.0
777,589.468000,45.168,1,8,0.060563,orb,1,0.9177852348993288,0.996875,9,0,1,,,32.662452697753906,-14.618414878845215,30.2528865814209,-17.908301734924315,-289.7471134185791,-197.90830173492432,-13.386478424072266,-18.277149200439453,1,0.6616279204218385,-20,20,0,tracking,0,0.0
778,589.500000,16.037,1,5,0.047574,orb,1,0.9636363636363636,0.995703125,9,0,1,,,32.23408508300781,-15.203283309936523,29.824518966674805,-18.493170166015624,-290.1754810333252,-198.49317016601563,-13.386478424072266,-18.277149200439453,2,0.6335109304437213,-20,20,0,tracking,0,0.0
779,589.546000,16.576,1,7,0.043871,orb,1,0.9067103109656302,0.9967447916666666,9,1,0,60.0,18.5,33.84395217895508,-13.335149765014648,31.586397190093994,-16.440020332336424,-288.413602809906,-196.44002033233642,-12.541972160339355,-17.24928092956543,0,0.6846642667591483,-20,20,0,tracking,0,0.0
780,589.593000,30.312,1,5,0.043300,orb,1,0.8746081504702194,0.9945572916666666,9,0,1,,,33.254478454589844,-14.145866394042969,30.99692346572876,-17.250736961364744,-289.00307653427126,-197.25073696136474,-12.541972160339355,-17.24928092956543,1,0.6444402410871238,-20,20,0,tracking,0,0.0
781,589.625000,17.212,1,4,0.045612,orb,1,0.833605220228385,0.9903993055555556,9,0,1,,,32.85313415527344,-14.697843551635742,30.595579166412353,-17.802714118957518,-289.40442083358766,-197.8027141189575,-12.541972160339355,-17.24928092956543,2,0.6170536704167244,-20,20,0,tracking,0,0.0
782,589.671000,15.545,1,3,0.037396,orb,1,0.8975206611570248,0.9932552083333334,9,0,1,,,32.27620315551758,-15.491310119628906,30.018648166656494,-18.59618068695068,-289.9813518333435,-198.59618068695067,-12.541972160339355,-17.24928092956543,3,0.5776854750780314,-20,20,0,tracking,0,0.0
783,589.703000,28.777,1,1,0.026728,orb,1,0.8991869918699187,0.9949305555555555,9,0,1,,,31.874860763549805,-16.04328727722168,29.61730577468872,-19.148157844543455,-290.3826942253113,-199.14815784454345,-12.541972160339355,-17.24928092956543,4,0.5502989044077292,-20,20,0,tracking,0,0.0
784,589.750000,15.445,1,4,0.038763,orb,1,0.9554848966613673,0.9974131944444444,9,0,1,,,31.285388946533203,-16.85400390625,29.02783395767212,-19.958874473571775,-290.9721660423279,-199.95887447357177,-12.541972160339355,-17.24928092956543,5,0.5100748787356075,-20,20,0,tracking,0,0.0
785,589.781000,15.625,1,4,0.036233,orb,1,0.8808373590982287,0.9944878472222223,9,0,1,,,30.896587371826172,-17.388731002807617,28.639032382965087,-20.493601570129393,-291.36096761703493,-200.49360157012939,-12.541972160339355,-17.24928092956543,6,0.48354413839873406,-20,20,0,tracking,0,0.0
786,589.828000,55.107,1,3,0.034559,orb,1,0.9148264984227129,0.9970746527777777,9,0,1,,,30.30711555480957,-18.199447631835938,28.049560565948486,-21.304318199157713,-291.95043943405153,-201.3043181991577,-12.541972160339355,-17.24928092956543,7,0.4433201127266123,-20,20,0,tracking,0,0.0
787,589.875000,37.884,1,3,0.028081,orb,1,0.8360128617363344,0.9918359375,9,0,1,,,29.71764373779297,-19.010164260864258,27.460088748931884,-22.115034828186033,-292.53991125106813,-202.11503482818603,-12.541972160339355,-17.24928092956543,8,0.40309608705449057,0,0,0,prediction_stale,0,0.0
788,589.906000,54.332,1,5,0.037092,orb,1,0.9392,0.9914583333333333,9,1,0,64.0,18.0,32.57223129272461,-16.032670974731445,30.537067909240722,-18.8967169380188,-289.4629320907593,-198.8967169380188,-11.306463241577148,-15.91136646270752,0,0.8137569468227582,-20,20,0,tracking,0,0.0
790,589.984000,15.720,1,4,0.099607,orb,1,0.8457142857142858,0.9936631944444444,9,0,1,,,31.690326690673828,-17.273757934570312,29.65516330718994,-20.137803897857665,-290.3448366928101,-200.13780389785768,-11.306463241577148,-15.91136646270752,1,0.7344156445074496,-20,20,0,tracking,0,0.0
791,590.031000,16.228,1,5,0.050428,orb,1,0.9473684210526315,0.9918576388888889,9,1,0,60.0,18.5,33.84952926635742,-14.61446475982666,31.998664455413817,-17.24513261795044,-288.0013355445862,-197.24513261795045,-10.28258228302002,-14.614821434020996,0,0.6623476239124871,-20,20,0,tracking,0,0.0
792,590.062000,26.592,1,8,0.048462,orb,1,0.9590443686006825,0.9951128472222223,9,1,0,65.5,19.0,36.318172454833984,-12.09717082977295,34.65831045150757,-14.524299449920655,-285.3416895484924,-194.52429944992065,-9.221455574035645,-13.484047889709473,0,0.6006734432322767,-20,20,0,tracking,0,0.0
793,590.109000,16.845,1,6,0.056377,orb,1,0.846815834767642,0.9966623263888889,9,1,0,61.0,18.5,37.96630859375,-10.142510414123535,36.44932258605957,-12.391971912384033,-283.55067741394043,-192.39197191238404,-8.42770004272461,-12.497008323669434,0,0.7097408956795535,-20,20,0,tracking,0,0.0
794,590.140000,15.973,1,2,0.028605,orb,1,0.9083469721767594,0.9932291666666667,9,0,1,,,37.70505142211914,-10.52991771697998,36.18806541442871,-12.779379215240478,-283.8119345855713,-192.77937921524048,-8.42770004272461,-12.497008323669434,1,0.6822384359720159,-20,20,0,tracking,0,0.0
795,590.187000,41.466,1,5,0.049234,orb,1,0.9234608985024958,0.9976649305555556,9,0,1,,,37.3089485168457,-11.117277145385742,35.791962509155276,-13.36673864364624,-284.20803749084473,-193.36673864364624,-8.42770004272461,-12.497008323669434,2,0.6405411583508196,-20,20,0,tracking,0,0.0
796,590.218000,15.852,1,5,0.047083,orb,1,0.9311475409836065,0.996875,9,0,1,,,37.047691345214844,-11.504684448242188,35.53070533752442,-13.754145946502685,-284.4692946624756,-193.7541459465027,-8.42770004272461,-12.497008323669434,3,0.6130386986432821,-20,20,0,tracking,0,0.0
797,590.265000,17.550,1,6,0.054928,orb,1,0.7946287519747235,0.9911154513888889,9,1,0,68.5,20.5,39.3718376159668,-9.30827808380127,38.0425842666626,-11.36562355041504,-281.95741573333737,-191.36562355041505,-7.384740829467773,-11.429697036743164,0,0.628357307573255,-20,20,0,tracking,0,0.0
798,590.312000,53.170,1,4,0.032044,orb,1,0.9459876543209876,0.9920052083333334,9,1,0,60.0,19.0,40.73101806640625,-7.49899435043335,39.51972646713257,-9.394117069244384,-280.48027353286744,-189.39411706924437,-6.729397773742676,-10.528459548950195,0,0.7149531777289968,-20,20,0,tracking,0,0.0
799,590.343000,16.482,1,7,0.054021,orb,1,0.8774509803921569,0.9966710069444444,9,1,0,67.0,17.5,42.558589935302734,-5.877800941467285,41.48832639694214,-7.638032665252686,-278.51167360305783,-187.6380326652527,-5.945908546447754,-9.779065132141113,0,0.7130101753769502,-20,20,0,tracking,0,0.0
800,590.390000,15.792,1,0,0.035287,orb,1,0.8698630136986302,0.9933550347222222,9,0,1,,,42.27913284301758,-6.337417125701904,41.208869304656986,-8.097648849487305,-278.791130695343,-188.0976488494873,-5.945908546447754,-9.779065132141113,1,0.6711208275735316,-20,20,0,tracking,0,0.0
801,590.421000,41.426,1,7,0.053566,orb,1,0.8928,0.996875,9,0,1,,,42.094810485839844,-6.640568256378174,41.02454694747925,-8.400799980163574,-278.9754530525207,-188.40079998016358,-5.945908546447754,-9.779065132141113,2,0.643491683277619,-20,20,0,tracking,0,0.0
802,590.468000,15.167,1,3,0.021517,orb,1,0.943089430894309,0.9960503472222222,9,0,1,,,41.81535339355469,-7.100184440612793,40.745089855194095,-8.860416164398194,-279.2549101448059,-188.8604161643982,-5.945908546447754,-9.779065132141113,3,0.6016023354743018,-20,20,0,tracking,0,0.0
803,590.500000,15.578,1,1,0.014688,orb,1,0.868421052631579,0.9979079861111111,9,0,1,,,41.625083923339844,-7.413114547729492,40.55482038497925,-9.173346271514893,-279.4451796150207,-189.1733462715149,-5.945908546447754,-9.779065132141113,4,0.5730819284591889,-20,20,0,tracking,0,0.0
804,590.562000,34.776,1,0,0.012259,orb,1,0.9533333333333334,0.9997916666666666,9,0,1,,,41.256439208984375,-8.019416809082031,40.18617567062378,-9.779648532867432,-279.8138243293762,-189.77964853286744,-5.945908546447754,-9.779065132141113,5,0.5178236398674647,-20,20,0,tracking,0,0.0
805,590.593000,16.224,1,5,0.030152,orb,1,0.8964968152866242,1.0,9,0,1,,,41.07211685180664,-8.3225679397583,40.00185331344605,-10.082799663543701,-279.9981466865539,-190.0827996635437,-5.945908546447754,-9.779065132141113,6,0.4901944955716533,-20,20,0,tracking,0,0.0
806,590.625000,16.465,1,0,0.010765,orb,1,0.9416403785488959,0.9958420138888889,9,0,1,,,40.8818473815918,-8.635498046875,39.811583843231205,-10.3957297706604,-280.18841615676877,-190.3957297706604,-5.945908546447754,-9.779065132141113,7,0.4616740885565404,-20,20,0,tracking,0,0.0
807,590.687000,33.347,1,0,0.011019,orb,1,0.9767801857585139,0.9984722222222222,9,0,1,,,40.51320266723633,-9.241800308227539,39.442939128875736,-11.00203203201294,-280.55706087112424,-191.00203203201295,-5.945908546447754,-9.779065132141113,8,0.40641579996481625,0,0,0,prediction_stale,0,0.0
808,590.703000,15.925,1,0,0.008714,orb,1,0.9772382397572079,0.998203125,9,0,1,,,40.418067932128906,-9.398265838623047,39.347804393768314,-11.158497562408447,-280.65219560623166,-191.15849756240846,-5.945908546447754,-9.779065132141113,9,0.39215559645731046,0,0,0,prediction_stale,0,0.0
809,590.750000,14.643,1,1,0.013234,orb,1,0.9783236994219653,0.9986631944444444,9,0,1,,,40.13861083984375,-9.857881546020508,39.06834730148316,-11.618113269805908,-280.9316526985168,-191.61811326980592,-5.945908546447754,-9.779065132141113,10,0.35026624865389194,0,0,0,prediction_stale,0,0.0
810,590.812000,38.660,1,1,0.013271,orb,1,0.9742489270386266,0.9988194444444445,9,0,1,,,39.76996612548828,-10.464183807373047,38.69970258712769,-12.224415531158447,-281.3002974128723,-192.22441553115846,-5.945908546447754,-9.779065132141113,11,0.2950079600621678,0,0,0,prediction_stale,0,0.0
811,590.828000,15.652,1,2,0.013674,orb,1,0.9831460674157303,0.9998263888888889,9,0,1,,,39.67483139038086,-10.620649337768555,38.60456785202027,-12.380881061553955,-281.3954321479797,-192.38088106155396,-5.945908546447754,-9.779065132141113,12,0.280747756554662,0,0,0,prediction_stale,0,0.0
812,590.875000,15.186,1,2,0.015530,orb,1,0.9496062992125984,0.9960503472222222,9,0,1,,,,,,,,,0.0,0.0,13,0.0,0,0,0,lost,0,0.0
813,590.906000,39.608,1,4,0.015953,orb,1,0.9587955625990491,0.9974045138888888,10,1,0,517.5,300.0,517.5,300.0,517.5,300.0,197.5,120.0,0.0,0.0,0,0.6846583850931678,20,-20,0,tracking,0,0.0
814,590.953000,40.373,1,2,0.012104,orb,1,0.9750390015600624,0.9996875,10,1,0,481.0,271.5,490.6460876464844,279.0318908691406,490.41938186883925,278.85487403273584,170.41938186883925,98.85487403273584,-1.2594765424728394,-0.9834268689155579,0,0.4990753401604132,19,-19,0,tracking,0,0.0
815,590.984000,39.591,1,4,0.031476,orb,1,0.9304347826086956,1.0,10,1,0,482.5,272.0,487.1578063964844,276.0225830078125,486.83007392883303,275.75831763505937,166.83007392883303,95.75831763505937,-1.8207359313964844,-1.468140959739685,0,0.7472441111369826,18,-19,0,tracking,0,0.0
816,591.031000,14.738,1,1,0.022771,orb,1,0.9389671361502347,0.9981944444444445,10,0,1,,,487.0722351074219,275.9535827636719,486.74450263977053,275.68931739091875,166.74450263977053,95.68931739091875,-1.8207359313964844,-1.468140959739685,1,0.7033435196077673,18,-19,0,tracking,0,0.0
817,591.062000,25.253,1,1,0.016523,orb,1,0.9852724594992637,1.0,10,1,0,525.5,296.5,499.0155944824219,282.3288879394531,500.04646963119507,282.7915786075592,180.04646963119507,102.79157860755919,5.727084159851074,2.5705037117004395,0,0.6044669988910281,20,-20,0,tracking,0,0.0
818,591.109000,15.532,1,0,0.007595,orb,1,0.9778830963665087,1.0,10,0,1,,,499.2847595214844,282.44970703125,500.31563467025757,282.91239769935606,180.31563467025757,102.91239769935606,5.727084159851074,2.5705037117004395,1,0.568954562706161,20,-20,0,tracking,0,0.0
819,591.171000,33.909,1,1,0.012193,orb,1,0.9681335356600911,0.998828125,10,1,0,461.0,250.0,488.863037109375,273.5142822265625,487.4280551147461,271.8959775543213,167.4280551147461,91.89597755432129,-7.9721221923828125,-8.990581512451172,0,0.5089068141836753,18,-18,0,tracking,0,0.0
820,591.203000,17.054,1,1,0.023466,orb,1,0.9580745341614907,0.9984201388888889,10,0,1,,,488.6079406738281,273.2265930175781,487.1729586791992,271.6082883453369,167.1729586791992,91.60828834533692,-7.9721221923828125,-8.990581512451172,1,0.4885505416163758,18,-18,0,tracking,0,0.0
821,591.234000,28.791,1,1,0.011172,orb,1,0.9860529986052998,1.0,10,1,0,464.5,250.5,482.3913879394531,267.3319396972656,479.29969650268555,264.15502868652345,159.29969650268555,84.15502868652345,-17.176063537597656,-17.649505615234375,0,0.6124026664386693,17,-16,0,tracking,0,0.0
822,591.281000,26.159,1,1,0.013154,orb,1,0.9799072642967542,0.9994791666666667,10,1,0,466.5,251.5,478.1785583496094,263.1153259277344,474.0447882843018,258.9019801712036,154.04478828430177,78.9019801712036,-22.965389251708984,-23.4074764251709,0,0.678398451720456,17,-15,0,tracking,0,0.0
823,591.312000,14.662,1,3,0.013399,orb,1,0.9876543209876543,0.9986631944444444,10,1,0,475.5,251.0,477.0712585449219,260.099853515625,472.81008518218994,255.14866149902343,152.81008518218994,75.14866149902343,-23.673185348510742,-27.506622314453125,0,0.8154394605941554,17,-15,0,tracking,0,0.0
824,591.359000,35.277,1,0,0.012052,orb,1,0.9782945736434109,0.996875,10,0,1,,,475.9586181640625,258.8070373535156,471.69744480133056,253.85584533691406,151.69744480133056,73.85584533691406,-23.673185348510742,-27.506622314453125,1,0.7675323922842228,17,-14,0,tracking,0,0.0
825,591.390000,15.202,1,0,0.001246,orb,1,0.9928774928774928,1.0,10,0,1,,,475.2247619628906,257.954345703125,470.9635886001587,253.00315368652343,150.9635886001587,73.00315368652343,-23.673185348510742,-27.506622314453125,2,0.7359341131862512,17,-14,0,tracking,0,0.0
826,591.437000,38.111,1,0,0.000530,orb,1,0.9860681114551083,0.9995138888888889,10,0,1,,,474.11212158203125,256.6615295410156,469.8509482192993,251.71033752441406,149.8509482192993,71.71033752441406,-23.673185348510742,-27.506622314453125,3,0.6880270448763186,16,-14,0,tracking,0,0.0
827,591.484000,16.377,1,0,0.004053,orb,1,0.9473684210526315,0.9970225694444445,10,0,1,,,472.9994812011719,255.36871337890625,468.73830783843994,250.41752136230468,148.73830783843994,70.41752136230468,-23.673185348510742,-27.506622314453125,4,0.6401199765663861,16,-14,0,tracking,0,0.0
828,591.515000,15.886,1,0,0.000000,orb,1,0.9986376021798365,1.0,10,0,1,,,472.265625,254.51600646972656,468.00445163726806,249.564814453125,148.00445163726806,69.564814453125,-23.673185348510742,-27.506622314453125,5,0.6085216974684144,16,-14,0,tracking,0,0.0
829,591.562000,42.602,1,0,0.000195,orb,1,0.9884393063583815,1.0,10,0,1,,,471.1529846191406,253.2231903076172,466.8918112564087,248.27199829101562,146.8918112564087,68.27199829101562,-23.673185348510742,-27.506622314453125,6,0.5606146291584818,16,-13,0,tracking,0,0.0
830,591.593000,16.111,1,0,0.000195,orb,1,0.9973753280839895,1.0,10,0,1,,,470.41912841796875,252.3704833984375,466.1579550552368,247.41929138183593,146.1579550552368,67.41929138183593,-23.673185348510742,-27.506622314453125,7,0.5290163500605102,16,-13,0,tracking,0,0.0
831,591.640000,34.060,1,0,0.000664,orb,1,0.9913669064748202,1.0,10,0,1,,,469.3064880371094,251.07766723632812,465.04531467437744,246.12647521972656,145.04531467437744,66.12647521972656,-23.673185348510742,-27.506622314453125,8,0.48110928175057766,0,0,0,prediction_stale,0,0.0
832,591.671000,15.294,1,1,0.005321,orb,1,0.9933065595716198,1.0,10,0,1,,,468.5726318359375,250.22496032714844,464.31145847320556,245.27376831054687,144.31145847320556,65.27376831054687,-23.673185348510742,-27.506622314453125,9,0.44951100265249017,0,0,0,prediction_stale,0,0.0
833,591.718000,15.229,1,0,0.000486,orb,1,0.9957567185289957,1.0,10,0,1,,,467.4599914550781,248.93214416503906,463.1988180923462,243.9809521484375,143.1988180923462,63.980952148437495,-23.673185348510742,-27.506622314453125,10,0.40160393434267344,0,0,0,prediction_stale,0,0.0
834,591.765000,41.412,1,0,0.000725,orb,1,0.9986859395532195,1.0,10,0,1,,,466.34735107421875,247.6393280029297,462.0861777114868,242.68813598632812,142.0861777114868,62.68813598632812,-23.673185348510742,-27.506622314453125,11,0.35369686603274086,0,0,0,prediction_stale,0,0.0
835,591.796000,15.814,1,0,0.000000,orb,1,0.9946091644204852,1.0,10,0,1,,,465.6134948730469,246.78662109375,461.35232151031494,241.83542907714843,141.35232151031494,61.83542907714843,-23.673185348510742,-27.506622314453125,12,0.3220985869346534,0,0,0,prediction_stale,0,0.0
836,591.843000,16.571,1,0,0.000000,orb,1,0.9851351351351352,1.0,10,0,1,,,,,,,,,0.0,0.0,13,0.0,0,0,0,lost,0,0.0
837,591.875000,41.861,1,0,0.000000,orb,1,0.9836065573770492,1.0,,0,0,,,,,,,,,0.0,0.0,0,0.0,0,0,0,lost,0,0.0
838,591.921000,15.409,1,0,0.000749,orb,1,0.9664,0.9970703125,,0,0,,,,,,,,,0.0,0.0,0,0.0,0,0,0,lost,0,0.0
839,591.953000,15.658,1,0,0.001996,orb,1,0.9782244556113903,0.9959461805555555,,0,0,,,,,,,,,0.0,0.0,0,0.0,0,0,0,lost,0,0.0
840,592.000000,41.404,1,0,0.000860,orb,1,0.9844479004665629,0.9992013888888889,,0,0,,,,,,,,,0.0,0.0,0,0.0,0,0,0,lost,0,0.0
841,592.046000,15.370,1,0,0.000000,orb,1,0.9927536231884058,1.0,,0,0,,,,,,,,,0.0,0.0,0,0.0,0,0,0,lost,0,0.0
842,592.078000,16.026,1,0,0.000000,orb,1,0.9817351598173516,1.0,,0,0,,,,,,,,,0.0,0.0,0,0.0,0,0,0,lost,0,0.0
843,592.109000,42.212,1,0,0.000000,orb,1,0.978328173374613,1.0,,0,0,,,,,,,,,0.0,0.0,0,0.0,0,0,0,lost,0,0.0
844,592.156000,15.057,1,0,0.000243,orb,1,0.9563318777292577,1.0,,0,0,,,,,,,,,0.0,0.0,0,0.0,0,0,0,lost,0,0.0
845,592.203000,15.425,1,0,0.000000,orb,1,0.9837997054491899,0.9993923611111111,,0,0,,,,,,,,,0.0,0.0,0,0.0,0,0,0,lost,0,0.0
846,592.234000,24.816,1,0,0.000000,orb,1,0.9942112879884226,1.0,,0,0,,,,,,,,,0.0,0.0,0,0.0,0,0,0,lost,0,0.0
847,592.265000,16.787,1,0,0.000195,orb,1,0.9807692307692307,1.0,,0,0,,,,,,,,,0.0,0.0,0,0.0,0,0,0,lost,0,0.0
848,592.312000,16.635,1,0,0.001043,orb,1,0.9784172661870504,0.9986024305555555,,0,0,,,,,,,,,0.0,0.0,0,0.0,0,0,0,lost,0,0.0
849,592.343000,41.992,1,0,0.000681,orb,1,0.9875346260387812,1.0,,0,0,,,,,,,,,0.0,0.0,0,0.0,0,0,0,lost,0,0.0
850,592.390000,15.660,1,0,0.001984,orb,1,0.9821693907875185,1.0,,0,0,,,,,,,,,0.0,0.0,0,0.0,0,0,0,lost,0,0.0
851,592.421000,16.205,1,0,0.001020,orb,1,0.9919028340080972,1.0,,0,0,,,,,,,,,0.0,0.0,0,0.0,0,0,0,lost,0,0.0
852,592.468000,41.906,1,0,0.000291,orb,1,0.9930555555555556,1.0,,0,0,,,,,,,,,0.0,0.0,0,0.0,0,0,0,lost,0,0.0
853,592.515000,16.774,1,0,0.000226,orb,1,0.9917241379310345,1.0,,0,0,,,,,,,,,0.0,0.0,0,0.0,0,0,0,lost,0,0.0
854,592.546000,16.160,1,0,0.000000,orb,1,0.9944979367262724,1.0,,0,0,,,,,,,,,0.0,0.0,0,0.0,0,0,0,lost,0,0.0
855,592.593000,28.137,1,0,0.000000,orb,1,0.9946737683089214,1.0,,0,0,,,,,,,,,0.0,0.0,0,0.0,0,0,0,lost,0,0.0
856,592.625000,15.811,1,0,0.000000,orb,1,0.9960369881109643,1.0,,0,0,,,,,,,,,0.0,0.0,0,0.0,0,0,0,lost,0,0.0
857,592.671000,19.237,1,0,0.004036,orb,1,0.9960474308300395,1.0,,0,0,,,,,,,,,0.0,0.0,0,0.0,0,0,0,lost,0,0.0
858,592.703000,24.843,1,0,0.000000,orb,1,0.9986684420772304,1.0,,0,0,,,,,,,,,0.0,0.0,0,0.0,0,0,0,lost,0,0.0
859,592.750000,18.257,1,0,0.000000,orb,1,0.9974025974025974,1.0,,0,0,,,,,,,,,0.0,0.0,0,0.0,0,0,0,lost,0,0.0
860,592.781000,14.880,1,0,0.000000,orb,1,1.0,1.0,,0,0,,,,,,,,,0.0,0.0,0,0.0,0,0,0,lost,0,0.0
861,592.828000,31.558,1,0,0.000000,orb,1,0.9960578186596584,1.0,,0,0,,,,,,,,,0.0,0.0,0,0.0,0,0,0,lost,0,0.0
862,592.859000,16.183,1,0,0.000000,orb,1,0.9973856209150327,1.0,,0,0,,,,,,,,,0.0,0.0,0,0.0,0,0,0,lost,0,0.0
863,592.906000,14.950,1,0,0.000000,orb,1,0.9908735332464146,1.0,,0,0,,,,,,,,,0.0,0.0,0,0.0,0,0,0,lost,0,0.0
864,592.937000,32.335,1,0,0.000000,orb,1,0.9986824769433466,1.0,,0,0,,,,,,,,,0.0,0.0,0,0.0,0,0,0,lost,0,0.0
865,592.984000,15.078,1,0,0.000000,orb,1,0.99609375,1.0,,0,0,,,,,,,,,0.0,0.0,0,0.0,0,0,0,lost,0,0.0
866,593.031000,15.760,1,0,0.000000,orb,1,0.9986754966887417,1.0,,0,0,,,,,,,,,0.0,0.0,0,0.0,0,0,0,lost,0,0.0
867,593.062000,29.882,1,0,0.000000,orb,1,0.997364953886693,1.0,,0,0,,,,,,,,,0.0,0.0,0,0.0,0,0,0,lost,0,0.0
868,593.109000,16.150,1,0,0.000000,orb,1,0.993234100135318,1.0,,0,0,,,,,,,,,0.0,0.0,0,0.0,0,0,0,lost,0,0.0
869,593.140000,14.781,1,0,0.000000,orb,1,0.9961089494163424,1.0,,0,0,,,,,,,,,0.0,0.0,0,0.0,0,0,0,lost,0,0.0
870,593.203000,28.067,1,0,0.000000,orb,1,0.9947848761408083,1.0,,0,0,,,,,,,,,0.0,0.0,0,0.0,0,0,0,lost,0,0.0
871,593.234000,19.285,1,0,0.000000,orb,1,0.9974025974025974,1.0,,0,0,,,,,,,,,0.0,0.0,0,0.0,0,0,0,lost,0,0.0
872,593.281000,14.963,1,0,0.000000,orb,1,0.9974193548387097,1.0,,0,0,,,,,,,,,0.0,0.0,0,0.0,0,0,0,lost,0,0.0
873,593.312000,36.946,1,0,0.000000,orb,1,0.9974160206718347,1.0,,0,0,,,,,,,,,0.0,0.0,0,0.0,0,0,0,lost,0,0.0
874,593.359000,16.567,1,0,0.000000,orb,1,0.9987113402061856,1.0,,0,0,,,,,,,,,0.0,0.0,0,0.0,0,0,0,lost,0,0.0
875,593.390000,15.874,1,0,0.000000,orb,1,1.0,1.0,,0,0,,,,,,,,,0.0,0.0,0,0.0,0,0,0,lost,0,0.0
876,593.437000,36.953,1,0,0.000000,orb,1,0.9934123847167325,1.0,,0,0,,,,,,,,,0.0,0.0,0,0.0,0,0,0,lost,0,0.0
877,593.468000,17.423,1,0,0.000000,orb,1,0.9986876640419947,1.0,,0,0,,,,,,,,,0.0,0.0,0,0.0,0,0,0,lost,0,0.0
878,593.515000,16.665,1,0,0.000000,orb,1,0.9986666666666667,1.0,,0,0,,,,,,,,,0.0,0.0,0,0.0,0,0,0,lost,0,0.0
879,593.562000,36.680,1,0,0.000000,orb,1,0.9973924380704041,1.0,,0,0,,,,,,,,,0.0,0.0,0,0.0,0,0,0,lost,0,0.0
880,593.593000,17.950,1,0,0.000000,orb,1,0.9933422103861518,1.0,,0,0,,,,,,,,,0.0,0.0,0,0.0,0,0,0,lost,0,0.0
881,593.640000,17.840,1,0,0.000000,orb,1,0.9960578186596584,1.0,,0,0,,,,,,,,,0.0,0.0,0,0.0,0,0,0,lost,0,0.0
882,593.671000,41.524,1,0,0.001406,orb,1,0.9932885906040269,1.0,,0,0,,,,,,,,,0.0,0.0,0,0.0,0,0,0,lost,0,0.0
883,593.703000,15.641,1,0,0.000000,orb,1,0.9986876640419947,1.0,,0,0,,,,,,,,,0.0,0.0,0,0.0,0,0,0,lost,0,0.0
884,593.750000,15.722,1,0,0.000000,orb,1,0.9906914893617021,1.0,,0,0,,,,,,,,,0.0,0.0,0,0.0,0,0,0,lost,0,0.0
885,593.781000,41.112,1,0,0.000195,orb,1,0.9934810951760105,1.0,,0,0,,,,,,,,,0.0,0.0,0,0.0,0,0,0,lost,0,0.0
886,593.828000,16.545,1,0,0.000000,orb,1,0.9947159841479525,1.0,,0,0,,,,,,,,,0.0,0.0,0,0.0,0,0,0,lost,0,0.0
887,593.859000,15.358,1,0,0.000000,orb,1,0.9973226238286479,1.0,,0,0,,,,,,,,,0.0,0.0,0,0.0,0,0,0,lost,0,0.0
888,593.921000,34.986,1,0,0.000560,orb,1,0.9986996098829649,1.0,,0,0,,,,,,,,,0.0,0.0,0,0.0,0,0,0,lost,0,0.0
889,593.953000,15.036,1,0,0.000000,orb,1,0.9986648865153538,1.0,,0,0,,,,,,,,,0.0,0.0,0,0.0,0,0,0,lost,0,0.0
890,593.984000,15.033,1,0,0.000000,orb,1,0.9973890339425587,1.0,,0,0,,,,,,,,,0.0,0.0,0,0.0,0,0,0,lost,0,0.0
891,594.031000,23.692,1,0,0.000000,orb,1,0.9960474308300395,1.0,,0,0,,,,,,,,,0.0,0.0,0,0.0,0,0,0,lost,0,0.0
892,594.078000,16.092,1,0,0.000000,orb,1,0.9974025974025974,1.0,,0,0,,,,,,,,,0.0,0.0,0,0.0,0,0,0,lost,0,0.0
893,594.109000,16.327,1,0,0.000000,orb,1,0.9960159362549801,1.0,,0,0,,,,,,,,,0.0,0.0,0,0.0,0,0,0,lost,0,0.0
894,594.156000,44.117,1,0,0.000000,orb,1,0.9902234636871509,0.9989583333333333,,0,0,,,,,,,,,0.0,0.0,0,0.0,0,0,0,lost,0,0.0
895,594.187000,45.233,1,1,0.013263,orb,1,0.9816124469589816,0.9984201388888889,11,1,0,552.0,285.0,552.0,285.0,552.0,285.0,232.0,105.0,0.0,0.0,0,0.7211805555555556,20,-20,0,tracking,0,0.0
896,594.234000,15.900,1,1,0.027118,orb,1,0.9932432432432432,1.0,11,1,0,566.0,280.0,562.3001098632812,281.3213806152344,562.3870655024052,281.2903250309825,242.38706550240522,101.2903250309825,0.48308688402175903,-0.17253102362155914,0,0.7172652328795107,20,-20,0,tracking,0,0.0
897,594.265000,16.469,1,4,0.041836,orb,1,0.990578734858681,1.0,11,1,0,554.0,279.5,558.77734375,280.54339599609375,558.7606805881858,280.4897096890211,238.76068058818578,100.48970968902108,-0.0925731211900711,-0.2982572615146637,0,0.762719749358731,20,-20,0,tracking,0,0.0
898,594.312000,36.674,1,3,0.069622,orb,1,0.9971387696709585,1.0,11,1,0,600.5,192.5,571.4842529296875,253.71316528320312,572.5081513309478,251.4642572212219,252.50815133094784,71.46425722122191,5.688324451446533,-12.49393367767334,0,0.1842704900351737,20,-14,0,tracking,0,0.0
899,594.343000,37.394,1,2,0.072685,orb,1,0.992603550295858,0.9985329861111111,11,1,0,571.0,153.5,571.5020141601562,229.3641815185547,572.5057214069367,224.06402801513673,252.5057214069367,44.06402801513673,5.576151371002197,-29.445297241210938,0,0.2868066382729162,20,-9,0,tracking,0,0.0
900,594.390000,38.401,1,2,0.083291,orb,1,0.9877488514548239,0.9992534722222223,11,0,1,,,571.7640991210938,227.98025512695312,572.7678063678742,222.68010162353517,252.7678063678742,42.680101623535165,5.576151371002197,-29.445297241210938,1,0.2699567482743732,20,-8,0,tracking,0,0.0
901,594.421000,16.828,1,1,0.088932,orb,1,0.9871244635193133,1.0,11,0,1,,,571.9369506835938,227.06744384765625,572.9406579303742,221.7672903442383,252.9406579303742,41.76729034423829,5.576151371002197,-29.445297241210938,2,0.2588429910412752,20,-8,0,tracking,0,0.0
902,594.468000,16.490,1,1,0.091671,orb,1,0.9740634005763689,0.9995746527777778,11,0,1,,,572.1990356445312,225.6835174560547,573.2027428913117,220.38336395263673,253.2027428913117,40.38336395263673,5.576151371002197,-29.445297241210938,3,0.24199310104277305,20,-8,0,tracking,0,0.0
903,594.515000,47.482,1,1,0.091911,orb,1,0.9781021897810219,0.999375,11,0,1,,,572.4611206054688,224.29959106445312,573.4648278522492,218.99943756103517,253.4648278522492,38.999437561035165,5.576151371002197,-29.445297241210938,4,0.22514321104423007,20,-8,0,tracking,0,0.0
904,594.562000,57.116,1,1,0.084754,orb,1,0.9744318181818182,0.9998784722222223,11,0,1,,,572.7232055664062,222.91566467285156,573.7269128131867,217.6155111694336,253.7269128131867,37.6155111694336,5.576151371002197,-29.445297241210938,5,0.20829332104568712,20,-7,0,tracking,0,0.0
906,594.625000,16.300,1,1,0.108090,orb,1,0.9763663220088626,1.0,11,0,1,,,573.0745239257812,221.06060791015625,574.0782311725617,215.7604544067383,254.0782311725617,35.76045440673829,5.576151371002197,-29.445297241210938,6,0.1857072982816992,20,-7,0,tracking,0,0.0
907,594.671000,41.780,1,6,0.051222,orb,1,0.9551569506726457,0.9980121527777778,11,1,0,506.0,285.0,547.0020141601562,245.2385711669922,540.2095087432862,247.4987462234497,220.20950874328616,67.4987462234497,-37.736141204833984,12.556528091430664,0,0.4882786731300518,20,-13,0,tracking,0,0.0
908,594.703000,15.456,1,0,0.000000,orb,1,0.9944521497919556,0.9989496527777778,11,0,1,,,545.79443359375,245.640380859375,539.0019281768799,247.9005559158325,219.00192817687991,67.90055591583251,-37.736141204833984,12.556528091430664,1,0.46874752620489524,20,-13,0,tracking,0,0.0
909,594.750000,43.510,1,5,0.022231,orb,1,0.9860335195530726,1.0,11,1,0,531.0,257.5,539.64990234375,250.01358032226562,531.6066597747803,253.3562626647949,211.60665977478027,73.35626266479491,-44.6846809387207,18.570457458496094,0,0.6309901822496164,20,-14,0,tracking,0,0.0
910,594.781000,34.853,1,6,0.060638,orb,1,0.9787234042553191,1.0,11,1,0,508.5,277.0,530.2211303710938,257.7264404296875,519.897785949707,263.09230041503906,199.89778594970699,83.09230041503906,-57.35191345214844,29.810333251953125,0,0.530179919496863,20,-16,0,tracking,0,0.0
911,594.828000,15.877,1,3,0.076315,orb,1,0.9701492537313433,1.0,11,0,1,,,527.5255737304688,259.1275329589844,517.202229309082,264.49339294433594,197.20222930908199,84.49339294433594,-57.35191345214844,29.810333251953125,1,0.4990318492264055,20,-16,0,tracking,0,0.0
912,594.890000,42.083,1,1,0.084188,orb,1,0.9822222222222222,1.0,11,0,1,,,523.9697265625,260.97576904296875,513.6463821411132,266.3416290283203,193.64638214111324,86.34162902832031,-57.35191345214844,29.810333251953125,2,0.45794290546539074,20,-17,0,tracking,0,0.0
913,594.906000,37.807,1,3,0.084761,orb,1,0.9897209985315712,1.0,11,1,0,429.5,171.0,496.4315490722656,235.71409606933594,478.94729263305663,234.1562865829468,158.94729263305663,54.15628658294679,-97.13475799560547,-8.654497146606445,0,0.2629055502395511,17,-11,0,tracking,0,0.0
914,594.953000,34.320,1,1,0.085712,orb,1,0.9870875179340028,1.0,11,0,1,,,491.8662109375,235.3073272705078,474.381954498291,233.74951778411867,154.381954498291,53.749517784118666,-97.13475799560547,-8.654497146606445,1,0.2474598491629691,17,-10,0,tracking,0,0.0
915,594.984000,16.558,1,1,0.083329,orb,1,0.9886685552407932,1.0,11,0,1,,,488.85504150390625,235.03903198242188,471.37078506469726,233.48122249603273,151.37078506469726,53.48122249603273,-97.13475799560547,-8.654497146606445,2,0.23727225909116587,17,-10,0,tracking,0,0.0
916,595.031000,38.763,1,2,0.080655,orb,1,0.9944903581267218,1.0,11,1,0,555.0,159.5,504.7808532714844,212.85964965820312,492.3824922180176,205.89789093017578,172.3824922180176,25.897890930175777,-68.8797836303711,-38.67643737792969,0,0.4353525900293653,19,-5,0,tracking,0,0.0
917,595.062000,16.215,1,1,0.077053,orb,1,0.9938271604938271,1.0,11,0,1,,,502.64556884765625,211.66067504882812,490.2472077941895,204.69891632080078,170.24720779418948,24.698916320800777,-68.8797836303711,-38.67643737792969,1,0.41848267716569326,19,-5,0,tracking,0,0.0
918,595.109000,109.716,1,3,0.068270,orb,1,0.9338582677165355,0.9987673611111111,11,1,0,472.0,158.0,492.1909484863281,196.1913604736328,478.09220596313475,186.0133171081543,158.09220596313475,6.013317108154297,-78.32634735107422,-56.54468536376953,0,0.5117490665318367,17,0,0,tracking,0,0.0
921,595.250000,26.856,1,1,0.094132,orb,1,0.9813084112149533,1.0,11,0,1,,,481.1469421386719,188.21856689453125,467.0481996154785,178.04052352905273,147.0481996154785,-1.9594764709472656,-78.32634735107422,-56.54468536376953,1,0.4215532935556244,16,0,0,tracking,0,0.0
922,595.265000,33.763,1,1,0.036675,orb,1,0.9986486486486487,1.0,11,1,0,569.5,276.0,505.0117492675781,212.15882873535156,496.21253128051757,207.22713333129883,176.21253128051757,27.22713333129883,-48.884544372558594,-27.39830780029297,0,0.2813231737262032,19,-5,0,tracking,0,0.0
923,595.312000,26.989,1,2,0.010130,orb,1,0.9923664122137404,1.0,11,1,0,542.0,282.0,512.0532836914062,227.77996826171875,505.17105430603027,226.31907295227052,185.17105430603027,46.31907295227052,-38.2346076965332,-8.116085052490234,0,0.27088919846137904,20,-9,0,tracking,0,0.0
924,595.343000,15.669,1,2,0.020907,orb,1,0.8757763975155279,0.996875,11,0,1,,,510.8680114746094,227.5283660888672,503.9857820892334,226.06747077941895,183.9857820892334,46.067470779418954,-38.2346076965332,-8.116085052490234,1,0.26039224202101785,20,-9,0,tracking,0,0.0
925,595.390000,15.781,1,2,0.019276,orb,1,0.8863636363636364,0.9999739583333334,11,0,1,,,509.07098388671875,227.14691162109375,502.18875450134277,225.68601631164552,182.18875450134277,45.68601631164552,-38.2346076965332,-8.116085052490234,2,0.24447750161140322,20,-9,0,tracking,0,0.0
926,595.437000,15.632,1,2,0.020277,orb,1,0.9520958083832335,0.9966102430555556,11,0,1,,,507.2739562988281,226.7654571533203,500.39172691345215,225.30456184387208,180.39172691345215,45.30456184387208,-38.2346076965332,-8.116085052490234,3,0.22856276120178856,20,-9,0,tracking,0,0.0
927,595.468000,25.347,1,0,0.005120,orb,1,0.9484066767830045,0.996875,11,0,1,,,506.08868408203125,226.51385498046875,499.20645469665527,225.05295967102052,179.20645469665527,45.05295967102052,-38.2346076965332,-8.116085052490234,4,0.21806580476142737,20,-9,0,tracking,0,0.0
928,595.515000,44.739,1,0,0.011654,orb,1,0.9635258358662614,1.0,11,0,1,,,504.2916564941406,226.1324005126953,497.40942710876465,224.67150520324708,177.40942710876465,44.67150520324708,-38.2346076965332,-8.116085052490234,5,0.20215106435181274,19,-9,0,tracking,0,0.0
929,595.546000,16.684,1,0,0.008738,orb,1,0.9648609077598829,0.996875,11,0,1,,,503.10638427734375,225.88079833984375,496.22415489196777,224.41990303039552,176.22415489196777,44.41990303039552,-38.2346076965332,-8.116085052490234,6,0.19165410791141305,19,-9,0,tracking,0,0.0
930,595.593000,15.173,1,0,0.006368,orb,1,0.9751166407465007,0.9985677083333333,11,0,1,,,501.3093566894531,225.4993438720703,494.42712730407715,224.03844856262208,174.42712730407715,44.03844856262208,-38.2346076965332,-8.116085052490234,7,0.1757393675018369,19,-9,0,tracking,0,0.0
931,595.625000,40.412,1,1,0.027933,orb,1,0.9250764525993884,0.9915017361111111,11,1,0,571.0,278.5,522.2254028320312,241.8676300048828,519.0287850952149,243.17482898712157,199.02878509521486,63.17482898712157,-17.758987426757812,7.262216567993164,0,0.6606748120059247,20,-12,0,tracking,0,0.0
932,595.671000,16.874,1,4,0.044521,orb,1,0.7983739837398374,0.9902777777777778,11,0,1,,,521.4085083007812,242.20169067382812,518.2118905639649,243.50888965606688,198.21189056396486,63.508889656066884,-17.758987426757812,7.262216567993164,1,0.6226860103155435,20,-12,0,tracking,0,0.0
933,595.703000,15.517,1,1,0.025978,orb,1,0.9031719532554258,0.999765625,11,0,1,,,520.8402099609375,242.43408203125,517.6435922241211,243.74128101348876,197.6435922241211,63.74128101348876,-17.758987426757812,7.262216567993164,2,0.596259017835368,20,-12,0,tracking,0,0.0
934,595.750000,43.113,1,0,0.013763,orb,1,0.8846761453396524,0.996875,11,0,1,,,520.0055541992188,242.77540588378906,516.8089364624024,244.08260486602782,196.80893646240236,64.08260486602782,-17.758987426757812,7.262216567993164,3,0.557444372629999,20,-12,0,tracking,0,0.0
935,595.796000,45.385,1,0,0.013163,orb,1,0.8384615384615385,0.9997482638888889,11,0,1,,,519.1886596679688,243.10946655273438,515.9920419311524,244.41666553497313,195.99204193115236,64.41666553497313,-17.758987426757812,7.262216567993164,4,0.5194555709396177,20,-13,0,tracking,0,0.0
936,595.828000,18.393,1,0,0.001319,orb,1,0.9530744336569579,1.0,11,0,1,,,518.620361328125,243.34185791015625,515.4237435913086,244.649056892395,195.4237435913086,64.64905689239501,-17.758987426757812,7.262216567993164,5,0.49302857845944237,20,-13,0,tracking,0,0.0
937,595.875000,17.190,1,0,0.001154,orb,1,0.972972972972973,0.996875,11,0,1,,,517.7857055664062,243.6831817626953,514.5890878295899,244.99038074493407,194.58908782958986,64.99038074493407,-17.758987426757812,7.262216567993164,6,0.4542139332540732,20,-13,0,tracking,0,0.0
938,595.906000,35.709,1,0,0.009074,orb,1,0.9332321699544764,0.9992013888888889,11,0,1,,,517.2351684570312,243.90830993652344,514.0385507202149,245.2155089187622,194.03855072021486,65.2155089187622,-17.758987426757812,7.262216567993164,7,0.4286127842888857,20,-13,0,tracking,0,0.0
939,595.953000,28.117,1,0,0.004645,orb,1,0.9858490566037735,0.99984375,11,0,1,,,516.4005126953125,244.2496337890625,513.2038949584961,245.55683277130126,193.2038949584961,65.55683277130126,-17.758987426757812,7.262216567993164,8,0.3897981390835166,0,0,0,prediction_stale,0,0.0
940,595.984000,15.993,1,0,0.006740,orb,1,0.9241486068111455,0.9994097222222222,11,0,1,,,515.8499755859375,244.47476196289062,512.6533578491211,245.78196094512938,192.6533578491211,65.78196094512938,-17.758987426757812,7.262216567993164,9,0.3641969901182352,0,0,0,prediction_stale,0,0.0
941,596.031000,14.901,1,0,0.003698,orb,1,0.913109756097561,1.0,11,0,1,,,515.0153198242188,244.8160858154297,511.81870208740236,246.12328479766845,191.81870208740236,66.12328479766845,-17.758987426757812,7.262216567993164,10,0.32538234491296,0,0,0,prediction_stale,0,0.0
942,596.062000,33.642,1,0,0.003144,orb,1,0.9687010954616588,0.996875,11,0,1,,,514.4647827148438,245.0412139892578,511.26816497802736,246.34841297149657,191.26816497802736,66.34841297149657,-17.758987426757812,7.262216567993164,11,0.29978119594767855,0,0,0,prediction_stale,0,0.0
943,596.109000,15.635,1,0,0.000213,orb,1,0.9793510324483776,1.0,11,0,1,,,513.630126953125,245.38253784179688,510.4335092163086,246.68973682403563,190.4335092163086,66.68973682403563,-17.758987426757812,7.262216567993164,12,0.26096655074230946,0,0,0,prediction_stale,0,0.0
944,596.156000,16.337,1,0,0.000395,orb,1,0.9849170437405732,1.0,11,0,1,,,,,,,,,0.0,0.0,13,0.0,0,0,0,lost,0,0.0
945,596.187000,25.635,1,2,0.025708,orb,1,0.9274924471299094,0.9970920138888889,12,1,0,57.5,19.0,57.5,19.0,57.5,19.0,-262.5,-161.0,0.0,0.0,0,0.8388888888888889,-20,20,0,tracking,0,0.0
946,596.234000,15.673,1,0,0.019397,orb,1,0.963963963963964,0.996875,12,0,1,,,57.5,19.0,57.5,19.0,-262.5,-161.0,0.0,0.0,1,0.78960416666664,-20,20,0,tracking,0,0.0
947,596.265000,16.023,1,0,0.020841,orb,1,0.9336349924585219,0.9963020833333334,12,0,1,,,57.5,19.0,57.5,19.0,-262.5,-161.0,0.0,0.0,2,0.757097222222249,-20,20,0,tracking,0,0.0
948,596.312000,24.752,1,0,0.020720,orb,1,0.9770290964777948,0.996875,12,0,1,,,57.5,19.0,57.5,19.0,-262.5,-161.0,0.0,0.0,3,0.7078125000000001,-20,20,0,tracking,0,0.0
949,596.343000,16.111,1,2,0.018873,orb,1,0.9451219512195121,0.9983333333333333,12,1,0,57.5,18.5,57.5,18.63002586364746,57.5,18.61988082244992,-262.5,-161.38011917755009,0.0,-0.05636133998632431,0,0.9344380577011422,-20,20,0,tracking,0,0.0
950,596.390000,15.331,1,0,0.000000,orb,1,0.9666136724960255,1.0,12,0,1,,,57.5,18.627376556396484,57.5,18.617231515198945,-262.5,-161.38276848480106,0.0,-0.05636133998632431,1,0.8795398218111703,-20,20,0,tracking,0,0.0
951,596.421000,25.222,1,0,0.009586,orb,1,0.8382126348228043,0.9979253472222223,12,0,1,,,57.5,18.625629425048828,57.5,18.61548438385129,-262.5,-161.38451561614872,0.0,-0.05636133998632431,2,0.8433303470751777,-20,20,0,tracking,0,0.0
952,596.468000,15.454,1,0,0.013350,orb,1,0.978021978021978,0.9984635416666666,12,0,1,,,57.5,18.62298011779785,57.5,18.612835076600312,-262.5,-161.3871649233997,0.0,-0.05636133998632431,3,0.7884321111853387,-20,20,0,tracking,0,0.0
953,596.515000,15.868,1,0,0.008499,orb,1,0.9234303215926493,0.996875,12,0,1,,,57.5,18.620330810546875,57.5,18.610185769349336,-262.5,-161.38981423065067,0.0,-0.05636133998632431,4,0.7335338752953668,-20,20,0,tracking,0,0.0
954,596.546000,25.089,1,1,0.017009,orb,1,0.848159509202454,0.9977430555555555,12,0,1,,,57.5,18.61858367919922,57.5,18.60843863800168,-262.5,-161.39156136199833,0.0,-0.05636133998632431,5,0.6973244005593743,-20,20,0,tracking,0,0.0
955,596.593000,16.003,1,0,0.017052,orb,1,0.9541984732824428,0.9972482638888889,12,0,1,,,57.5,18.615934371948242,57.5,18.605789330750703,-262.5,-161.3942106692493,0.0,-0.05636133998632431,6,0.6424261646695353,-20,20,0,tracking,0,0.0
956,596.625000,16.458,1,1,0.021203,orb,1,0.9754977029096478,0.996875,12,0,1,,,57.5,18.6141300201416,57.5,18.603984978944062,-262.5,-161.39601502105594,0.0,-0.05636133998632431,7,0.6050486423614438,-20,20,0,tracking,0,0.0
957,596.671000,40.800,1,2,0.021034,orb,1,0.9203007518796993,0.9939539930555555,12,1,0,57.5,18.5,57.5,18.55291748046875,57.5,18.53316254168749,-262.5,-161.4668374583125,0.0,-0.10974965989589691,0,0.9355720036377312,-20,20,0,tracking,0,0.0
958,596.703000,15.236,1,0,0.018138,orb,1,0.9591836734693877,0.996875,12,0,1,,,57.5,18.549406051635742,57.5,18.52965111285448,-262.5,-161.47034888714552,0.0,-0.10974965989589691,1,0.8981491234923091,-20,20,0,tracking,0,0.0
959,596.750000,16.128,1,1,0.019299,orb,1,0.8861538461538462,0.9949522569444444,12,1,0,61.5,18.0,59.02359390258789,18.336944580078125,59.31623912811279,18.277371703982354,-260.6837608718872,-161.72262829601766,1.6258068084716797,-0.3309604227542877,0,0.8784458610594316,-20,20,0,tracking,0,0.0
960,596.781000,25.503,1,0,0.018208,orb,1,0.9712556732223904,0.996875,12,0,1,,,59.07399368286133,18.326684951782227,59.36663890838623,18.267112075686455,-260.6333610916138,-161.73288792431356,1.6258068084716797,-0.3309604227542877,1,0.8444060839434345,-20,20,0,tracking,0,0.0
961,596.828000,16.316,1,0,0.001723,orb,1,0.9916434540389972,1.0,12,0,1,,,59.15040588378906,18.31113052368164,59.44305110931396,18.25155764758587,-260.55694889068604,-161.74844235241414,1.6258068084716797,-0.3309604227542877,2,0.792797389606165,-20,20,0,tracking,0,0.0
962,596.875000,16.836,1,1,0.002999,orb,1,0.9986577181208054,1.0,12,0,1,,,59.2268180847168,18.295576095581055,59.5194633102417,18.236003219485283,-260.4805366897583,-161.76399678051473,1.6258068084716797,-0.3309604227542877,3,0.7411886952688954,-20,20,0,tracking,0,0.0
963,596.906000,41.325,1,1,0.003268,orb,1,0.9972565157750343,1.0,12,0,1,,,59.277217864990234,18.285316467285156,59.569863090515135,18.225743591189385,-260.4301369094849,-161.77425640881063,1.6258068084716797,-0.3309604227542877,4,0.7071489181528984,-20,20,0,tracking,0,0.0
964,596.953000,36.225,1,1,0.003958,orb,1,0.9932705248990579,1.0,12,1,0,47.5,204.5,54.78223419189453,90.09015655517578,54.01362423896789,106.7037725830078,-265.9863757610321,-73.2962274169922,-4.270055294036865,92.29786682128906,0,0.26960991565259995,-20,14,0,tracking,0,0.0
965,596.984000,34.554,1,1,0.003264,orb,1,0.9986468200270636,1.0,12,1,0,32.5,201.5,48.12033462524414,124.95028686523438,45.81512180328369,149.094248046875,-274.18487819671634,-30.90575195312499,-12.806737899780273,134.13311767578125,0,0.30287920522109746,-20,6,0,tracking,0,0.0
966,597.031000,29.127,1,1,0.002865,orb,1,0.9959072305593452,1.0,12,1,0,35.0,196.0,44.383750915527344,147.4670867919922,41.318453788757324,175.54221710205078,-278.6815462112427,-4.457782897949215,-17.029428482055664,155.9729461669922,0,0.49242093920042507,-20,0,0,tracking,0,0.0
967,597.062000,16.529,1,0,0.002001,orb,1,0.9882525697503671,1.0,12,0,1,,,43.855838775634766,152.30224609375,40.790541648864746,180.3773764038086,-279.20945835113525,0.37737640380859716,-17.029428482055664,155.9729461669922,1,0.47333962780636996,-20,0,0,tracking,0,0.0
968,597.109000,15.941,1,0,0.001542,orb,1,0.9861111111111112,0.9995225694444444,12,0,1,,,43.05545425415039,159.6329803466797,39.99015712738037,187.70811065673828,-280.00984287261963,7.708110656738285,-17.029428482055664,155.9729461669922,2,0.44440989762832933,-20,0,0,tracking,0,0.0
969,597.156000,29.907,1,0,0.001914,orb,1,0.9849170437405732,0.9976041666666666,12,0,1,,,42.255069732666016,166.96371459960938,39.189772605895996,195.03884490966797,-280.810227394104,15.038844909667972,-17.029428482055664,155.9729461669922,3,0.41548016745035865,-20,0,0,tracking,0,0.0
970,597.187000,31.872,1,0,0.001715,orb,1,0.9779179810725552,0.9968923611111111,12,0,1,,,41.72715759277344,171.7988739013672,38.66186046600342,199.87400421142578,-281.3381395339966,19.874004211425785,-17.029428482055664,155.9729461669922,4,0.39639885605630354,-20,-4,0,tracking,0,0.0
971,597.250000,32.910,1,0,0.002606,orb,1,0.9825119236883942,0.9961197916666666,12,0,1,,,40.65430450439453,181.6251678466797,37.58900737762451,209.70029815673828,-282.4109926223755,29.700298156738285,-17.029428482055664,155.9729461669922,5,0.35762070709427735,-20,-6,0,tracking,0,0.0
972,597.265000,15.323,1,0,0.009051,orb,1,0.9519867549668874,0.992109375,12,0,1,,,40.39886474609375,183.9647674560547,37.33356761932373,212.03989776611328,-282.66643238067627,32.039897766113285,-17.029428482055664,155.9729461669922,6,0.3483878144842778,-20,-6,0,tracking,0,0.0
973,597.312000,34.052,1,2,0.017734,orb,1,0.7483333333333333,0.9963628472222222,12,0,1,,,39.598480224609375,191.29550170898438,36.533183097839355,219.37063201904297,-283.46681690216064,39.37063201904297,-17.029428482055664,155.9729461669922,7,0.3194580843062371,-20,-8,0,tracking,0,0.0
974,597.343000,29.732,1,4,0.029366,orb,1,0.927652733118971,0.9967534722222222,12,1,0,60.0,19.0,46.75380325317383,131.1056365966797,45.40372557640076,144.66446426391602,-274.59627442359925,-35.33553573608398,-7.500431537628174,75.32682037353516,0,0.4171126613281527,-20,7,0,tracking,0,0.0
975,597.406000,28.537,1,2,0.021356,orb,1,0.9413629160063391,0.996875,12,0,1,,,46.28127670288086,135.85122680664062,44.93119902610779,149.41005447387695,-275.0688009738922,-30.589945526123046,-7.500431537628174,75.32682037353516,1,0.38426503924856686,-20,6,0,tracking,0,0.0
976,597.421000,16.249,1,0,0.015866,orb,1,0.8407643312101911,0.9916536458333334,12,0,1,,,46.16876983642578,136.9811248779297,44.81869215965271,150.53995254516602,-275.1813078403473,-29.460047454833983,-7.500431537628174,75.32682037353516,2,0.3764441768486118,-20,6,0,tracking,0,0.0
977,597.468000,29.323,1,5,0.023775,orb,1,0.9534510433386838,0.9918098958333333,12,1,0,64.0,19.0,51.836769104003906,100.28653717041016,51.729696435928346,105.53839786529541,-268.27030356407164,-74.46160213470459,-0.5948481559753418,29.177003860473633,0,0.4135838257339909,-20,14,0,tracking,0,0.0
978,597.531000,15.931,1,1,0.031873,orb,1,0.9139072847682119,0.9933854166666667,12,0,1,,,51.799293518066406,102.12468719482422,51.692220849990846,107.37654788970947,-268.30777915000914,-72.62345211029053,-0.5948481559753418,29.177003860473633,1,0.3810140994574452,-20,14,0,tracking,0,0.0
979,597.546000,38.534,1,7,0.080117,orb,1,0.9550561797752809,0.9963671875,12,1,0,64.0,19.0,55.244468688964844,78.9225845336914,55.820151767730714,79.50168513298034,-264.1798482322693,-100.49831486701966,3.198239326477051,3.2172255516052246,0,0.5323262438931322,-20,20,0,tracking,0,0.0
980,597.593000,15.608,1,4,0.092438,orb,1,0.9655831739961759,0.9936284722222222,12,0,1,,,55.3947868347168,79.07379150390625,55.97046991348267,79.65289210319519,-264.02953008651735,-100.34710789680481,3.198239326477051,3.2172255516052246,1,0.5010520770644694,-20,20,0,tracking,0,0.0
981,597.640000,15.917,1,5,0.096182,orb,1,0.9629629629629629,0.996875,12,1,0,60.0,18.5,56.69070816040039,63.60919952392578,57.48233884811401,61.244703102111814,-262.517661151886,-118.75529689788819,4.397948265075684,-13.136091232299805,0,0.5873534760726283,-20,20,0,tracking,0,0.0
982,597.671000,25.571,1,4,0.095198,orb,1,0.9555160142348754,0.996875,12,0,1,,,56.82704544067383,63.20198059082031,57.61867612838745,60.837484169006345,-262.38132387161255,-119.16251583099366,4.397948265075684,-13.136091232299805,1,0.5645935288747679,-20,20,0,tracking,0,0.0
983,597.703000,15.073,1,2,0.089978,orb,1,0.8493150684931506,0.9919010416666667,12,0,1,,,56.96778106689453,62.78162384033203,57.75941175460815,60.417127418518064,-262.24058824539185,-119.58287258148194,4.397948265075684,-13.136091232299805,2,0.5410993898319175,-20,20,0,tracking,0,0.0
984,597.750000,16.589,1,5,0.094664,orb,1,0.8928571428571429,0.9912630208333333,12,1,0,79.0,19.0,62.48937225341797,51.652992248535156,64.23013122558594,47.41140888214112,-255.76986877441408,-132.58859111785887,9.670883178710938,-23.56435203552246,0,0.6814266396314497,-20,20,0,tracking,0,0.0
985,597.781000,42.563,1,2,0.076515,orb,1,0.8880866425992779,0.996875,12,0,1,,,62.78916931152344,50.9224967956543,64.5299282836914,46.68091342926026,-255.4700717163086,-133.31908657073973,9.670883178710938,-23.56435203552246,1,0.6550213573457744,-20,20,0,tracking,0,0.0
986,597.828000,17.418,1,2,0.077884,orb,1,0.9751243781094527,0.9966883680555556,12,1,0,60.0,18.5,62.5272102355957,42.897911071777344,64.1446234703064,37.46553745269775,-255.85537652969361,-142.53446254730224,8.985629081726074,-30.179853439331055,0,0.7692796092468807,-20,20,0,tracking,0,0.0
987,597.890000,32.618,1,3,0.074983,orb,1,0.96513470681458,0.996875,12,0,1,,,63.084320068359375,41.02676010131836,64.70173330307007,35.59438648223877,-255.29826669692994,-144.40561351776122,8.985629081726074,-30.179853439331055,1,0.709660439530236,-20,20,0,tracking,0,0.0
988,597.906000,15.545,1,4,0.076322,orb,1,0.9076175040518638,0.9920095486111111,12,1,0,183.5,19.5,87.7271957397461,36.257293701171875,93.42034118652344,30.111792373657227,-226.57965881347656,-149.88820762634276,31.628585815429688,-34.14167404174805,0,0.333555404513189,-20,20,0,tracking,0,0.0
989,597.953000,16.595,1,7,0.072745,orb,1,0.7831715210355987,0.9986545138888889,12,1,0,189.0,19.0,107.342529296875,31.808921813964844,115.99549522399903,25.199138259887697,-204.00450477600097,-154.8008617401123,48.0720329284668,-36.72101974487305,0,0.362436214944723,-20,20,0,tracking,0,0.0
990,597.984000,16.712,1,3,0.060477,orb,1,0.8497495826377296,0.9961979166666667,12,0,1,,,108.832763671875,30.670570373535156,117.48572959899903,24.06078681945801,-202.51427040100097,-155.939213180542,48.0720329284668,-36.72101974487305,1,0.3483918116155866,-20,20,0,tracking,0,0.0
991,598.031000,25.680,1,6,0.038048,orb,1,0.967479674796748,0.9966493055555555,12,0,1,,,111.09214782714844,28.944683074951172,119.74511375427247,22.334899520874025,-200.25488624572753,-157.66510047912598,48.0720329284668,-36.72101974487305,2,0.32709868398762404,-20,20,0,tracking,0,0.0
992,598.062000,16.191,1,8,0.041838,orb,1,0.9341692789968652,0.9970442708333334,12,1,0,123.5,19.5,114.55498504638672,26.3055362701416,123.51652946472169,19.460980377197266,-196.48347053527831,-160.53901962280273,49.78635787963867,-38.02531051635742,0,0.8348625253714808,-20,20,0,tracking,0,0.0
993,598.109000,15.528,1,1,0.024931,orb,1,0.9536,0.9947569444444444,12,0,1,,,116.89494323730469,24.518346786499023,125.85648765563965,17.67379089355469,-194.14351234436035,-162.3262091064453,49.78635787963867,-38.02531051635742,1,0.7858143520058797,-20,20,0,tracking,0,0.0
994,598.140000,26.991,1,1,0.025841,orb,1,0.9378787878787879,0.9955034722222222,12,0,1,,,118.43832397460938,23.339561462402344,127.39986839294434,16.49500556945801,-192.60013160705566,-163.50499443054198,49.78635787963867,-38.02531051635742,2,0.753463429147788,-20,20,0,tracking,0,0.0
995,598.203000,15.525,1,3,0.024835,orb,1,0.9473684210526315,0.9965190972222222,12,0,1,,,121.57486724853516,20.943965911865234,130.53641166687012,14.0994100189209,-189.46358833312988,-165.9005899810791,49.78635787963867,-38.02531051635742,3,0.6877180052747962,-20,20,0,tracking,0,0.0
996,598.234000,15.118,1,2,0.019362,orb,1,0.9725190839694656,1.0,12,0,1,,,123.11824798583984,19.765180587768555,132.0797924041748,12.92062469482422,-187.9202075958252,-167.07937530517577,49.78635787963867,-38.02531051635742,4,0.6553670824165858,-20,20,0,tracking,0,0.0
997,598.265000,40.201,1,2,0.025585,orb,1,0.9533762057877814,0.9978472222222222,12,0,1,,,124.66162872314453,18.586395263671875,133.6231731414795,11.74183937072754,-186.3768268585205,-168.25816062927245,49.78635787963867,-38.02531051635742,5,0.6230161595584941,-20,20,0,tracking,0,0.0
998,598.312000,15.876,1,3,0.026472,orb,1,0.9504,0.996875,12,0,1,,,127.0015869140625,16.799205780029297,135.96313133239747,9.954649887084962,-184.03686866760253,-170.04535011291503,49.78635787963867,-38.02531051635742,6,0.573967986192893,-20,20,0,tracking,0,0.0
999,598.343000,48.681,1,5,0.041971,orb,1,0.8136645962732919,0.9908940972222222,12,1,0,190.0,18.5,142.2174072265625,16.261066436767578,153.0575567626953,9.504535751342774,-166.9424432373047,-170.4954642486572,60.223052978515625,-37.53628158569336,0,0.6667723372694982,-18,20,0,tracking,0,0.0
1000,598.390000,15.903,1,1,0.022658,orb,1,0.9401993355481728,0.996875,12,0,1,,,145.0478973388672,14.496861457824707,155.888046875,7.740330772399902,-164.111953125,-172.25966922760009,60.223052978515625,-37.53628158569336,1,0.627599462454894,-18,20,0,tracking,0,0.0
1001,598.437000,45.969,1,1,0.015248,orb,1,0.8224582701062215,0.9959461805555555,12,1,0,40.0,28.0,125.88872528076172,15.84471321105957,133.8368310546875,9.49747543334961,-186.1631689453125,-170.50252456665038,44.15614318847656,-35.26243209838867,0,0.3721397081440949,-20,20,0,tracking,0,0.0
1002,598.468000,52.596,1,1,0.017337,orb,1,0.9494640122511485,0.996875,12,1,0,189.0,18.0,138.1086883544922,15.322482109069824,147.46546867370606,9.049358100891114,-172.53453132629394,-170.9506418991089,51.982112884521484,-34.85068893432617,0,0.5348151824543885,-19,20,0,tracking,0,0.0
1004,598.546000,15.872,1,5,0.032535,orb,1,0.8704819277108434,0.9951996527777778,12,1,0,123.5,18.5,139.10011291503906,13.571809768676758,148.0708322906494,7.420644989013672,-171.9291677093506,-172.57935501098632,49.83732986450195,-34.17313766479492,0,0.7704650839749823,-19,20,0,tracking,0,0.0
1005,598.593000,16.147,1,0,0.000069,orb,1,0.9924812030075187,1.0,12,0,1,,,141.44247436523438,11.965672492980957,150.41319374084472,5.814507713317871,-169.58680625915528,-174.18549228668212,49.83732986450195,-34.17313766479492,1,0.7252002602915371,-19,20,0,tracking,0,0.0
1006,598.625000,26.304,1,0,0.000765,orb,1,0.9801829268292683,0.9984722222222222,12,0,1,,,143.03726196289062,10.872132301330566,152.00798133850097,4.720967521667481,-167.99201866149903,-175.2790324783325,49.83732986450195,-34.17313766479492,2,0.6943816569325001,-18,20,0,tracking,0,0.0
1007,598.671000,16.106,1,1,0.006949,orb,1,0.9796557120500783,1.0,12,0,1,,,145.32977294921875,9.30016803741455,154.3004923248291,3.149003257751465,-165.6995076751709,-176.85099674224853,49.83732986450195,-34.17313766479492,3,0.6500799146038913,-18,20,0,tracking,0,0.0
1008,598.703000,15.547,1,0,0.003637,orb,1,0.9273570324574961,0.9977777777777778,12,0,1,,,146.924560546875,8.20662784576416,155.89527992248534,2.0554630661010744,-164.10472007751466,-177.94453693389892,49.83732986450195,-34.17313766479492,4,0.6192613112449639,-18,20,0,tracking,0,0.0
1009,598.750000,50.317,1,0,0.003433,orb,1,0.9795918367346939,1.0,12,0,1,,,149.2669219970703,6.600490570068359,158.23764137268066,0.44932579040527365,-161.76235862731934,-179.55067420959472,49.83732986450195,-34.17313766479492,5,0.5739964875614091,-18,20,0,tracking,0,0.0
1010,598.781000,15.301,1,0,0.005200,orb,1,0.9831546707503829,1.0,12,0,1,,,150.81187438964844,5.541123390197754,159.78259376525878,-0.6100413894653318,-160.21740623474122,-180.61004138946532,49.83732986450195,-34.17313766479492,6,0.5441409655574275,-18,20,0,tracking,0,0.0
1011,598.828000,45.380,1,1,0.012028,orb,1,0.8437001594896332,0.9941319444444444,12,0,1,,,153.15423583984375,3.934986114501953,162.1249552154541,-2.2161786651611326,-157.8750447845459,-182.21617866516112,49.83732986450195,-34.17313766479492,7,0.49887614187387286,-17,20,0,tracking,0,0.0
1012,598.875000,42.310,1,0,0.010599,orb,1,0.978021978021978,1.0,12,0,1,,,155.49659729003906,2.3288488388061523,164.4673166656494,-3.8223159408569334,-155.5326833343506,-183.82231594085692,49.83732986450195,-34.17313766479492,8,0.4536113181903181,0,0,0,prediction_stale,0,0.0
1014,598.953000,35.760,1,4,0.037045,orb,1,0.9577235772357724,0.9976302083333334,12,1,0,386.5,45.5,208.8173828125,9.64002513885498,223.0877001953125,4.558427124023438,-96.9122998046875,-175.44157287597656,79.279541015625,-28.23110008239746,0,0.34450587888538176,-11,20,0,tracking,0,0.0
1015,599.000000,31.384,1,0,0.011411,orb,1,0.9914163090128756,1.0,12,0,1,,,212.54351806640625,8.313163757324219,226.81383544921874,3.231565742492676,-93.18616455078126,-176.76843425750732,79.279541015625,-28.23110008239746,1,0.3242661585008546,-10,20,0,tracking,0,0.0
1016,599.031000,16.345,1,0,0.004640,orb,1,0.9929873772791024,1.0,12,0,1,,,215.00119018554688,7.437999725341797,229.27150756835937,2.356401710510254,-90.72849243164063,-177.64359828948974,79.279541015625,-28.23110008239746,2,0.310916555694068,-10,20,0,tracking,0,0.0
1017,599.062000,15.042,1,0,0.001905,orb,1,0.9955686853766618,1.0,12,0,1,,,217.4588623046875,6.562835693359375,231.7291796875,1.4812376785278323,-88.2708203125,-178.51876232147217,79.279541015625,-28.23110008239746,3,0.29756695288723245,-10,20,0,tracking,0,0.0
1018,599.109000,70.480,1,0,0.001432,orb,1,0.9932065217391305,1.0,12,0,1,,,221.18499755859375,5.235974311828613,235.45531494140624,0.15437629699707056,-84.54468505859376,-179.84562370300293,79.279541015625,-28.23110008239746,4,0.2773272325027053,-9,20,0,tracking,0,0.0
1019,599.187000,17.253,1,0,0.004010,orb,1,0.9958847736625515,1.0,12,0,1,,,227.36880493164062,3.0339484214782715,241.63912231445312,-2.0476495933532712,-78.36087768554688,-182.04764959335327,79.279541015625,-28.23110008239746,5,0.24373790931139153,-9,20,0,tracking,0,0.0
1021,599.234000,43.551,1,1,0.018594,orb,1,0.9916434540389972,1.0,12,1,0,249.0,117.5,235.21595764160156,28.357894897460938,249.8830421447754,25.84220634460449,-70.1169578552246,-154.1577936553955,81.48380279541016,-13.97604751586914,0,0.5316742432881194,-8,20,0,tracking,0,0.0
1022,599.265000,29.078,1,0,0.004089,orb,1,0.9919463087248322,1.0,12,0,1,,,237.74195861816406,27.924636840820312,252.4090431213379,25.408948287963867,-67.5909568786621,-154.59105171203612,81.48380279541016,-13.97604751586914,1,0.5110718663607386,-7,20,0,tracking,0,0.0
1023,599.312000,15.428,1,0,0.004115,orb,1,0.9933422103861518,1.0,12,0,1,,,241.5717010498047,27.267763137817383,256.2387855529785,24.752074584960937,-63.76121444702147,-155.24792541503905,81.48380279541016,-13.97604751586914,2,0.4798360045675447,-7,20,0,tracking,0,0.0
1024,599.343000,15.776,1,0,0.003555,orb,1,0.9973333333333333,1.0,12,0,1,,,244.0977020263672,26.834505081176758,258.764786529541,24.318816528320312,-61.23521347045897,-155.68118347167967,81.48380279541016,-13.97604751586914,3,0.4592336276401639,-7,20,0,tracking,0,0.0
1025,599.406000,35.374,1,0,0.001363,orb,1,0.9986468200270636,1.0,12,0,1,,,249.23118591308594,25.95401382446289,263.8982704162598,23.438325271606445,-56.10172958374022,-156.56167472839354,81.48380279541016,-13.97604751586914,4,0.41736428098123235,-6,20,0,tracking,0,0.0
1026,599.421000,15.863,1,0,0.001706,orb,1,0.9869942196531792,1.0,12,0,1,,,250.4534454345703,25.744373321533203,265.12052993774415,23.228684768676757,-54.87947006225585,-156.77131523132323,81.48380279541016,-13.97604751586914,5,0.40739538891951366,-6,20,0,tracking,0,0.0
1027,599.468000,16.074,1,1,0.003472,orb,1,0.998641304347826,1.0,12,0,1,,,254.28318786621094,25.087499618530273,268.9502723693848,22.571811065673828,-51.04972763061522,-157.42818893432616,81.48380279541016,-13.97604751586914,6,0.3761595271263953,-6,20,0,tracking,0,0.0
1028,599.515000,42.191,1,1,0.002661,orb,1,0.9958734525447043,1.0,12,0,1,,,258.1129150390625,24.430625915527344,272.77999954223634,21.914937362670898,-47.22000045776366,-158.0850626373291,81.48380279541016,-13.97604751586914,7,0.3449236653332013,-5,20,0,tracking,0,0.0
1029,599.546000,45.014,1,0,0.000243,orb,1,0.997289972899729,1.0,12,0,1,,,260.638916015625,23.99736785888672,275.30600051879884,21.481679306030273,-44.69399948120116,-158.5183206939697,81.48380279541016,-13.97604751586914,8,0.324321288405745,0,0,0,prediction_stale,0,0.0
1030,599.593000,18.255,1,0,0.000486,orb,1,0.9973226238286479,1.0,12,0,1,,,264.4686584472656,23.34049415588379,279.13574295043946,20.824805603027343,-40.864257049560536,-159.17519439697264,81.48380279541016,-13.97604751586914,9,0.2930854266126266,0,0,0,prediction_stale,0,0.0
1031,599.625000,15.893,1,0,0.000434,orb,1,0.9946949602122016,1.0,12,0,1,,,267.0761413574219,22.893260955810547,281.7432258605957,20.3775724029541,-38.256774139404286,-159.62242759704588,81.48380279541016,-13.97604751586914,10,0.2718184568810758,0,0,0,prediction_stale,0,0.0
1032,599.687000,36.955,1,0,0.005408,orb,1,0.9932885906040269,1.0,12,0,1,,,272.1281433105469,22.02674674987793,286.7952278137207,19.511058197021484,-33.204772186279286,-160.4889418029785,81.48380279541016,-13.97604751586914,11,0.2306137030262387,0,0,0,prediction_stale,0,0.0
1033,599.703000,15.540,1,0,0.001120,orb,1,0.9973404255319149,1.0,12,0,1,,,273.431884765625,21.803129196166992,288.09896926879884,19.287440643310546,-31.90103073120116,-160.71255935668944,81.48380279541016,-13.97604751586914,12,0.21998021816050112,0,0,0,prediction_stale,0,0.0
1034,599.750000,15.736,1,0,0.001393,orb,1,0.9959128065395095,1.0,12,0,1,,,,,,,,,0.0,0.0,13,0.0,0,0,0,lost,0,0.0
1035,599.796000,38.489,1,0,0.001753,orb,1,0.9972375690607734,1.0,,0,0,,,,,,,,,0.0,0.0,0,0.0,0,0,0,lost,0,0.0
1036,599.828000,16.068,1,0,0.000477,orb,1,0.990578734858681,1.0,,0,0,,,,,,,,,0.0,0.0,0,0.0,0,0,0,lost,0,0.0
1037,599.875000,16.246,1,0,0.000195,orb,1,0.9986111111111111,1.0,,0,0,,,,,,,,,0.0,0.0,0,0.0,0,0,0,lost,0,0.0
1038,599.906000,24.930,1,0,0.000286,orb,1,0.9960159362549801,1.0,,0,0,,,,,,,,,0.0,0.0,0,0.0,0,0,0,lost,0,0.0
1039,599.953000,15.302,1,0,0.000000,orb,1,0.9972489683631361,1.0,,0,0,,,,,,,,,0.0,0.0,0,0.0,0,0,0,lost,0,0.0
1040,599.984000,15.821,1,0,0.000000,orb,1,0.996,1.0,,0,0,,,,,,,,,0.0,0.0,0,0.0,0,0,0,lost,0,0.0
1041,600.031000,24.870,1,0,0.000000,orb,1,0.9944827586206897,1.0,,0,0,,,,,,,,,0.0,0.0,0,0.0,0,0,0,lost,0,0.0
1042,600.062000,15.519,1,0,0.000000,orb,1,1.0,1.0,,0,0,,,,,,,,,0.0,0.0,0,0.0,0,0,0,lost,0,0.0
1043,600.109000,17.181,1,0,0.000195,orb,1,0.9711934156378601,1.0,,0,0,,,,,,,,,0.0,0.0,0,0.0,0,0,0,lost,0,0.0
1044,600.156000,40.224,1,0,0.000000,orb,1,0.9946595460614153,1.0,,0,0,,,,,,,,,0.0,0.0,0,0.0,0,0,0,lost,0,0.0
1045,600.187000,15.560,1,0,0.000291,orb,1,0.9959072305593452,1.0,,0,0,,,,,,,,,0.0,0.0,0,0.0,0,0,0,lost,0,0.0
1046,600.234000,15.852,1,0,0.000391,orb,1,0.9986631016042781,1.0,,0,0,,,,,,,,,0.0,0.0,0,0.0,0,0,0,lost,0,0.0
1047,600.265000,25.711,1,0,0.000391,orb,1,0.9959514170040485,1.0,,0,0,,,,,,,,,0.0,0.0,0,0.0,0,0,0,lost,0,0.0
1048,600.312000,16.467,1,0,0.000773,orb,1,0.9973614775725593,1.0,,0,0,,,,,,,,,0.0,0.0,0,0.0,0,0,0,lost,0,0.0
1049,600.343000,17.400,1,0,0.002352,orb,1,0.9946452476572959,1.0,,0,0,,,,,,,,,0.0,0.0,0,0.0,0,0,0,lost,0,0.0
1050,600.390000,25.269,1,0,0.003746,orb,1,0.9882869692532943,1.0,,0,0,,,,,,,,,0.0,0.0,0,0.0,0,0,0,lost,0,0.0
1051,600.421000,16.386,1,0,0.005990,orb,1,0.9933065595716198,1.0,,0,0,,,,,,,,,0.0,0.0,0,0.0,0,0,0,lost,0,0.0
1052,600.468000,25.104,1,1,0.011979,orb,1,0.9946164199192463,1.0,13,1,0,321.0,280.5,321.0,280.5,321.0,280.5,1.0,100.5,0.0,0.0,0,0.6874297393970363,0,-20,0,tracking,0,0.0
1053,600.500000,16.775,1,3,0.015469,orb,1,0.9931693989071039,1.0,13,1,0,325.0,284.0,323.9419860839844,283.07421875,323.9589152941108,283.0890318085253,3.9589152941107955,103.0890318085253,0.09405116736888885,0.0822947695851326,0,0.7615287321026061,0,-20,0,tracking,0,0.0
1054,600.546000,16.523,1,2,0.017105,orb,1,0.993234100135318,1.0,13,1,0,321.5,290.0,322.903076171875,286.0299072265625,322.88181441098453,286.1527837598324,2.881814410984532,106.1527837598324,-0.11812089383602142,0.6826474070549011,0,0.7937720063129631,0,-20,0,tracking,0,0.0
1055,600.593000,25.276,1,2,0.019965,orb,1,0.991869918699187,1.0,13,1,0,317.0,285.5,321.0934753417969,285.89007568359375,320.9126005768776,285.9977425253391,0.912600576877594,105.9977425253391,-1.0048598051071167,0.5981491208076477,0,0.8034368622476855,0,-20,0,tracking,0,0.0
1056,600.625000,16.388,1,4,0.027352,orb,1,0.9891891891891892,1.0,13,1,0,313.0,309.5,319.1148376464844,291.6053771972656,318.6722615289688,292.4788925075531,-1.3277384710311821,112.4788925075531,-2.4587562084198,4.85286283493042,0,0.7295644591661163,0,-20,0,tracking,0,0.0
1057,600.671000,15.489,1,4,0.035026,orb,1,0.9931600547195623,1.0,13,1,0,307.5,310.0,316.6013488769531,295.6209411621094,315.6606683063507,297.2814026069641,-4.339331693649285,117.2814026069641,-5.226003170013428,9.224785804748535,0,0.7453804214944638,0,-20,0,tracking,0,0.0
1058,600.703000,40.740,1,5,0.049605,orb,1,0.9957983193277311,1.0,13,1,0,303.0,311.0,313.95074462890625,298.7044677734375,312.3707992362976,301.08269779205324,-7.629200763702386,121.08269779205324,-8.777474403381348,13.21238899230957,0,0.7512231918848671,0,-20,0,tracking,0,0.0
1059,600.750000,15.616,1,4,0.068407,orb,1,0.9943820224719101,1.0,13,1,0,291.5,306.0,309.634033203125,300.50787353515625,306.80290245056153,303.2650414085388,-13.197097549438467,123.26504140853882,-15.728504180908203,15.317599296569824,0,0.6398247128237968,0,-20,0,tracking,0,0.0
1060,600.781000,17.172,1,6,0.077917,orb,1,0.9911634756995582,1.0,13,1,0,287.0,305.0,305.4703674316406,301.6495666503906,301.3421846008301,304.642014465332,-18.65781539916992,124.64201446533201,-22.934349060058594,16.624710083007812,0,0.6558596292319505,0,-20,0,tracking,0,0.0
1061,600.828000,25.075,1,4,0.086458,orb,1,0.9817351598173516,1.0,13,1,0,284.5,307.0,301.0547180175781,303.19757080078125,295.63711688995363,306.48618255615236,-24.36288311004637,126.48618255615236,-30.0977840423584,18.270065307617188,0,0.7108835280324428,0,-20,0,tracking,0,0.0
1062,600.875000,39.545,1,5,0.077921,orb,1,0.9879518072289156,1.0,13,1,0,280.0,305.5,296.2807312011719,304.30322265625,289.5146424102783,307.6909602737427,-30.485357589721673,127.69096027374269,-37.58938217163086,18.820764541625977,0,0.7065435125649273,-3,-20,0,tracking,0,0.0
1063,600.906000,32.110,1,6,0.077049,orb,1,0.9708588957055214,1.0,13,1,0,285.0,314.5,293.45367431640625,306.4659423828125,286.0150107574463,310.492869720459,-33.984989242553695,130.492869720459,-41.32590866088867,22.37181854248047,0,0.77537786995391,-4,-20,0,tracking,0,0.0
1064,600.953000,15.835,1,6,0.070256,orb,1,0.9827089337175793,1.0,13,1,0,281.0,315.0,289.7379150390625,308.77984619140625,281.5859043884277,313.3145739746094,-38.41409561157229,133.3145739746094,-45.28894805908203,25.19293212890625,0,0.7921681497541367,-4,-20,0,tracking,0,0.0
1065,600.984000,40.894,1,4,0.059923,orb,1,0.9808259587020649,0.9988888888888889,13,1,0,277.0,315.5,286.4952087402344,310.52435302734375,277.61297874450685,315.44172775268555,-42.38702125549315,135.44172775268555,-49.34572219848633,27.318748474121094,0,0.8168219531380254,-5,-20,0,tracking,0,0.0
1066,601.031000,17.379,1,6,0.048047,orb,1,0.9700680272108844,1.0,13,1,0,272.0,315.5,282.1540832519531,312.42132568359375,272.49159118652346,317.57527141571046,-47.508408813476535,137.57527141571046,-53.680511474609375,28.633031845092773,0,0.8368628310792302,-5,-20,0,tracking,0,0.0
1067,601.062000,40.028,1,4,0.049501,orb,1,0.9749303621169917,1.0,13,1,0,267.5,316.5,278.4215393066406,313.81707763671875,267.978980178833,319.1626496505737,-52.02101982116699,139.1626496505737,-58.014217376708984,29.697622299194336,0,0.8371080192021993,-6,-20,0,tracking,0,0.0
1068,601.109000,15.645,1,6,0.046063,orb,1,0.9781420765027322,1.0,13,1,0,263.0,316.0,273.6392822265625,315.34033203125,262.4512609100342,320.73212593078614,-57.54873908996581,140.73212593078614,-62.15567398071289,29.954410552978516,0,0.8194983061215676,-6,-20,0,tracking,0,0.0
1069,601.156000,35.933,1,3,0.042504,orb,1,0.9720670391061452,1.0,13,1,0,261.0,314.5,269.1326904296875,316.3814697265625,257.3943508911133,321.6459502792358,-62.60564910888672,141.64595027923582,-65.21299743652344,29.247114181518555,0,0.8342545258577603,-7,-20,0,tracking,0,0.0
1070,601.187000,37.505,1,5,0.044983,orb,1,0.9877551020408163,1.0,13,1,0,365.0,269.5,282.2911376953125,309.8774108886719,275.6701377868652,312.643671836853,-44.32986221313479,132.643671836853,-36.78333282470703,15.36811637878418,0,0.3118856417691709,-5,-20,0,tracking,0,0.0
1071,601.234000,27.155,1,5,0.058915,orb,1,0.9861878453038674,1.0,13,1,0,343.0,251.5,290.27569580078125,301.4056091308594,286.78570121765136,301.208251376152,-33.214298782348635,121.20825137615202,-19.388858795166016,-1.0964319705963135,0,0.43133736910260234,-4,-20,0,tracking,0,0.0
1072,601.265000,69.732,1,4,0.075252,orb,1,0.9849315068493151,1.0,13,1,0,346.5,265.5,298.0787048339844,296.06646728515625,297.21911735534667,294.20863679885866,-22.78088264465333,114.20863679885866,-4.775485992431641,-10.321280479431152,0,0.5337738684036293,0,-20,0,tracking,0,0.0
1074,601.343000,38.536,1,4,0.126046,orb,1,0.9786096256684492,1.0,13,1,0,263.0,291.5,292.1136169433594,294.6553039550781,289.63174379348754,292.6216522216797,-30.368256206512456,112.62165222167971,-13.78818416595459,-11.298065185546875,0,0.6173870743178828,-3,-20,0,tracking,0,0.0
1075,601.390000,30.233,1,7,0.064670,orb,1,0.9516666666666667,1.0,13,1,0,346.0,309.5,300.051513671875,296.5450744628906,299.9477591323853,295.18192108154295,-20.052240867614728,115.18192108154295,-0.5764141082763672,-7.5730743408203125,0,0.4350225828911043,0,-20,0,tracking,0,0.0
1076,601.421000,16.356,1,5,0.063142,orb,1,0.9527027027027027,1.0,13,1,0,347.5,314.5,307.032958984375,298.9925231933594,308.8120339775085,298.3508933067322,-11.18796602249148,118.35089330673219,9.883749961853027,-3.564610481262207,0,0.5537668079253759,0,-20,0,tracking,0,0.0
1077,601.468000,15.216,1,6,0.052878,orb,1,0.966832504145937,1.0,13,1,0,359.0,318.5,314.9508056640625,301.67230224609375,318.6510813140869,301.7646106517315,-1.3489186859130768,121.76461065173152,20.557086944580078,0.5128244757652283,0,0.6364835563020756,0,-20,0,tracking,0,0.0
1078,601.500000,34.884,1,3,0.032027,orb,1,0.9578606158833063,1.0,13,1,0,362.0,321.5,321.9524841308594,304.3978271484375,327.2428203201294,305.1691658306122,7.242820320129397,125.1691658306122,29.390756607055664,4.285214900970459,0,0.6207728267694815,0,-20,0,tracking,0,0.0
1079,601.546000,16.128,1,2,0.025747,orb,1,0.9786259541984733,1.0,13,1,0,363.5,324.0,328.700439453125,307.1999206542969,335.29166229248045,308.59928394317626,15.291662292480453,128.59928394317626,36.61790466308594,7.774240493774414,0,0.6334462613391227,0,-20,0,tracking,0,0.0
1080,601.593000,15.420,1,2,0.022335,orb,1,0.9691833590138675,1.0,13,1,0,364.5,326.0,334.9151611328125,309.99615478515625,342.5485841369629,311.95929368972776,22.548584136962916,131.95929368972776,42.40790557861328,10.906327247619629,0,0.653061154645496,0,-20,0,tracking,0,0.0
1081,601.625000,26.370,1,2,0.023108,orb,1,0.9908536585365854,1.0,13,1,0,366.0,328.0,339.9925537109375,312.5545959472656,348.4671291351318,315.0172816467285,28.467129135131813,135.01728164672852,47.08097457885742,13.681587219238281,0,0.6757153774255054,3,-20,0,tracking,0,0.0
1082,601.671000,41.884,1,2,0.022847,orb,1,0.981651376146789,1.0,13,1,0,367.0,329.5,345.2127685546875,315.1901550292969,354.3539291381836,318.0906534576416,34.35392913818362,138.09065345764162,50.78422546386719,16.113880157470703,0,0.6975823578966371,4,-20,0,tracking,0,0.0
1083,601.703000,16.070,1,2,0.022639,orb,1,0.9793205317577548,1.0,13,1,0,368.5,331.5,349.37664794921875,317.5568542480469,359.05880073547365,320.851798248291,39.05880073547365,140.851798248291,53.789737701416016,18.30524444580078,0,0.7126667155336897,4,-20,0,tracking,0,0.0
1084,601.750000,41.201,1,2,0.023112,orb,1,0.9666136724960255,1.0,13,1,0,369.5,333.5,353.9393310546875,320.1612548828125,364.0405641937256,323.8154377365112,44.04056419372557,143.81543773651123,56.11796188354492,20.301015853881836,0,0.7255542015229118,5,-20,0,tracking,0,0.0
1085,601.781000,17.004,1,4,0.024375,orb,1,0.9584615384615385,1.0,13,1,0,345.5,317.5,354.55572509765625,320.4274597167969,364.4305567932129,324.0084533691406,44.43055679321287,144.00845336914062,54.86017608642578,19.8944091796875,0,0.8109038356471026,5,-20,0,tracking,0,0.0
1086,601.828000,16.043,1,3,0.022483,orb,1,0.9811023622047244,1.0,13,1,0,346.5,320.0,355.9744873046875,321.2138977050781,365.6229354095459,324.7658864212036,45.6229354095459,144.76588642120362,53.60248947143555,19.7332706451416,0,0.8439092318311923,5,-20,0,tracking,0,0.0
1087,601.875000,26.916,1,4,0.021545,orb,1,0.981651376146789,1.0,13,1,0,347.5,322.5,357.3109436035156,322.179931640625,366.7355830383301,325.73922145843505,46.735583038330105,145.73922145843505,52.359107971191406,19.773832321166992,0,0.8280264543483423,5,-20,0,tracking,0,0.0
1088,601.906000,16.017,1,4,0.022357,orb,1,0.9876352395672334,1.0,13,1,0,349.0,325.0,357.911376953125,323.0201416015625,367.1463381195068,326.62157291412353,47.14633811950682,146.62157291412353,51.30533981323242,20.007951736450195,0,0.815735449505285,5,-20,0,tracking,0,0.0
1089,601.953000,16.440,1,3,0.021901,orb,1,0.9691358024691358,1.0,13,1,0,350.5,327.5,359.3233642578125,324.32061767578125,368.3783570098877,327.98689819335937,48.37835700988768,147.98689819335937,50.30551528930664,20.36822509765625,0,0.7954936112236974,5,-20,0,tracking,0,0.0
1090,601.984000,41.542,1,2,0.018694,orb,1,0.9787556904400607,0.9976388888888889,13,1,0,352.0,330.0,360.0156555175781,325.44482421875,368.91739654541016,329.1981950759888,48.917396545410156,149.1981950759888,49.45411682128906,20.852060317993164,0,0.7664383012021029,5,-20,0,tracking,0,0.0
1091,602.031000,14.936,1,1,0.016237,orb,1,0.9697428139183056,1.0,13,1,0,352.5,332.5,361.38946533203125,327.01171875,370.1278300476074,330.86595680236815,50.127830047607404,150.86595680236815,48.546470642089844,21.412433624267578,0,0.7608818362216074,5,-20,0,tracking,0,0.0
1092,602.062000,38.027,1,3,0.019748,orb,1,0.9711684370257967,1.0,13,1,0,354.5,335.0,362.1144104003906,328.3560791015625,370.7210785675049,332.32522830963137,50.72107856750489,152.32522830963137,47.814823150634766,22.05082893371582,0,0.7507138360286205,6,-20,0,tracking,0,0.0
1093,602.109000,36.662,1,2,0.020148,orb,1,0.9774774774774775,1.0,13,1,0,332.5,316.5,361.42919921875,328.20587158203125,369.55359092712405,331.9798733901978,49.55359092712405,151.97987339019778,45.1355094909668,20.966676712036133,0,0.5586325397180252,5,-20,0,tracking,0,0.0
1094,602.140000,16.703,1,1,0.018186,orb,1,0.9818456883509834,1.0,13,1,0,332.0,321.0,360.0933532714844,328.15887451171875,367.77546562194823,331.8201727294922,47.77546562194823,151.82017272949219,42.678401947021484,20.340545654296875,0,0.6332695483842499,5,-20,0,tracking,0,0.0
1095,602.187000,15.845,1,1,0.017109,orb,1,0.9882352941176471,1.0,13,1,0,332.5,325.5,359.495849609375,328.79693603515625,366.7673383331299,332.40808612823486,46.767338333129885,152.40808612823486,40.397159576416016,20.06194496154785,0,0.676199987972657,5,-20,0,tracking,0,0.0
1096,602.234000,40.850,1,1,0.014761,orb,1,0.99002849002849,1.0,13,1,0,332.5,330.0,358.8778076171875,329.76251220703125,365.76189918518065,333.37715045928957,45.76189918518065,153.37715045928957,38.24495315551758,20.081323623657227,0,0.7089168012868151,5,-20,0,tracking,0,0.0
1097,602.265000,16.616,1,1,0.013984,orb,1,0.9773755656108597,1.0,13,1,0,332.0,332.5,357.70367431640625,330.5628662109375,364.23016914367673,334.20445426940915,44.23016914367673,154.20445426940915,36.258304595947266,20.23104476928711,0,0.7404487364681835,5,-20,0,tracking,0,0.0
1098,602.312000,15.059,1,1,0.015788,orb,1,0.936,0.9984722222222222,13,1,0,332.5,334.5,357.1650390625,331.76263427734375,363.3594151306152,335.4410814666748,43.35941513061522,155.4410814666748,34.41320037841797,20.43581771850586,0,0.7671060081555984,5,-20,0,tracking,0,0.0
1099,602.343000,24.700,1,1,0.013333,orb,1,0.9648854961832061,1.0,13,1,0,344.0,336.0,357.0845947265625,332.6866455078125,363.1115776062012,336.40748069763185,43.111577606201195,156.40748069763185,33.483238220214844,20.671306610107422,0,0.7391078342549633,5,-20,0,tracking,0,0.0
1100,602.390000,16.144,1,2,0.009986,orb,1,0.9733124018838305,0.9996788194444445,13,1,0,368.0,263.5,359.4053649902344,328.047607421875,365.53899490356446,330.96749809265134,45.53899490356446,150.96749809265134,34.075721740722656,16.221614837646484,0,0.48609146369625345,5,-20,0,tracking,0,0.0
1101,602.421000,15.646,1,1,0.008307,orb,1,0.9893939393939394,1.0,13,1,0,367.0,265.5,360.96820068359375,323.6661071777344,367.1731304931641,325.8984368705749,47.17313049316408,145.89843687057493,34.471832275390625,12.40183162689209,0,0.5197246461998163,5,-20,0,tracking,0,0.0
1102,602.468000,27.801,1,0,0.000955,orb,1,0.9787234042553191,1.0,13,0,1,,,362.58837890625,324.2489929199219,368.79330871582033,326.4813226127624,48.79330871582033,146.48132261276243,34.471832275390625,12.40183162689209,1,0.4891908232356344,5,-20,0,tracking,0,0.0
1103,602.500000,16.543,1,0,0.000195,orb,1,0.9609022556390977,1.0,13,0,1,,,363.69146728515625,324.6458435058594,369.8963970947266,326.8781731986999,49.89639709472658,146.87817319869993,34.471832275390625,12.40183162689209,2,0.4684018373876163,5,-20,0,tracking,0,0.0
1104,602.546000,26.392,1,0,0.001411,orb,1,0.9820359281437125,1.0,13,0,1,,,365.27716064453125,325.2163391113281,371.4820904541016,327.4486688041687,51.48209045410158,147.44866880416868,34.471832275390625,12.40183162689209,3,0.438517670231095,6,-20,0,tracking,0,0.0
1105,602.593000,16.427,1,1,0.003976,orb,1,0.978494623655914,1.0,13,1,0,367.5,270.0,366.9523010253906,320.7101745605469,373.1643829345703,322.28033473968503,53.16438293457031,142.28033473968503,34.511566162109375,8.723112106323242,0,0.6341330275051819,6,-20,0,tracking,0,0.0
1106,602.625000,15.634,1,0,0.003497,orb,1,0.9044006069802731,0.9989930555555555,13,0,1,,,368.0566711425781,320.98931884765625,374.2687530517578,322.5594790267944,54.26875305175781,142.5594790267944,34.511566162109375,8.723112106323242,1,0.6087677064049436,6,-20,0,tracking,0,0.0
1107,602.671000,63.565,1,0,0.004232,orb,1,0.9802431610942249,1.0,13,0,1,,,369.6441955566406,321.3905944824219,375.8562774658203,322.96075466156003,55.85627746582031,142.96075466156003,34.511566162109375,8.723112106323242,2,0.5723050573233567,6,-20,0,tracking,0,0.0
1109,602.750000,16.025,1,1,0.006975,orb,1,0.970679012345679,1.0,13,1,0,372.0,272.5,372.33282470703125,317.0245056152344,378.54033012390136,317.98238691329954,58.540330123901356,137.98238691329954,34.486141204833984,5.321562767028809,0,0.6720680754883777,6,-20,0,tracking,0,0.0
1110,602.781000,26.213,1,0,0.000000,orb,1,0.9892802450229708,1.0,13,0,1,,,373.4018859863281,317.1894836425781,379.60939140319823,318.1473649406433,59.60939140319823,138.14736494064329,34.486141204833984,5.321562767028809,1,0.6460254375632458,7,-20,0,tracking,0,0.0
1111,602.828000,16.014,1,0,0.000000,orb,1,0.9787878787878788,1.0,13,0,1,,,375.0227355957031,317.4396057128906,381.23024101257323,318.3974870109558,61.23024101257323,138.39748701095579,34.486141204833984,5.321562767028809,2,0.6065414381282822,7,-20,0,tracking,0,0.0
1112,602.875000,17.400,1,0,0.000195,orb,1,0.9660493827160493,1.0,13,0,1,,,376.6435852050781,317.6897277832031,382.85109062194823,318.6476090812683,62.85109062194823,138.64760908126829,34.486141204833984,5.321562767028809,3,0.5670574386933187,7,-20,0,tracking,0,0.0
1113,602.906000,41.247,1,0,0.000317,orb,1,0.9711246200607903,1.0,13,0,1,,,377.712646484375,317.8547058105469,383.9201519012451,318.81258710861204,63.920151901245106,138.81258710861204,34.486141204833984,5.321562767028809,4,0.5410148007681868,7,-20,0,tracking,0,0.0
1114,602.953000,16.621,1,0,0.003420,orb,1,0.9866468842729971,1.0,13,0,1,,,379.33349609375,318.1048278808594,385.5410015106201,319.06270917892454,65.5410015106201,139.06270917892454,34.486141204833984,5.321562767028809,5,0.5015308013332233,7,-20,0,tracking,0,0.0
1115,602.984000,14.547,1,0,0.003976,orb,1,0.987673343605547,1.0,13,0,1,,,380.4025573730469,318.2698059082031,386.610062789917,319.2276872062683,66.61006278991698,139.22768720626829,34.486141204833984,5.321562767028809,6,0.4754881634079959,7,-20,0,tracking,0,0.0
1116,603.031000,26.701,1,0,0.002873,orb,1,0.9849624060150376,1.0,13,0,1,,,382.0234069824219,318.5199279785156,388.230912399292,319.4778092765808,68.23091239929198,139.47780927658079,34.486141204833984,5.321562767028809,7,0.4360041639731278,7,-20,0,tracking,0,0.0
1117,603.062000,42.663,1,0,0.000260,orb,1,0.8623853211009175,0.9997829861111112,13,0,1,,,383.09246826171875,318.6849060058594,389.29997367858886,319.64278730392454,69.29997367858886,139.64278730392454,34.486141204833984,5.321562767028809,8,0.4099615260479004,0,0,0,prediction_stale,0,0.0
1118,603.109000,34.995,1,1,0.004427,orb,1,0.9755725190839695,1.0,13,1,0,347.5,310.5,379.594970703125,317.7748718261719,385.27200504302976,318.6125129127502,65.27200504302976,138.61251291275022,31.539079666137695,4.653561592102051,0,0.6886524713705029,7,-20,0,tracking,0,0.0
1119,603.140000,15.631,1,1,0.003647,orb,1,0.9432835820895522,0.9996006944444444,13,1,0,357.0,297.0,377.6324157714844,315.3098449707031,383.0084999084473,315.88041365623474,63.00849990844728,135.88041365623474,29.86713409423828,3.169826030731201,0,0.6705202904002829,7,-20,0,tracking,0,0.0
1120,603.203000,17.246,1,1,0.004583,orb,1,0.978494623655914,1.0,13,1,0,352.0,309.5,376.26531982421875,314.79998779296875,381.31668003082274,315.29963106155395,61.31668003082274,135.29963106155395,28.063112258911133,2.7757959365844727,0,0.6328085388810838,7,-20,0,tracking,0,0.0
1121,603.218000,36.233,1,1,0.003494,orb,1,0.9791666666666666,1.0,13,1,0,357.5,300.5,374.6297912597656,313.3044128417969,379.4766753005981,313.65121156692504,59.47667530059812,133.65121156692504,26.927133560180664,1.9266595840454102,0,0.7082422216609857,7,-20,0,tracking,0,0.0
1122,603.265000,16.205,1,0,0.003472,orb,1,0.9839181286549707,1.0,13,0,1,,,375.8953552246094,313.39495849609375,380.74223926544187,313.7417572212219,60.74223926544187,133.74175722122192,26.927133560180664,1.9266595840454102,1,0.6666329911383803,7,-20,0,tracking,0,0.0
1123,603.296000,15.952,1,0,0.002738,orb,1,0.834575260804769,0.9987413194444444,13,0,1,,,376.7301025390625,313.4546813964844,381.576986579895,313.80148012161254,61.57698657989499,133.80148012161254,26.927133560180664,1.9266595840454102,2,0.6391886050489615,7,-20,0,tracking,0,0.0
1124,603.343000,27.612,1,0,0.000195,orb,1,0.9875968992248062,1.0,13,0,1,,,377.99566650390625,313.54522705078125,382.84255054473874,313.8920257759094,62.84255054473874,133.89202577590942,26.927133560180664,1.9266595840454102,3,0.5975793745264567,7,-20,0,tracking,0,0.0
1125,603.390000,16.199,1,0,0.000356,orb,1,0.9861751152073732,1.0,13,0,1,,,379.26123046875,313.6357727050781,384.1081145095825,313.9825714302063,64.10811450958249,133.9825714302063,26.927133560180664,1.9266595840454102,4,0.5559701440038513,7,-20,0,tracking,0,0.0
1126,603.421000,16.011,1,0,0.001289,orb,1,0.9823008849557522,1.0,13,0,1,,,380.0959777832031,313.69549560546875,384.9428618240356,314.0422943305969,64.94286182403562,134.04229433059692,26.927133560180664,1.9266595840454102,5,0.5285257579144325,7,-20,0,tracking,0,0.0
1127,603.468000,46.044,1,0,0.000000,orb,1,0.9875776397515528,1.0,13,0,1,,,381.3615417480469,313.7860412597656,386.20842578887937,314.1328399848938,66.20842578887937,134.1328399848938,26.927133560180664,1.9266595840454102,6,0.4869165273919277,7,-20,0,tracking,0,0.0
1128,603.531000,33.485,1,0,0.000920,orb,1,0.9831029185867896,1.0,13,0,1,,,383.0579528808594,313.90740966796875,387.90483692169187,314.2542083930969,67.90483692169187,134.25420839309692,26.927133560180664,1.9266595840454102,7,0.4311424524361355,0,0,0,prediction_stale,0,0.0
1129,603.546000,17.769,1,0,0.000000,orb,1,0.974512743628186,1.0,13,0,1,,,383.46185302734375,313.9363098144531,388.30873706817624,314.2831085395813,68.30873706817624,134.2831085395813,26.927133560180664,1.9266595840454102,8,0.41786291077990345,0,0,0,prediction_stale,0,0.0
1130,603.593000,16.714,1,0,0.000000,orb,1,0.9867256637168141,1.0,13,0,1,,,384.7274169921875,314.02685546875,389.57430103302,314.37365419387817,69.57430103301999,134.37365419387817,26.927133560180664,1.9266595840454102,9,0.37625368025739864,0,0,0,prediction_stale,0,0.0
1131,603.625000,37.599,1,0,0.000000,orb,1,0.9750390015600624,0.9994791666666667,13,0,1,,,385.5890808105469,314.0885009765625,390.43596485137937,314.43529970169067,70.43596485137937,134.43529970169067,26.927133560180664,1.9266595840454102,10,0.3479239913909246,0,0,0,prediction_stale,0,0.0
1132,603.671000,14.895,1,1,0.008754,orb,1,0.9847094801223242,1.0,13,0,1,,,386.8277282714844,314.1771240234375,391.67461231231687,314.52392274856567,71.67461231231687,134.52392274856567,26.927133560180664,1.9266595840454102,11,0.30720006364537444,0,0,0,prediction_stale,0,0.0
1133,603.703000,15.768,1,0,0.000000,orb,1,0.9880774962742176,1.0,13,0,1,,,387.68939208984375,314.23876953125,392.53627613067624,314.58556825637817,72.53627613067624,134.58556825637817,26.927133560180664,1.9266595840454102,12,0.27887037477900106,0,0,0,prediction_stale,0,0.0
1134,603.750000,51.388,1,0,0.000122,orb,1,0.9867060561299852,1.0,13,0,1,,,,,,,,,0.0,0.0,13,0.0,0,0,0,lost,0,0.0
1135,603.796000,16.458,1,0,0.000391,orb,1,0.9879336349924586,1.0,,0,0,,,,,,,,,0.0,0.0,0,0.0,0,0,0,lost,0,0.0
1136,603.828000,16.931,1,0,0.000421,orb,1,0.9509954058192955,1.0,,0,0,,,,,,,,,0.0,0.0,0,0.0,0,0,0,lost,0,0.0
1137,603.890000,31.769,1,0,0.000000,orb,1,0.9772382397572079,1.0,,0,0,,,,,,,,,0.0,0.0,0,0.0,0,0,0,lost,0,0.0
1138,603.906000,22.506,1,0,0.000000,orb,1,0.9916083916083916,1.0,,0,0,,,,,,,,,0.0,0.0,0,0.0,0,0,0,lost,0,0.0
1139,603.953000,15.766,1,0,0.000000,orb,1,0.9875,1.0,,0,0,,,,,,,,,0.0,0.0,0,0.0,0,0,0,lost,0,0.0
1140,603.984000,37.381,1,0,0.000000,orb,1,0.9834834834834835,1.0,,0,0,,,,,,,,,0.0,0.0,0,0.0,0,0,0,lost,0,0.0
1141,604.031000,15.050,1,0,0.000000,orb,1,0.9905808477237049,1.0,,0,0,,,,,,,,,0.0,0.0,0,0.0,0,0,0,lost,0,0.0
1142,604.062000,15.098,1,0,0.001389,orb,1,0.9709923664122138,0.9998263888888889,,0,0,,,,,,,,,0.0,0.0,0,0.0,0,0,0,lost,0,0.0
1143,604.109000,43.191,1,0,0.002956,orb,1,0.9322289156626506,1.0,,0,0,,,,,,,,,0.0,0.0,0,0.0,0,0,0,lost,0,0.0
1144,604.140000,15.816,1,0,0.000898,orb,1,0.9867060561299852,1.0,,0,0,,,,,,,,,0.0,0.0,0,0.0,0,0,0,lost,0,0.0
1145,604.187000,25.868,1,2,0.016614,orb,1,0.7938931297709924,0.9916840277777778,14,1,0,362.0,321.0,362.0,321.0,362.0,321.0,42.0,141.0,0.0,0.0,0,0.6312399839743591,5,-20,0,tracking,0,0.0
1146,604.218000,15.497,1,0,0.000582,orb,1,0.9782270606531882,1.0,14,0,1,,,362.0,321.0,362.0,321.0,42.0,141.0,0.0,0.0,1,0.6067794345953929,5,-20,0,tracking,0,0.0
1147,604.265000,22.048,1,1,0.003398,orb,1,0.9690721649484536,1.0,14,1,0,362.0,323.5,362.0,322.8411865234375,362.0,322.86688371658323,42.0,142.86688371658323,0.0,0.1427621841430664,0,0.8330264720376661,5,-20,0,tracking,0,0.0
1148,604.296000,27.459,1,1,0.003147,orb,1,0.9898550724637681,1.0,14,1,0,363.5,323.0,362.6392517089844,322.9114074707031,362.6613857537508,322.9393828248978,42.66138575375078,142.9393828248978,0.12296691536903381,0.15541863441467285,0,0.8220898333518498,5,-20,0,tracking,0,0.0
1149,604.343000,15.730,1,1,0.004188,orb,1,0.9815668202764977,1.0,14,1,0,367.0,323.5,363.9756164550781,323.0963134765625,364.11286835193636,323.1396546563506,44.112868351936356,143.13965465635061,0.7625105381011963,0.24078433215618134,0,0.8521519633311645,5,-20,0,tracking,0,0.0
1150,604.390000,17.424,1,1,0.008585,orb,1,0.981021897810219,1.0,14,1,0,368.0,324.5,364.9905700683594,323.4494323730469,365.276736536026,323.5447581243515,45.27673653602602,143.54475812435152,1.5898137092590332,0.5295875072479248,0,0.8524870781371667,5,-20,0,tracking,0,0.0
1151,604.421000,27.182,1,1,0.008294,orb,1,0.9931693989071039,1.0,14,1,0,369.0,326.0,365.85931396484375,323.990234375,366.30949476718905,324.1905150938034,46.30949476718905,144.1905150938034,2.501004457473755,1.112670660018921,0,0.8380296639618934,5,-20,0,tracking,0,0.0
1152,604.468000,16.507,1,1,0.006962,orb,1,0.993103448275862,1.0,14,1,0,369.0,327.5,366.55072021484375,324.6988525390625,367.1562464094162,325.07679673194883,47.15624640941621,145.07679673194883,3.364034414291382,2.0996899604797363,0,0.8251376953073611,5,-20,0,tracking,0,0.0
1153,604.500000,15.648,1,1,0.003611,orb,1,0.9931318681318682,1.0,14,1,0,363.5,335.0,366.1087951660156,326.5467529296875,366.5426798963547,327.48086298942565,46.542679896354684,147.48086298942565,2.410470724105835,5.189500331878662,0,0.6958071362580508,5,-20,0,tracking,0,0.0
1154,604.546000,26.116,1,1,0.004562,orb,1,0.9865771812080537,1.0,14,1,0,368.0,332.0,366.5247802734375,327.6791687011719,367.0680453157425,328.93364987373354,47.068045315742495,148.93364987373354,3.018139123916626,6.969339847564697,0,0.8025558697393018,5,-20,0,tracking,0,0.0
1155,604.578000,15.559,1,1,0.004102,orb,1,0.9933244325767691,1.0,14,1,0,369.5,333.0,367.0921936035156,328.7359619140625,367.81461145401,330.30770738601683,47.81461145400999,150.30770738601683,4.013432502746582,8.731919288635254,0,0.8041368109656266,5,-20,0,tracking,0,0.0
1156,604.625000,15.257,1,1,0.003403,orb,1,0.9921465968586387,1.0,14,1,0,371.5,333.0,367.9861145019531,329.7905578613281,368.98990543365477,331.61929895401,48.98990543365477,151.61929895401,5.576616287231445,10.159672737121582,0,0.8126493142276647,5,-20,0,tracking,0,0.0
1157,604.671000,29.439,1,0,0.004510,orb,1,0.9960578186596584,1.0,14,0,1,,,368.2426452636719,330.2579040527344,369.2464361953735,332.08664514541624,49.24643619537352,152.08664514541624,5.576616287231445,10.159672737121582,1,0.7659219786595242,5,-20,0,tracking,0,0.0
1158,604.703000,15.178,1,0,0.000000,orb,1,0.9947159841479525,1.0,14,0,1,,,368.4211120605469,330.5830078125,369.4249029922485,332.41174890518187,49.42490299224852,152.41174890518187,5.576616287231445,10.159672737121582,2,0.7334160060904933,5,-20,0,tracking,0,0.0
1159,604.750000,15.615,1,0,0.000000,orb,1,0.9973958333333334,1.0,14,0,1,,,368.6832275390625,331.0605163574219,369.68701847076414,332.88925745010374,49.687018470764144,152.88925745010374,5.576616287231445,10.159672737121582,3,0.6856728588795922,5,-20,0,tracking,0,0.0
1160,604.781000,27.316,1,0,0.000000,orb,1,0.9973890339425587,1.0,14,0,1,,,368.8561096191406,331.3754577636719,369.85990055084227,333.20419885635374,49.85990055084227,153.20419885635374,5.576616287231445,10.159672737121582,4,0.6541826979533218,5,-20,0,tracking,0,0.0
1161,604.828000,15.996,1,0,0.000000,orb,1,0.9986979166666666,1.0,14,0,1,,,369.11822509765625,331.85296630859375,370.1220160293579,333.6817074012756,50.122016029357894,153.68170740127562,5.576616287231445,10.159672737121582,5,0.6064395507424207,5,-20,0,tracking,0,0.0
1162,604.859000,37.914,1,0,0.000000,orb,1,0.9973718791064389,1.0,14,0,1,,,369.2911071777344,332.16790771484375,370.294898109436,333.9966488075256,50.29489810943602,153.99664880752562,5.576616287231445,10.159672737121582,6,0.5749493898160349,6,-20,0,tracking,0,0.0
1163,604.906000,15.939,1,0,0.000000,orb,1,0.9986824769433466,1.0,14,0,1,,,369.55322265625,332.6454162597656,370.55701358795164,334.4741573524475,50.557013587951644,154.4741573524475,5.576616287231445,10.159672737121582,7,0.5272062426052493,6,-20,0,tracking,0,0.0
1164,604.937000,27.295,1,0,0.000000,orb,1,0.9961240310077519,1.0,14,0,1,,,369.7261047363281,332.9603576660156,370.72989566802977,334.7890987586975,50.72989566802977,154.7890987586975,5.576616287231445,10.159672737121582,8,0.4957160816788635,0,0,0,prediction_stale,0,0.0
1165,604.984000,14.974,1,0,0.000000,orb,1,0.9961139896373057,1.0,14,0,1,,,369.98822021484375,333.4378662109375,370.9920111465454,335.26660730361937,50.992011146545394,155.26660730361937,5.576616287231445,10.159672737121582,9,0.4479729344679623,0,0,0,prediction_stale,0,0.0
1166,605.031000,15.234,1,0,0.000000,orb,1,0.9973787680209698,1.0,14,0,1,,,370.2503356933594,333.9153747558594,371.254126625061,335.74411584854124,51.25412662506102,155.74411584854124,5.576616287231445,10.159672737121582,10,0.4002297872571766,0,0,0,prediction_stale,0,0.0
1167,605.062000,26.421,1,0,0.000317,orb,1,0.9880952380952381,1.0,14,0,1,,,370.4232177734375,334.2303161621094,371.42700870513914,336.05905725479124,51.427008705139144,156.05905725479124,5.576616287231445,10.159672737121582,11,0.3687396263307909,0,0,0,prediction_stale,0,0.0
1168,605.109000,14.645,1,0,0.000917,orb,1,0.9845679012345679,0.9990538194444445,14,0,1,,,370.6853332519531,334.70782470703125,371.68912418365477,336.5365657997131,51.68912418365477,156.53656579971312,5.576616287231445,10.159672737121582,12,0.3209964791198897,0,0,0,prediction_stale,0,0.0
1169,605.171000,26.204,1,0,0.008468,orb,1,0.9467084639498433,1.0,14,0,1,,,,,,,,,0.0,0.0,13,0.0,0,0,0,lost,0,0.0
1170,605.187000,27.104,1,1,0.013013,orb,1,0.9726688102893891,0.9999565972222222,15,1,0,373.5,335.0,373.5,335.0,373.5,335.0,53.5,155.0,0.0,0.0,0,0.6511914893617022,6,-20,0,tracking,0,0.0
1171,605.218000,16.289,1,4,0.022266,orb,1,0.9690402476780186,1.0,15,1,0,376.0,331.5,375.3387145996094,332.4258117675781,375.348965152204,332.41146099314096,55.348965152204016,152.41146099314096,0.05694751441478729,-0.07972652465105057,0,0.7992431594337563,6,-20,0,tracking,0,0.0
1172,605.265000,15.392,1,4,0.036863,orb,1,0.9630818619582665,0.9997309027777778,15,1,0,376.5,328.0,375.8355712890625,330.53594970703125,375.8641520795226,330.45163743853567,55.864152079522626,150.45163743853567,0.15878216922283173,-0.4684014916419983,0,0.7676902133891133,6,-20,0,tracking,0,0.0
1173,605.296000,26.191,1,6,0.052176,orb,1,0.9297658862876255,0.9995486111111112,15,1,0,395.0,324.5,381.6449890136719,328.69720458984375,382.09078077793123,328.4817718791962,62.09078077793123,148.48177187919617,2.47662091255188,-1.1968483924865723,0,0.5885460556928448,7,-20,0,tracking,0,0.0
1174,605.343000,16.474,1,3,0.058307,orb,1,0.9415692821368948,1.0,15,0,1,,,381.7613830566406,328.6409606933594,382.2071748209,328.4255279827118,62.20717482089998,148.4255279827118,2.47662091255188,-1.1968483924865723,1,0.5539689749209551,7,-20,0,tracking,0,0.0
1175,605.375000,27.031,1,5,0.082893,orb,1,0.8877005347593583,0.9982986111111111,15,1,0,474.0,324.0,405.1826171875,327.4369201660156,409.81103191375735,327.01259714603424,89.81103191375735,147.01259714603424,25.713415145874023,-2.3573501110076904,0,0.36262179175073717,10,-20,0,tracking,0,0.0
1176,605.421000,15.362,1,3,0.089227,orb,1,0.9572953736654805,1.0,15,0,1,,,406.3654479980469,327.3284912109375,410.9938627243042,326.9041681909561,90.99386272430422,146.9041681909561,25.713415145874023,-2.3573501110076904,1,0.3417710387250475,10,-20,0,tracking,0,0.0
1177,605.468000,15.170,1,3,0.113021,orb,1,0.9599236641221374,1.0,15,0,1,,,407.573974609375,327.2176818847656,412.20238933563235,326.79335886478424,92.20238933563235,146.79335886478424,25.713415145874023,-2.3573501110076904,2,0.3204670084597317,10,-20,0,tracking,0,0.0
1178,605.500000,27.350,1,2,0.130407,orb,1,0.9488117001828154,0.9996440972222222,15,0,1,,,408.39678955078125,327.1422424316406,413.0252042770386,326.71791941165924,93.0252042770386,146.71791941165924,25.713415145874023,-2.3573501110076904,3,0.3059621367896845,10,-20,0,tracking,0,0.0
1179,605.546000,37.690,1,2,0.117118,orb,1,0.9779661016949153,1.0,15,1,0,256.0,266.0,364.3643798828125,309.0649108886719,355.20572563171385,303.16149261474607,35.20572563171385,123.16149261474607,-50.881412506103516,-32.79676818847656,0,0.11420424782560146,4,-20,0,tracking,0,0.0
1180,605.578000,39.220,1,2,0.106124,orb,1,0.9708029197080292,1.0,15,1,0,258.0,261.5,336.82659912109375,296.5084533691406,319.54385116577146,286.996964263916,-0.4561488342285429,106.99696426391603,-96.01526641845703,-52.84160614013672,0,0.1651146891320664,0,-20,0,tracking,0,0.0
1181,605.625000,35.202,1,4,0.088967,orb,1,0.9675090252707581,1.0,15,1,0,351.0,260.0,336.5419616699219,286.32611083984375,320.63279724121094,274.3135113525391,0.6327972412109375,94.31351135253908,-88.38424682617188,-66.73666381835938,0,0.5853600905870467,0,-18,0,tracking,0,0.0
1182,605.656000,26.910,1,4,0.093589,orb,1,0.9795918367346939,1.0,15,1,0,353.0,253.0,337.682861328125,277.938720703125,323.0574136352539,263.8360272216797,3.0574136352539085,83.83602722167967,-81.25248718261719,-78.34829711914062,0,0.7082552980311155,0,-16,0,tracking,0,0.0
1183,605.703000,36.560,1,6,0.072205,orb,1,0.9480968858131488,0.9985503472222222,15,1,0,355.5,250.0,338.06231689453125,269.549560546875,324.8497590637207,253.86286239624025,4.849759063720683,73.86286239624025,-73.4030990600586,-87.14832305908203,0,0.6940507339733083,0,-14,0,tracking,0,0.0
1184,605.750000,31.094,1,4,0.059720,orb,1,0.9591503267973857,0.9988064236111112,15,1,0,358.0,242.0,339.0085754394531,261.04498291015625,327.27893295288084,243.87118774414063,7.278932952880837,63.87118774414063,-65.16468048095703,-95.40997314453125,0,0.652142836073059,0,-12,0,tracking,0,0.0
1185,605.781000,38.911,1,4,0.041075,orb,1,0.9869942196531792,0.9990798611111111,15,1,0,360.0,239.5,340.9997253417969,254.84722900390625,330.61882354736326,236.58400482177734,10.618823547363263,56.58400482177734,-57.67167663574219,-101.46235656738281,0,0.7071295260363183,0,-11,0,tracking,0,0.0
1186,605.828000,35.048,1,2,0.016181,orb,1,0.9889655172413793,1.0,15,1,0,362.5,239.0,342.45196533203125,248.1736602783203,333.45477645874024,229.27727203369142,13.454776458740241,49.27727203369142,-49.98438262939453,-104.97993469238281,0,0.7433610792798137,0,-10,0,tracking,0,0.0
1187,605.859000,33.270,1,0,0.009577,orb,1,0.9854439592430859,0.9974652777777778,15,0,1,,,340.9024353027344,244.91928100585938,331.90524642944337,226.02289276123048,11.905246429443366,46.02289276123048,-49.98438262939453,-104.97993469238281,1,0.7145558374576626,0,-9,0,tracking,0,0.0
1188,605.906000,35.383,1,1,0.009690,orb,1,0.9915254237288136,0.9970225694444445,15,0,1,,,338.55316162109375,239.9852294921875,329.55597274780274,221.0888412475586,9.555972747802741,41.088841247558605,-49.98438262939453,-104.97993469238281,2,0.6708833740500555,0,-8,0,tracking,0,0.0
1189,605.937000,34.555,1,2,0.009973,orb,1,0.9781021897810219,0.9991927083333333,15,0,1,,,337.0036315917969,236.73085021972656,328.00644271850587,217.83446197509767,8.006442718505866,37.83446197509767,-49.98438262939453,-104.97993469238281,3,0.6420781322279044,0,-7,0,tracking,0,0.0
1190,605.984000,36.001,1,2,0.015970,orb,1,0.991701244813278,0.9990538194444445,15,0,1,,,334.65435791015625,231.7967987060547,325.65716903686524,212.9004104614258,5.657169036865241,32.90041046142579,-49.98438262939453,-104.97993469238281,4,0.5984056688201916,0,-6,0,tracking,0,0.0
1191,606.031000,25.991,1,2,0.026201,orb,1,0.9901960784313726,0.999375,15,1,0,281.5,42.5,319.229248046875,179.41281127929688,306.5456846618652,147.13921447753907,-13.45431533813479,-32.86078552246093,-70.46424102783203,-179.29776000976562,0,0.21598577688551734,0,6,0,tracking,0,0.0
1192,606.062000,26.758,1,4,0.032852,orb,1,0.9896142433234422,1.0,15,1,0,328.0,73.0,319.4627990722656,151.59475708007812,307.44119491577146,113.22707427978516,-12.558805084228538,-66.77292572021484,-66.78668975830078,-213.15379333496094,0,0.21342426528146896,0,13,0,tracking,0,0.0
1193,606.109000,26.454,1,5,0.040506,orb,1,0.9923312883435583,0.999296875,15,1,0,291.0,78.0,311.19573974609375,128.70223999023438,297.8260073852539,86.95002380371093,-22.173992614746112,-93.04997619628907,-74.27629089355469,-231.95675659179688,0,0.4758318555537576,0,18,0,tracking,0,0.0
1194,606.140000,25.948,1,4,0.052964,orb,1,0.8632619439868204,0.9979644097222222,15,0,1,,,308.8931884765625,121.51158142089844,295.52345611572264,79.759365234375,-24.476543884277362,-100.240634765625,-74.27629089355469,-231.95675659179688,1,0.4573933711510798,0,19,0,tracking,0,0.0
1195,606.187000,26.632,1,2,0.035495,orb,1,0.9751655629139073,1.0,15,0,1,,,305.4021911621094,110.60961151123047,292.0324588012695,68.85739532470703,-27.967541198730487,-111.14260467529297,-74.27629089355469,-231.95675659179688,2,0.4294382496372814,-3,20,0,tracking,0,0.0
1196,606.218000,15.645,1,3,0.042296,orb,1,0.9734660033167496,1.0,15,0,1,,,303.0996398925781,103.41895294189453,289.72990753173826,61.6667367553711,-30.270092468261737,-118.33326324462891,-74.27629089355469,-231.95675659179688,3,0.4109997652346036,-3,20,0,tracking,0,0.0
1197,606.265000,26.129,1,4,0.062292,orb,1,0.965,1.0,15,1,0,307.0,265.5,301.3591613769531,133.485107421875,288.3910026550293,101.13107421875,-31.608997344970703,-78.86892578125,-72.04532623291016,-179.74462890625,0,0.18530119531798173,-3,15,0,tracking,0,0.0
1198,606.296000,26.879,1,3,0.080501,orb,1,0.7863397548161121,0.996796875,15,0,1,,,299.1257629394531,127.91302490234375,286.1576042175293,95.55899169921875,-33.8423957824707,-84.44100830078125,-72.04532623291016,-179.74462890625,1,0.1781207739993954,-4,16,0,tracking,0,0.0
1199,606.343000,28.091,1,3,0.078207,orb,1,0.9485815602836879,1.0,15,0,1,,,295.7396240234375,119.46502685546875,282.7714653015137,87.11099365234375,-37.22853469848633,-92.88900634765625,-72.04532623291016,-179.74462890625,2,0.1672343287744844,-4,18,0,tracking,0,0.0
1200,606.390000,26.378,1,6,0.068889,orb,1,0.9499136442141624,1.0,15,1,0,252.0,43.0,282.56072998046875,94.51103210449219,267.5736164855957,58.7539892578125,-52.42638351440428,-121.24601074218751,-83.2617416381836,-198.65023803710938,0,0.40839327270732717,-6,20,0,tracking,0,0.0
1201,606.421000,26.378,1,5,0.071328,orb,1,0.9692058346839546,1.0,15,1,0,238.5,35.0,271.4122009277344,77.33308410644531,254.7012419128418,39.35875579833984,-65.2987580871582,-140.64124420166016,-92.83866119384766,-210.96849060058594,0,0.49419671216410177,-7,20,0,tracking,0,0.0
1202,606.484000,33.161,1,4,0.081415,orb,1,0.8401898734177216,0.9955729166666667,15,1,0,244.5,78.0,261.5272216796875,66.71666717529297,244.04032440185546,29.256526489257816,-75.95967559814454,-150.74347351074218,-97.14942932128906,-208.1118927001953,0,0.573441903618791,-8,20,0,tracking,0,0.0
1203,606.500000,31.810,1,3,0.030972,orb,1,0.9552906110283159,1.0,15,1,0,173.5,91.0,245.66624450683594,67.95536041259766,225.45800216674806,31.36421905517578,-94.54199783325194,-148.6357809448242,-112.26801300048828,-203.28411865234375,0,0.2962025152808424,-10,20,0,tracking,0,0.0
1204,606.562000,25.563,1,6,0.039197,orb,1,0.9725433526011561,1.0,15,1,0,230.5,36.0,237.40623474121094,52.28731155395508,216.9601205444336,15.135186309814458,-103.03987945556639,-164.86481369018554,-113.58952331542969,-206.40069580078125,0,0.6945971127541407,-11,20,0,tracking,0,0.0
1205,606.578000,15.733,1,7,0.036291,orb,1,0.9820441988950276,0.99921875,15,1,0,242.0,39.5,236.49005126953125,47.65156173706055,216.20740951538085,10.25759170532227,-103.79259048461915,-169.74240829467772,-112.68134307861328,-207.74427795410156,0,0.7396683493872697,-11,20,0,tracking,0,0.0
1206,606.625000,41.831,1,6,0.040383,orb,1,0.9778085991678225,0.9985763888888889,15,1,0,248.5,37.5,233.5081787109375,37.83575439453125,213.63481338500978,0.4326190185546892,-106.36518661499022,-179.5673809814453,-110.40758514404297,-207.79519653320312,0,0.68930465541442,-12,20,0,tracking,0,0.0
1207,606.671000,16.516,1,6,0.040087,orb,1,0.97,0.9984809027777778,15,1,0,238.0,29.0,229.65029907226562,28.369382858276367,209.98778610229493,-9.017827835083004,-110.01221389770507,-189.017827835083,-109.2361831665039,-207.70672607421875,0,0.7804878803432035,-12,20,0,tracking,0,0.0
1208,606.703000,15.305,1,2,0.015306,orb,1,0.9777777777777777,0.9987413194444444,15,0,1,,,226.1547393798828,21.722766876220703,206.49222640991212,-15.664443817138668,-113.50777359008788,-195.66444381713868,-109.2361831665039,-207.70672607421875,1,0.7492683651295481,-12,20,0,tracking,0,0.0
1209,606.750000,27.451,1,2,0.016672,orb,1,0.9748251748251748,0.9978559027777778,15,1,0,177.0,75.0,215.3452606201172,20.087936401367188,194.74139373779298,-15.95121612548828,-125.25860626220702,-195.9512161254883,-114.46592712402344,-200.21751403808594,0,0.510384886511376,-14,20,0,tracking,0,0.0
1210,606.781000,17.113,1,2,0.017835,orb,1,0.9743589743589743,0.9984722222222222,15,0,1,,,211.79681396484375,13.881193161010742,191.19294708251954,-22.157959365844725,-128.80705291748046,-202.15795936584473,-114.46592712402344,-200.21751403808594,1,0.49060747215909273,-14,20,0,tracking,0,0.0
1211,606.828000,40.163,1,1,0.011660,orb,1,0.9722991689750693,0.9983159722222222,15,0,1,,,206.4169158935547,4.470970153808594,185.81304901123048,-31.568182373046874,-134.18695098876952,-211.56818237304688,-114.46592712402344,-200.21751403808594,2,0.4606223600765331,-15,20,0,tracking,0,0.0
1212,606.859000,15.230,1,0,0.008923,orb,1,0.9779310344827586,0.9985763888888889,15,0,1,,,202.86846923828125,-1.7357726097106934,182.26460235595704,-37.77492513656616,-137.73539764404296,-217.77492513656617,-114.46592712402344,-200.21751403808594,3,0.44084494572417726,-15,20,0,tracking,0,0.0
1213,606.906000,27.231,1,0,0.004150,orb,1,0.9803646563814866,0.9987239583333334,15,0,1,,,197.4885711669922,-11.14599609375,176.88470428466798,-47.18514862060547,-143.11529571533202,-227.18514862060547,-114.46592712402344,-200.21751403808594,4,0.4108598336416902,-16,20,0,tracking,0,0.0
1214,606.953000,15.844,1,0,0.002599,orb,1,0.9960106382978723,0.9988194444444445,15,0,1,,,192.10867309570312,-20.55621910095215,171.5048062133789,-56.595371627807616,-148.4951937866211,-236.59537162780762,-114.46592712402344,-200.21751403808594,5,0.3808747215591306,-16,20,0,tracking,0,0.0
1215,606.984000,29.497,1,0,0.003162,orb,1,0.9848275862068966,0.999375,15,0,1,,,188.5602264404297,-26.762962341308594,167.95635955810548,-62.80211486816406,-152.04364044189452,-242.80211486816407,-114.46592712402344,-200.21751403808594,6,0.36109730720677474,-17,20,0,tracking,0,0.0
1216,607.031000,15.888,1,0,0.003121,orb,1,0.9917127071823204,1.0,15,0,1,,,183.18032836914062,-36.173187255859375,162.5764614868164,-72.21233978271485,-157.4235385131836,-252.21233978271485,-114.46592712402344,-200.21751403808594,7,0.3311121951242877,-17,20,0,tracking,0,0.0
1217,607.062000,46.249,1,0,0.001758,orb,1,0.9866071428571429,1.0,15,0,1,,,179.6318817138672,-42.37992858886719,159.02801483154298,-78.41908111572266,-160.97198516845702,-258.41908111572263,-114.46592712402344,-200.21751403808594,8,0.31133478077193183,0,0,0,prediction_stale,0,0.0
1218,607.109000,17.300,1,0,0.000000,orb,1,0.9957264957264957,1.0,15,0,1,,,174.25198364257812,-51.79015350341797,153.6481167602539,-87.82930603027344,-166.3518832397461,-267.8293060302734,-114.46592712402344,-200.21751403808594,9,0.2813496686893722,0,0,0,prediction_stale,0,0.0
1219,607.156000,15.759,1,0,0.000000,orb,1,0.9943820224719101,1.0,15,0,1,,,168.87208557128906,-61.20037841796875,148.26821868896485,-97.23953094482422,-171.73178131103515,-277.2395309448242,-114.46592712402344,-200.21751403808594,10,0.25136455660688517,0,0,0,prediction_stale,0,0.0
1220,607.187000,35.850,1,0,0.000000,orb,1,0.9940029985007496,1.0,15,0,1,,,165.32363891601562,-67.40711975097656,144.7197720336914,-103.44627227783204,-175.2802279663086,-283.446272277832,-114.46592712402344,-200.21751403808594,11,0.23158714225452934,0,0,0,prediction_stale,0,0.0
1221,607.218000,16.424,1,0,0.000195,orb,1,0.985981308411215,1.0,15,0,1,,,161.7751922607422,-73.61386108398438,141.17132537841798,-109.65301361083985,-178.82867462158202,-289.6530136108398,-114.46592712402344,-200.21751403808594,12,0.211809727902246,0,0,0,prediction_stale,0,0.0
1222,607.265000,14.681,1,0,0.000391,orb,1,0.9803030303030303,1.0,15,0,1,,,,,,,,,0.0,0.0,13,0.0,0,0,0,lost,0,0.0
1223,607.296000,26.744,1,0,0.000000,orb,1,0.9909502262443439,0.9944444444444445,,0,0,,,,,,,,,0.0,0.0,0,0.0,0,0,0,lost,0,0.0
1224,607.343000,16.871,1,0,0.000000,orb,1,0.947289156626506,1.0,,0,0,,,,,,,,,0.0,0.0,0,0.0,0,0,0,lost,0,0.0
1225,607.375000,14.964,1,0,0.000000,orb,1,0.9823529411764705,1.0,,0,0,,,,,,,,,0.0,0.0,0,0.0,0,0,0,lost,0,0.0
1226,607.421000,39.345,1,0,0.000000,orb,1,0.9775112443778111,1.0,,0,0,,,,,,,,,0.0,0.0,0,0.0,0,0,0,lost,0,0.0
1227,607.468000,16.316,1,0,0.000000,orb,1,0.9793205317577548,0.9995225694444444,,0,0,,,,,,,,,0.0,0.0,0,0.0,0,0,0,lost,0,0.0
1228,607.500000,16.310,1,0,0.000000,orb,1,0.9955555555555555,0.9988975694444444,,0,0,,,,,,,,,0.0,0.0,0,0.0,0,0,0,lost,0,0.0
1229,607.562000,37.290,1,0,0.000000,orb,1,0.9880059970014993,0.9992621527777777,,0,0,,,,,,,,,0.0,0.0,0,0.0,0,0,0,lost,0,0.0
1230,607.578000,15.196,1,0,0.001444,orb,1,0.983206106870229,0.9947743055555556,,0,0,,,,,,,,,0.0,0.0,0,0.0,0,0,0,lost,0,0.0
1231,607.625000,17.424,1,0,0.000000,orb,1,0.9854862119013063,1.0,,0,0,,,,,,,,,0.0,0.0,0,0.0,0,0,0,lost,0,0.0
1232,607.671000,27.136,1,0,0.002174,orb,1,0.9852941176470589,1.0,,0,0,,,,,,,,,0.0,0.0,0,0.0,0,0,0,lost,0,0.0
1233,607.703000,52.890,1,1,0.016562,orb,1,0.843167701863354,0.9929340277777777,16,1,0,65.0,20.0,65.0,20.0,65.0,20.0,-255.0,-160.0,0.0,0.0,0,0.8713157894736843,-20,20,0,tracking,0,0.0
1234,607.750000,15.707,1,0,0.000434,orb,1,0.8883647798742138,0.9993142361111111,16,0,1,,,65.0,20.0,65.0,20.0,-255.0,-160.0,0.0,0.0,1,0.8201259868420776,-20,20,0,tracking,0,0.0
1235,607.843000,42.639,1,0,0.000000,orb,1,0.983679525222552,1.0,16,0,1,,,65.0,20.0,65.0,20.0,-255.0,-160.0,0.0,0.0,2,0.7188355263158044,-20,20,0,tracking,0,0.0
1237,607.859000,16.423,1,0,0.004251,orb,1,0.96513470681458,0.9944444444444445,16,0,1,,,65.0,20.0,65.0,20.0,-255.0,-160.0,0.0,0.0,3,0.7014092105262475,-20,20,0,tracking,0,0.0
1238,607.906000,14.780,1,0,0.000000,orb,1,0.9804804804804805,0.9982291666666666,16,0,1,,,65.0,20.0,65.0,20.0,-255.0,-160.0,0.0,0.0,4,0.6502194078947646,-20,20,0,tracking,0,0.0
1239,607.953000,15.583,1,0,0.000000,orb,1,0.9973226238286479,1.0,16,0,1,,,65.0,20.0,65.0,20.0,-255.0,-160.0,0.0,0.0,5,0.599029605263158,-20,20,0,tracking,0,0.0
1240,607.984000,26.573,1,0,0.000000,orb,1,0.9947780678851175,1.0,16,0,1,,,65.0,20.0,65.0,20.0,-255.0,-160.0,0.0,0.0,6,0.5652661184209843,-20,20,0,tracking,0,0.0
1241,608.031000,26.066,1,0,0.000000,orb,1,0.9973684210526316,1.0,16,0,1,,,65.0,20.0,65.0,20.0,-255.0,-160.0,0.0,0.0,7,0.5140763157895014,0,0,0,prediction_stale,0,0.0
1242,608.078000,16.787,1,0,0.000000,orb,1,0.9987063389391979,1.0,16,0,1,,,65.0,20.0,65.0,20.0,-255.0,-160.0,0.0,0.0,8,0.46288651315789475,0,0,0,prediction_stale,0,0.0
1243,608.109000,16.005,1,0,0.000000,orb,1,1.0,1.0,16,0,1,,,65.0,20.0,65.0,20.0,-255.0,-160.0,0.0,0.0,9,0.42912302631572113,0,0,0,prediction_stale,0,0.0
1244,608.140000,49.077,1,0,0.000000,orb,1,0.9974160206718347,1.0,16,0,1,,,65.0,20.0,65.0,20.0,-255.0,-160.0,0.0,0.0,10,0.39535953947367136,0,0,0,prediction_stale,0,0.0
1248,608.312000,25.438,1,0,0.000243,orb,1,0.9906291834002677,1.0,16,0,1,,,65.0,20.0,65.0,20.0,-255.0,-160.0,0.0,0.0,11,0.2080266447368015,0,0,0,prediction_stale,0,0.0
1249,608.343000,16.184,1,0,0.000000,orb,1,1.0,1.0,16,0,1,,,65.0,20.0,65.0,20.0,-255.0,-160.0,0.0,0.0,12,0.17426315789475172,0,0,0,prediction_stale,0,0.0
1250,608.390000,16.078,1,0,0.000000,orb,1,0.9957446808510638,1.0,16,0,1,,,,,,,,,0.0,0.0,13,0.0,0,0,0,lost,0,0.0
1251,608.421000,15.572,1,0,0.000000,orb,1,0.9974126778783958,1.0,,0,0,,,,,,,,,0.0,0.0,0,0.0,0,0,0,lost,0,0.0
1252,608.468000,28.631,1,0,0.000000,orb,1,0.996042216358839,1.0,,0,0,,,,,,,,,0.0,0.0,0,0.0,0,0,0,lost,0,0.0
1255,608.593000,36.237,1,0,0.000000,orb,1,0.9959677419354839,1.0,,0,0,,,,,,,,,0.0,0.0,0,0.0,0,0,0,lost,0,0.0
1256,608.625000,17.521,1,0,0.000000,orb,1,0.9801223241590215,0.9987413194444444,,0,0,,,,,,,,,0.0,0.0,0,0.0,0,0,0,lost,0,0.0
1257,608.671000,16.565,1,0,0.005050,orb,1,0.856093979441997,0.9926215277777778,,0,0,,,,,,,,,0.0,0.0,0,0.0,0,0,0,lost,0,0.0
1258,608.703000,40.186,1,0,0.000000,orb,1,0.9768115942028985,1.0,,0,0,,,,,,,,,0.0,0.0,0,0.0,0,0,0,lost,0,0.0
1259,608.750000,16.496,1,0,0.000000,orb,1,0.965166908563135,0.9998177083333334,,0,0,,,,,,,,,0.0,0.0,0,0.0,0,0,0,lost,0,0.0
1260,608.781000,44.898,1,1,0.004002,orb,1,0.9714714714714715,0.9944444444444445,17,1,0,58.0,19.5,58.0,19.5,58.0,19.5,-262.0,-160.5,0.0,0.0,0,0.7796279491833031,-20,20,0,tracking,0,0.0
1261,608.828000,16.083,1,0,0.000226,orb,1,0.9819819819819819,1.0,17,0,1,,,58.0,19.5,58.0,19.5,-262.0,-160.5,0.0,0.0,1,0.7338248071687593,-20,20,0,tracking,0,0.0
1262,608.859000,15.962,1,0,0.000000,orb,1,0.9946236559139785,1.0,17,0,1,,,58.0,19.5,58.0,19.5,-262.0,-160.5,0.0,0.0,2,0.7036142241378451,-20,20,0,tracking,0,0.0
1263,608.906000,45.076,1,0,0.000000,orb,1,0.9960526315789474,1.0,17,0,1,,,58.0,19.5,58.0,19.5,-262.0,-160.5,0.0,0.0,3,0.657811082123412,-20,20,0,tracking,0,0.0
1264,608.953000,17.406,1,0,0.000000,orb,1,0.9932432432432432,1.0,17,0,1,,,58.0,19.5,58.0,19.5,-262.0,-160.5,0.0,0.0,4,0.6120079401088682,-20,20,0,tracking,0,0.0
1265,608.984000,41.048,1,0,0.000000,orb,1,0.9947984395318595,1.0,17,0,1,,,58.0,19.5,58.0,19.5,-262.0,-160.5,0.0,0.0,5,0.581797357077954,-20,20,0,tracking,0,0.0
1266,609.031000,17.913,1,0,0.000000,orb,1,0.9959514170040485,1.0,17,0,1,,,58.0,19.5,58.0,19.5,-262.0,-160.5,0.0,0.0,6,0.5359942150635209,-20,20,0,tracking,0,0.0
1267,609.062000,18.244,1,0,0.000243,orb,1,0.9959893048128342,1.0,17,0,1,,,58.0,19.5,58.0,19.5,-262.0,-160.5,0.0,0.0,7,0.5057836320326068,-20,20,0,tracking,0,0.0
1268,609.109000,64.148,1,0,0.000438,orb,1,0.9919678714859438,1.0,17,0,1,,,58.0,19.5,58.0,19.5,-262.0,-160.5,0.0,0.0,8,0.4599804900180629,0,0,0,prediction_stale,0,0.0
1270,609.187000,16.333,1,0,0.003854,orb,1,0.990450204638472,1.0,17,0,1,,,58.0,19.5,58.0,19.5,-262.0,-160.5,0.0,0.0,9,0.38396676497271565,0,0,0,prediction_stale,0,0.0
1271,609.218000,27.440,1,0,0.003815,orb,1,0.996005326231691,1.0,17,0,1,,,58.0,19.5,58.0,19.5,-262.0,-160.5,0.0,0.0,10,0.3537561819419123,0,0,0,prediction_stale,0,0.0
1272,609.265000,16.840,1,0,0.005299,orb,1,0.9934810951760105,1.0,17,0,1,,,58.0,19.5,58.0,19.5,-262.0,-160.5,0.0,0.0,11,0.3079530399273684,0,0,0,prediction_stale,0,0.0
1273,609.312000,40.420,1,1,0.006285,orb,1,0.9973718791064389,1.0,17,1,0,216.0,251.5,181.3626708984375,200.64012145996094,190.56891174316405,214.15814590454102,-129.43108825683595,34.158145904541016,51.145782470703125,75.10013580322266,0,0.14590700133394874,-14,-7,0,tracking,0,0.0
1274,609.343000,36.469,1,1,0.005217,orb,1,0.99609375,1.0,17,1,0,216.0,251.0,197.66908264160156,224.3610076904297,208.17931686401369,239.77403091430665,-111.82068313598631,59.77403091430665,58.39019012451172,85.6279067993164,0,0.4672609982852385,-12,-12,0,tracking,0,0.0
1277,609.468000,73.134,1,4,0.033507,orb,1,0.9873060648801129,1.0,17,1,0,280.5,316.5,231.2896270751953,263.4435119628906,246.2013084411621,283.60198486328125,-73.7986915588379,103.60198486328125,82.8426742553711,111.99151611328125,0,0.1988933859973958,-8,-20,0,tracking,0,0.0
1279,609.546000,43.171,1,3,0.022548,orb,1,0.9945205479452055,1.0,17,1,0,229.0,253.5,235.19985961914062,266.73297119140625,249.5706346130371,285.73693481445315,-70.4293653869629,105.73693481445315,79.83763885498047,105.57757568359375,0,0.6555427410227168,-8,-20,0,tracking,0,0.0
1280,609.578000,51.877,1,2,0.008069,orb,1,0.993368700265252,1.0,17,1,0,224.0,252.0,234.4560546875,265.76800537109375,248.06624755859374,283.7704718017578,-71.93375244140626,103.77047180175782,75.6121826171875,100.01370239257812,0,0.7663440507046145,-8,-20,0,tracking,0,0.0
1282,609.671000,23.352,1,1,0.024452,orb,1,0.9546875,0.9943836805555556,17,1,0,225.5,278.0,237.68313598632812,275.7667236328125,250.25762710571288,293.9590420532227,-69.74237289428712,113.95904205322267,69.85828399658203,101.06843566894531,0,0.6797256792011797,-8,-20,0,tracking,0,0.0
1283,609.703000,43.166,1,0,0.004415,orb,1,0.9899569583931134,0.99890625,17,0,1,,,239.91859436035156,279.00091552734375,252.49308547973632,297.1932339477539,-67.50691452026368,117.19323394775392,69.85828399658203,101.06843566894531,1,0.6525366520331959,-7,-20,0,tracking,0,0.0
1284,609.750000,19.567,1,0,0.002511,orb,1,0.9877488514548239,0.9974739583333333,17,0,1,,,243.20193481445312,283.7511291503906,255.77642593383788,301.9434475708008,-64.22357406616212,121.9434475708008,69.85828399658203,101.06843566894531,2,0.6126027683801049,-7,-20,0,tracking,0,0.0
1285,609.781000,20.397,1,1,0.007415,orb,1,0.9627906976744186,0.9944444444444445,17,1,0,230.5,253.0,241.62342834472656,278.35113525390625,253.12347442626952,294.09471099853516,-66.87652557373048,114.09471099853516,63.88914489746094,87.46430969238281,0,0.6629874563233162,-7,-20,0,tracking,0,0.0
1286,609.828000,39.888,1,0,0.003924,orb,1,0.9766355140186916,0.9944444444444445,17,0,1,,,244.626220703125,282.4619445800781,256.12626678466796,298.20552032470704,-63.87373321533204,118.20552032470704,63.88914489746094,87.46430969238281,1,0.6240369432643003,-7,-20,0,tracking,0,0.0
1287,609.859000,22.064,1,0,0.001280,orb,1,0.9885057471264368,1.0,17,0,1,,,246.60678100585938,285.17333984375,258.10682708740234,300.9169155883789,-61.89317291259766,120.91691558837891,63.88914489746094,87.46430969238281,2,0.5983461793317197,-7,-20,0,tracking,0,0.0
1288,609.906000,38.754,1,0,0.001732,orb,1,0.9831029185867896,1.0,17,0,1,,,249.6095733642578,289.2841491699219,261.1096194458008,305.0277249145508,-58.890380554199226,125.02772491455079,63.88914489746094,87.46430969238281,3,0.5593956662727981,-6,-20,0,tracking,0,0.0
1289,609.937000,19.229,1,0,0.004172,orb,1,0.9763406940063092,0.9944444444444445,17,0,1,,,251.5901336669922,291.99554443359375,263.09017974853515,307.73912017822266,-56.90982025146485,127.73912017822266,63.88914489746094,87.46430969238281,4,0.5337049023402176,-6,-20,0,tracking,0,0.0
1290,609.984000,19.788,1,0,0.000321,orb,1,0.9973009446693657,1.0,17,0,1,,,254.59292602539062,296.1063537597656,266.0929721069336,311.84992950439454,-53.90702789306641,131.84992950439454,63.88914489746094,87.46430969238281,5,0.49475438928120163,-6,-20,0,tracking,0,0.0
1291,610.031000,43.064,1,0,0.000000,orb,1,0.9946595460614153,1.0,17,0,1,,,257.595703125,300.2171630859375,269.09574920654296,315.9607388305664,-50.90425079345704,135.9607388305664,63.88914489746094,87.46430969238281,6,0.4558038762222799,-6,-20,0,tracking,0,0.0
1292,610.062000,46.341,1,0,0.000000,orb,1,0.9986945169712794,1.0,17,0,1,,,259.5762634277344,302.9285583496094,271.07630950927734,318.6721340942383,-48.92369049072266,138.6721340942383,63.88914489746094,87.46430969238281,7,0.4301131122896994,-5,-20,0,tracking,0,0.0
1293,610.109000,30.073,1,0,0.000000,orb,1,0.9947368421052631,1.0,17,0,1,,,262.57904052734375,307.03936767578125,274.0790866088867,322.78294342041016,-45.92091339111329,142.78294342041016,63.88914489746094,87.46430969238281,8,0.39116259923068347,0,0,0,prediction_stale,0,0.0
1294,610.140000,24.563,1,0,0.000278,orb,1,0.9961038961038962,1.0,17,0,1,,,264.5596008300781,309.7507629394531,276.0596469116211,325.49433868408204,-43.94035308837891,145.49433868408204,63.88914489746094,87.46430969238281,9,0.36547183529819716,0,0,0,prediction_stale,0,0.0
1295,610.187000,20.502,1,0,0.000582,orb,1,0.9948320413436692,1.0,17,0,1,,,267.5623779296875,313.861572265625,279.06242401123046,329.6051480102539,-40.93757598876954,149.6051480102539,63.88914489746094,87.46430969238281,10,0.32652132223918123,0,0,0,prediction_stale,0,0.0
1296,610.218000,37.588,1,0,0.000000,orb,1,0.9961089494163424,1.0,17,0,1,,,269.5429382324219,316.5729675292969,281.04298431396484,332.3165432739258,-38.95701568603516,152.3165432739258,63.88914489746094,87.46430969238281,11,0.3008305583066949,0,0,0,prediction_stale,0,0.0
1297,610.265000,31.495,1,0,0.000660,orb,1,0.9960886571056062,1.0,17,0,1,,,272.54571533203125,320.68377685546875,284.0457614135742,336.42735260009766,-35.95423858642579,156.42735260009766,63.88914489746094,87.46430969238281,12,0.261880045247679,0,0,0,prediction_stale,0,0.0
1298,610.312000,32.888,1,1,0.003984,orb,1,0.9959785522788204,1.0,17,1,0,165.5,52.5,218.6335906982422,183.96923828125,219.2114224624634,172.68782012939454,-100.78857753753661,-7.312179870605462,3.210176467895508,-62.67454528808594,0,0.19318483332087344,-11,0,0,tracking,0,0.0
1299,610.343000,21.510,1,1,0.003681,orb,1,0.9933244325767691,1.0,17,0,1,,,218.7331085205078,182.0263214111328,219.310940284729,170.74490325927735,-100.68905971527099,-9.25509674072265,3.210176467895508,-62.67454528808594,1,0.1856989210297019,-11,0,0,tracking,0,0.0
1300,610.390000,19.981,1,0,0.001953,orb,1,0.9867060561299852,1.0,17,0,1,,,218.8839874267578,179.0806121826172,219.461819190979,167.79919403076173,-100.53818080902099,-12.200805969238274,3.210176467895508,-62.67454528808594,2,0.17434931207209442,-11,0,0,tracking,0,0.0
1301,610.421000,35.686,1,0,0.003677,orb,1,0.9823788546255506,0.9985243055555556,17,0,1,,,218.98350524902344,177.1376953125,219.56133701324464,165.85627716064454,-100.43866298675536,-14.143722839355462,3.210176467895508,-62.67454528808594,3,0.16686339978089543,-11,0,0,tracking,0,0.0
1302,610.468000,32.514,1,1,0.007093,orb,1,0.9787878787878788,0.9998524305555555,17,1,0,162.5,36.5,195.6601104736328,117.12031555175781,192.23127403259278,96.09771026611328,-127.76872596740722,-83.90228973388672,-19.049091339111328,-116.79225158691406,0,0.32965327853594595,-14,16,0,tracking,0,0.0
1303,610.500000,30.864,1,1,0.011519,orb,1,0.9844236760124611,0.9966145833333333,17,1,0,166.0,35.0,186.17173767089844,89.42657470703125,181.25708068847655,64.39498962402344,-138.74291931152345,-115.60501037597656,-27.30364990234375,-139.06436157226562,0,0.4389064271711812,-15,20,0,tracking,0,0.0
1304,610.546000,25.889,1,1,0.007887,orb,1,0.9625585023400937,0.9998524305555555,17,1,0,193.5,91.5,187.0582733154297,85.14370727539062,182.4938718032837,60.45773284912109,-137.5061281967163,-119.5422671508789,-25.357786178588867,-137.14430236816406,0,0.7933899330482134,-15,20,0,tracking,0,0.0
1305,610.578000,17.235,1,2,0.032934,orb,1,0.9476831091180867,1.0,17,1,0,199.0,90.0,188.91383361816406,82.68843841552734,184.7796556854248,58.31433837890625,-135.2203443145752,-121.68566162109374,-22.967655181884766,-135.4116668701172,0,0.825672253166508,-15,20,0,tracking,0,0.0
1306,610.625000,36.854,1,4,0.023828,orb,1,0.9760479041916168,1.0,17,1,0,195.5,91.0,189.25433349609375,79.04265594482422,185.3455205154419,55.10001647949219,-134.6544794845581,-124.89998352050782,-21.715627670288086,-133.01466369628906,0,0.8005832651553872,-15,20,0,tracking,0,0.0
1307,610.671000,28.532,1,3,0.027352,orb,1,0.9861963190184049,1.0,17,1,0,172.0,96.5,185.53732299804688,76.86616516113281,181.20301193237304,53.54064697265625,-138.79698806762696,-126.45935302734375,-24.079505920410156,-129.58621215820312,0,0.6342116040214834,-15,20,0,tracking,0,0.0
1308,610.703000,16.872,1,3,0.033338,orb,1,0.9739663093415007,1.0,17,1,0,179.5,98.0,183.97572326660156,76.51649475097656,179.51857372283936,53.780601806640625,-140.48142627716064,-126.21939819335938,-24.76194190979004,-126.31051635742188,0,0.6012064802710326,-15,20,0,tracking,0,0.0
1309,610.750000,39.523,1,5,0.021068,orb,1,0.9789473684210527,1.0,17,1,0,196.5,89.0,184.72854614257812,73.15913391113281,180.56596923828124,50.819648284912105,-139.43403076171876,-129.1803517150879,-23.12542724609375,-124.1082534790039,0,0.6961011959883843,-15,20,0,tracking,0,0.0
1310,610.781000,24.849,1,2,0.010720,orb,1,0.9280359820089955,1.0,17,1,0,191.5,92.0,184.974853515625,72.23007202148438,180.95943058013916,50.33643493652344,-139.04056941986084,-129.66356506347657,-22.307905197143555,-121.63131713867188,0,0.6611237023014274,-15,20,0,tracking,0,0.0
1311,610.828000,40.014,1,1,0.010569,orb,1,0.9787878787878788,1.0,17,1,0,140.0,107.5,178.55670166015625,71.5237045288086,173.72763332366944,50.38925979614258,-146.27236667633056,-129.6107402038574,-26.828157424926758,-117.41358184814453,0,0.554376086891927,-16,20,0,tracking,0,0.0
1312,610.859000,20.294,1,0,0.009531,orb,1,0.9633587786259542,1.0,17,0,1,,,177.7250213623047,67.88388061523438,172.89595302581787,46.74943588256836,-147.10404697418213,-133.25056411743162,-26.828157424926758,-117.41358184814453,1,0.5328940135248214,-16,20,0,tracking,0,0.0
1313,610.906000,18.536,1,0,0.007387,orb,1,0.9114906832298136,0.9994618055555555,17,0,1,,,176.46409606933594,62.365440368652344,171.63502773284912,41.23099563598633,-148.36497226715088,-138.76900436401365,-26.828157424926758,-117.41358184814453,2,0.5003244184199818,-16,20,0,tracking,0,0.0
1314,610.953000,45.643,1,0,0.006943,orb,1,0.9577874818049491,0.99765625,17,0,1,,,175.2031707763672,56.84700012207031,170.37410243988037,35.7125553894043,-149.62589756011963,-144.28744461059568,-26.828157424926758,-117.41358184814453,3,0.46775482331506335,-16,20,0,tracking,0,0.0
1315,610.984000,21.027,1,4,0.027695,orb,1,0.9875862068965517,1.0,17,1,0,176.0,27.5,174.593994140625,49.69485092163086,169.79730869293212,28.04921646118164,-150.20269130706788,-151.95078353881837,-26.648252487182617,-120.25352478027344,0,0.7703244574340538,-16,20,0,tracking,0,0.0
1316,611.031000,45.492,1,2,0.017302,orb,1,0.9861495844875346,0.9989236111111112,17,1,0,173.0,36.0,173.29766845703125,43.01008224487305,168.49469230651854,21.21630401611328,-151.50530769348146,-158.78369598388673,-26.68320083618164,-121.07654571533203,0,0.8102036838715057,-17,20,0,tracking,0,0.0
1317,611.062000,33.684,1,3,0.019536,orb,1,0.9932432432432432,1.0,17,1,0,171.0,24.0,172.29571533203125,37.44330978393555,167.46789085388184,15.3917236328125,-152.53210914611816,-164.6082763671875,-26.821247100830078,-122.5088119506836,0,0.7987640944300559,-17,20,0,tracking,0,0.0
1318,611.109000,31.134,1,3,0.017877,orb,1,0.9944289693593314,0.9995225694444444,17,1,0,172.5,18.0,171.2012939453125,30.132848739624023,166.39680236816406,7.863278732299804,-153.60319763183594,-172.13672126770018,-26.691619873046875,-123.71983337402344,0,0.7863973918354876,-17,20,0,tracking,0,0.0
1320,611.187000,47.309,1,3,0.027253,orb,1,0.9599447513812155,1.0,17,0,1,,,169.11935424804688,20.48270034790039,164.31486267089844,-1.7868696594238287,-155.68513732910156,-181.78686965942381,-26.691619873046875,-123.71983337402344,1,0.7097236461315526,-17,20,0,tracking,0,0.0
1321,611.234000,19.093,1,1,0.017192,orb,1,0.9840848806366048,0.9997569444444444,17,0,1,,,167.86485290527344,14.667868614196777,163.060361328125,-7.601701393127442,-156.939638671875,-187.60170139312743,-26.691619873046875,-123.71983337402344,2,0.6635227993611927,-17,20,0,tracking,0,0.0
1322,611.265000,34.217,1,3,0.016509,orb,1,0.9849521203830369,0.9992708333333333,17,1,0,256.0,14.0,178.23155212402344,11.231112480163574,174.92582401275635,-10.985095558166503,-145.07417598724365,-190.9850955581665,-18.365156173706055,-123.42337799072266,0,0.4640268619773873,-16,20,0,tracking,0,0.0
1323,611.312000,24.653,1,1,0.014008,orb,1,0.9882044560943644,0.9986024305555555,17,0,1,,,177.36839294433594,5.430213928222656,174.06266483306885,-16.78599411010742,-145.93733516693115,-196.78599411010742,-18.365156173706055,-123.42337799072266,1,0.436765283836201,-16,20,0,tracking,0,0.0
1324,611.343000,18.947,1,4,0.023893,orb,1,0.9809264305177112,0.9992795138888889,17,1,0,169.5,29.5,175.89651489257812,5.05352783203125,172.47310432434082,-16.712916412353515,-147.52689567565918,-196.7129164123535,-19.01894760131836,-120.92469024658203,0,0.7091258995753872,-16,20,0,tracking,0,0.0
1325,611.390000,41.253,1,3,0.022162,orb,1,0.9930651872399445,0.9991753472222222,17,1,0,167.0,31.5,174.06759643554688,3.1241509914398193,170.52414066314697,-18.160320291519163,-149.47585933685303,-198.16032029151916,-19.68586540222168,-118.24706268310547,0,0.725670163703201,-16,20,0,tracking,0,0.0
1326,611.421000,46.412,1,4,0.021983,orb,1,0.9765051395007343,0.9992447916666667,17,1,0,167.0,28.5,172.75469970703125,2.6185715198516846,169.12188594818116,-18.264017133712766,-150.87811405181884,-198.26401713371277,-20.18229866027832,-116.0143814086914,0,0.7520646529134756,-17,20,0,tracking,0,0.0
1327,611.468000,23.782,1,3,0.021647,orb,1,0.9805097451274363,0.9988975694444444,17,1,0,167.5,37.0,171.3577423095703,1.3138326406478882,167.66866481781005,-19.04828558444977,-152.33133518218995,-199.04828558444976,-20.494874954223633,-113.12287902832031,0,0.6865319860733143,-17,20,0,tracking,0,0.0
1328,611.500000,24.795,1,1,0.013303,orb,1,0.9674074074074074,1.0,17,1,0,170.0,29.0,170.63299560546875,0.767327070236206,166.9353456878662,-19.212446336746215,-153.0646543121338,-199.2124463367462,-20.542499542236328,-110.99874114990234,0,0.6620108402875682,-17,20,0,tracking,0,0.0
1329,611.546000,37.346,1,2,0.011085,orb,1,0.9696969696969697,1.0,17,1,0,170.0,25.5,169.7175750732422,-1.5135265588760376,166.02355682373047,-21.145926003456115,-153.97644317626953,-201.1459260034561,-20.522323608398438,-109.06888580322266,0,0.7367886486043651,-17,20,0,tracking,0,0.0
1330,611.578000,18.184,1,0,0.005262,orb,1,0.9815384615384616,0.9972482638888889,17,0,1,,,169.0608673095703,-5.0037312507629395,165.3668490600586,-24.636130695343017,-154.6331509399414,-204.636130695343,-20.522323608398438,-109.06888580322266,1,0.7073171026602592,-17,20,0,tracking,0,0.0
1331,611.625000,18.130,1,0,0.003119,orb,1,0.9075235109717869,0.9990625,17,0,1,,,168.0963134765625,-10.129968643188477,164.4022952270508,-29.762368087768554,-155.5977047729492,-209.76236808776855,-20.522323608398438,-109.06888580322266,2,0.6640307695547293,-17,20,0,tracking,0,0.0
1332,611.656000,40.873,1,0,0.004063,orb,1,0.9726027397260274,1.0,17,0,1,,,167.4601287841797,-13.511104583740234,163.76611053466797,-33.14350402832031,-156.23388946533203,-213.1435040283203,-20.522323608398438,-109.06888580322266,3,0.6354802094213571,-17,20,0,tracking,0,0.0
1333,611.703000,17.795,1,0,0.001220,orb,1,0.9862804878048781,1.0,17,0,1,,,166.49557495117188,-18.63734245300293,162.80155670166016,-38.269741897583,-157.19844329833984,-218.269741897583,-20.522323608398438,-109.06888580322266,4,0.5921938763158271,-17,20,0,tracking,0,0.0
1334,611.750000,19.923,1,1,0.003676,orb,1,0.9778129952456418,1.0,17,1,0,197.0,72.0,169.00668334960938,-13.186741828918457,165.71534938812255,-31.593728981018067,-154.28465061187745,-211.59372898101807,-18.285188674926758,-102.26103973388672,0,0.5362980196239001,-17,20,0,tracking,0,0.0
1335,611.781000,42.834,1,1,0.008422,orb,1,0.9843505477308294,0.995703125,17,1,0,191.5,67.5,170.8168182373047,-7.71315336227417,167.79826175689698,-25.128201427459715,-152.20173824310302,-205.12820142745971,-16.769758224487305,-96.7502670288086,0,0.3240060467099427,-17,20,0,tracking,0,0.0
1336,611.828000,22.699,1,0,0.002669,orb,1,0.9740061162079511,1.0,17,0,1,,,170.0286407470703,-12.260416030883789,167.0100842666626,-29.675464096069334,-152.9899157333374,-209.67546409606933,-16.769758224487305,-96.7502670288086,1,0.30497069146572325,-17,20,0,tracking,0,0.0
1337,611.859000,25.421,1,0,0.002589,orb,1,0.9731343283582089,0.9990104166666667,17,0,1,,,169.50877380371094,-15.259674072265625,166.49021732330323,-32.67472213745117,-153.50978267669677,-212.67472213745117,-16.769758224487305,-96.7502670288086,2,0.29241545715568756,-17,20,0,tracking,0,0.0
1338,611.906000,56.611,1,0,0.002798,orb,1,0.9813664596273292,0.9975260416666667,17,0,1,,,168.72059631347656,-19.806936264038086,165.70203983306885,-37.22198432922363,-154.29796016693115,-217.22198432922363,-16.769758224487305,-96.7502670288086,3,0.2733801019115142,-17,20,0,tracking,0,0.0
1339,611.953000,23.599,1,1,0.004614,orb,1,0.9739663093415007,0.9979861111111111,17,1,0,192.0,61.5,170.65670776367188,-14.636082649230957,167.93457202911378,-30.99373508453369,-152.06542797088622,-210.99373508453368,-15.122976303100586,-90.87584686279297,0,0.4414510905069744,-17,20,0,tracking,0,0.0
1340,611.984000,20.319,1,0,0.001745,orb,1,0.9749216300940439,0.9975868055555556,17,0,1,,,170.18789672851562,-17.45323371887207,167.46576099395753,-33.8108861541748,-152.53423900604247,-213.8108861541748,-15.122976303100586,-90.87584686279297,1,0.4243448607497945,-17,20,0,tracking,0,0.0
1341,612.031000,43.027,1,0,0.003477,orb,1,0.9894419306184012,1.0,17,0,1,,,169.47711181640625,-21.72439956665039,166.75497608184816,-38.08205200195312,-153.24502391815184,-218.08205200195312,-15.122976303100586,-90.87584686279297,2,0.39840960918255847,-17,20,0,tracking,0,0.0
1342,612.062000,19.211,1,0,0.005058,orb,1,0.9813374805598756,0.9944444444444445,17,0,1,,,169.00830078125,-24.54155158996582,166.2861650466919,-40.89920402526855,-153.7138349533081,-220.89920402526855,-15.122976303100586,-90.87584686279297,3,0.38130337942537856,-17,20,0,tracking,0,0.0
1343,612.109000,20.758,1,0,0.003009,orb,1,0.984399375975039,0.9996875,17,0,1,,,168.29751586914062,-28.81271743774414,165.57538013458253,-45.17036987304687,-154.42461986541747,-225.17036987304687,-15.122976303100586,-90.87584686279297,4,0.35536812785807975,-17,20,0,tracking,0,0.0
1344,612.140000,39.103,1,3,0.020755,orb,1,0.9723076923076923,1.0,17,1,0,166.5,33.5,167.66453552246094,-23.582435607910156,164.92558332443238,-39.11578521728516,-155.07441667556762,-219.11578521728515,-15.216401100158691,-86.29638671875,0,0.6224131017743351,-17,20,0,tracking,0,0.0
1345,612.187000,43.824,1,3,0.032044,orb,1,0.9464285714285714,0.9944444444444445,17,1,0,254.5,30.5,177.04202270507812,-20.936296463012695,175.32184078216554,-35.79312721252441,-144.67815921783446,-215.7931272125244,-9.55656623840332,-82.53794860839844,0,0.24162846999226495,-16,20,0,tracking,0,0.0
1347,612.265000,19.836,1,4,0.036851,orb,1,0.9232,0.9955815972222222,17,1,0,188.0,7.5,177.60340881347656,-23.480201721191406,176.01222972869874,-37.95262496948242,-143.98777027130126,-217.95262496948243,-8.839883804321289,-80.40235137939453,0,0.5540778100522701,-16,20,0,tracking,0,0.0
1348,612.296000,40.383,1,3,0.021215,orb,1,0.9080118694362018,1.0,17,1,0,198.5,40.0,179.52151489257812,-19.1414737701416,178.14499775886534,-32.9449600982666,-141.85500224113466,-212.9449600982666,-7.647317409515381,-76.68603515625,0,0.43987075211839977,-16,20,0,tracking,0,0.0
1349,612.343000,18.328,1,0,0.004505,orb,1,0.9226190476190477,1.0,17,0,1,,,179.16209411621094,-22.745718002319336,177.78557698249816,-36.54920433044433,-142.21442301750184,-216.54920433044433,-7.647317409515381,-76.68603515625,1,0.4140283454314923,-16,20,0,tracking,0,0.0
1350,612.406000,20.761,1,0,0.001737,orb,1,0.9662058371735791,0.9944444444444445,17,0,1,,,178.68031311035156,-27.57693862915039,177.30379597663878,-41.38042495727539,-142.69620402336122,-221.38042495727538,-7.647317409515381,-76.68603515625,2,0.3793885237021748,-16,20,0,tracking,0,0.0
1351,612.421000,40.287,1,0,0.003583,orb,1,0.9731743666169895,0.9944444444444445,17,0,1,,,178.5655975341797,-28.727230072021484,177.1890804004669,-42.53071640014648,-142.8109195995331,-222.53071640014647,-7.647317409515381,-76.68603515625,3,0.3711409470998998,-16,20,0,tracking,0,0.0
1352,612.468000,22.965,1,0,0.001862,orb,1,0.9892638036809815,0.9978645833333334,17,0,1,,,178.2061767578125,-32.33147430419922,176.82965962409972,-46.134960632324216,-143.17034037590028,-226.1349606323242,-7.647317409515381,-76.68603515625,4,0.34529854041299235,-16,20,0,tracking,0,0.0
1353,612.500000,19.755,1,0,0.000000,orb,1,0.9837278106508875,1.0,17,0,1,,,177.96145629882812,-34.78542709350586,176.58493916511534,-48.588913421630856,-143.41506083488466,-228.58891342163085,-7.647317409515381,-76.68603515625,5,0.3277037103282348,-16,20,0,tracking,0,0.0
1354,612.546000,47.260,1,1,0.006259,orb,1,0.9832826747720365,1.0,17,1,0,168.5,34.5,176.5276336669922,-29.664264678955078,175.0517437362671,-42.67347244262695,-144.9482562637329,-222.67347244262695,-8.19938850402832,-72.27337646484375,0,0.5105817983768066,-16,20,0,tracking,0,0.0
1355,612.593000,24.610,1,3,0.018681,orb,1,0.9720930232558139,0.9957899305555555,17,1,0,169.0,39.0,175.35104370117188,-25.07820701599121,173.80333425521852,-37.362799148559574,-146.19666574478148,-217.3627991485596,-8.59838581085205,-68.24773406982422,0,0.5238945532404985,-16,20,0,tracking,0,0.0
1356,612.625000,18.517,1,0,0.005057,orb,1,0.8819018404907976,0.9948090277777778,17,0,1,,,175.07589721679688,-27.262134552001953,173.52818777084352,-39.54672668457032,-146.47181222915648,-219.54672668457033,-8.59838581085205,-68.24773406982422,1,0.502938771110853,-16,20,0,tracking,0,0.0
1357,612.671000,46.384,1,2,0.014705,orb,1,0.9896142433234422,1.0,17,1,0,167.5,36.0,173.9123992919922,-23.299598693847656,172.29621343612672,-34.95094573974609,-147.70378656387328,-214.9509457397461,-8.97881031036377,-64.72970581054688,0,0.5328588156782148,-16,20,0,tracking,0,0.0
1358,612.703000,23.102,1,3,0.017057,orb,1,0.9568567026194145,1.0,17,1,0,168.5,32.5,173.11557006835938,-19.617778778076172,171.45425615310668,-30.759552459716797,-148.54574384689332,-210.7595524597168,-9.229521751403809,-61.89874267578125,0,0.5637276676973989,-16,20,0,tracking,0,0.0
1359,612.750000,19.479,1,1,0.008676,orb,1,0.9535928143712575,1.0,17,0,1,,,172.68177795410156,-22.527019500732422,171.02046403884887,-33.66879318237305,-148.97953596115113,-213.66879318237307,-9.229521751403809,-61.89874267578125,1,0.5306086672201588,-16,20,0,tracking,0,0.0
1360,612.812000,31.163,1,2,0.011501,orb,1,0.9878971255673222,0.9944444444444445,17,1,0,171.5,44.0,172.04885864257812,-19.36029052734375,170.3822812461853,-29.89446258544922,-149.6177187538147,-209.89446258544922,-9.258763313293457,-58.52317810058594,0,0.5708007105650253,-16,20,0,tracking,0,0.0
1361,612.828000,33.717,1,2,0.018724,orb,1,0.9866071428571429,1.0,17,1,0,253.5,33.0,179.39224243164062,-15.403555870056152,178.37375247955322,-25.514428825378417,-141.62624752044678,-205.51442882537842,-5.65827751159668,-56.17151641845703,0,0.38787617131785523,-15,20,0,tracking,0,0.0
1362,612.875000,52.863,1,2,0.008780,orb,1,0.9848484848484849,1.0,17,1,0,163.0,44.0,177.71328735351562,-12.607246398925781,176.5734063720703,-22.251085052490232,-143.4265936279297,-202.25108505249023,-6.332672119140625,-53.576881408691406,0,0.5595223709166652,-16,20,0,tracking,0,0.0
1364,612.953000,21.708,1,1,0.012269,orb,1,0.95,0.9944444444444445,17,0,1,,,177.21934509277344,-16.786243438720703,176.07946411132812,-26.430082092285154,-143.92053588867188,-206.43008209228515,-6.332672119140625,-53.576881408691406,1,0.5049689397523082,-16,20,0,tracking,0,0.0
1365,612.984000,16.003,1,0,0.001081,orb,1,0.9819548872180451,1.0,17,0,1,,,177.0230255126953,-18.447126388549805,175.88314453125,-28.090965042114256,-144.11685546875,-208.09096504211425,-6.332672119140625,-53.576881408691406,2,0.4832874478792435,-16,20,0,tracking,0,0.0
1366,613.031000,41.967,1,0,0.002049,orb,1,0.9866863905325444,1.0,17,0,1,,,176.7253875732422,-20.965240478515625,175.58550659179687,-30.609079132080076,-144.41449340820313,-210.60907913208007,-6.332672119140625,-53.576881408691406,3,0.45041550858795115,-16,20,0,tracking,0,0.0
1367,613.062000,16.644,1,0,0.002056,orb,1,0.9667170953101362,0.9944444444444445,17,0,1,,,176.52906799316406,-22.626123428344727,175.38918701171875,-32.26996208190918,-144.61081298828125,-212.26996208190917,-6.332672119140625,-53.576881408691406,4,0.4287340167148865,-16,20,0,tracking,0,0.0
1368,613.109000,23.647,1,0,0.000113,orb,1,0.9717868338557993,0.9944444444444445,17,0,1,,,176.23143005371094,-25.144237518310547,175.09154907226562,-34.788076171875,-144.90845092773438,-214.788076171875,-6.332672119140625,-53.576881408691406,5,0.3958620774235146,-16,20,0,tracking,0,0.0
1369,613.156000,38.122,1,0,0.000196,orb,1,0.9832826747720365,0.9986545138888889,17,0,1,,,175.9337921142578,-27.662351608276367,174.7939111328125,-37.30619026184082,-145.2060888671875,-217.3061902618408,-6.332672119140625,-53.576881408691406,6,0.3629901381322222,-16,20,0,tracking,0,0.0
1370,613.187000,38.361,1,0,0.000214,orb,1,0.9849170437405732,0.9944444444444445,17,0,1,,,175.7374725341797,-29.32323455810547,174.59759155273437,-38.96707321166992,-145.40240844726563,-218.9670732116699,-6.332672119140625,-53.576881408691406,7,0.3413086462591575,0,0,0,prediction_stale,0,0.0
1371,613.234000,19.936,1,0,0.000113,orb,1,0.9863429438543247,0.999140625,17,0,1,,,175.43983459472656,-31.84134864807129,174.29995361328125,-41.48518730163574,-145.70004638671875,-221.48518730163573,-6.332672119140625,-53.576881408691406,8,0.30843670696778563,0,0,0,prediction_stale,0,0.0
1372,613.265000,23.844,1,0,0.000195,orb,1,0.8437025796661608,0.9995225694444444,17,0,1,,,175.24351501464844,-33.50223159790039,174.10363403320312,-43.14607025146484,-145.89636596679688,-223.14607025146483,-6.332672119140625,-53.576881408691406,9,0.28675521509480045,0,0,0,prediction_stale,0,0.0
1373,613.312000,46.045,1,0,0.000200,orb,1,0.9896449704142012,0.999375,17,0,1,,,174.9458770751953,-36.02034378051758,173.80599609375,-45.66418243408203,-146.19400390625,-225.66418243408202,-6.332672119140625,-53.576881408691406,10,0.25388327580342857,0,0,0,prediction_stale,0,0.0
1374,613.343000,21.828,1,0,0.002331,orb,1,0.9689922480620154,1.0,17,0,1,,,174.7495574951172,-37.68122863769531,173.60967651367187,-47.325067291259764,-146.39032348632813,-227.32506729125976,-6.332672119140625,-53.576881408691406,11,0.2322017839304434,0,0,0,prediction_stale,0,0.0
1375,613.390000,17.061,1,0,0.001064,orb,1,0.9800918836140888,0.9954340277777778,17,0,1,,,174.45191955566406,-40.1993408203125,173.31203857421875,-49.84317947387695,-146.68796142578125,-229.84317947387694,-6.332672119140625,-53.576881408691406,12,0.19932984463907152,0,0,0,prediction_stale,0,0.0
1376,613.421000,86.453,1,0,0.001145,orb,1,0.9845440494590417,0.9971614583333334,17,0,1,,,,,,,,,0.0,0.0,13,0.0,0,0,0,lost,0,0.0
1378,613.515000,21.488,1,0,0.004336,orb,1,0.9751552795031055,0.9959461805555555,,0,0,,,,,,,,,0.0,0.0,0,0.0,0,0,0,lost,0,0.0
1379,613.546000,37.949,1,0,0.001479,orb,1,0.9634146341463414,0.9950086805555556,,0,0,,,,,,,,,0.0,0.0,0,0.0,0,0,0,lost,0,0.0
1380,613.593000,27.731,1,0,0.003161,orb,1,0.9782270606531882,0.9995486111111112,,0,0,,,,,,,,,0.0,0.0,0,0.0,0,0,0,lost,0,0.0
1381,613.625000,19.979,1,0,0.003403,orb,1,0.9648854961832061,0.9960329861111111,,0,0,,,,,,,,,0.0,0.0,0,0.0,0,0,0,lost,0,0.0
1382,613.671000,46.686,1,1,0.007148,orb,1,0.979381443298969,1.0,18,1,0,158.0,19.5,158.0,19.5,158.0,19.5,-162.0,-160.5,0.0,0.0,0,0.8769333333333333,-18,20,0,tracking,0,0.0
1383,613.703000,19.364,1,1,0.004808,orb,1,0.9766355140186916,0.9956076388888889,18,0,1,,,158.0,19.5,158.0,19.5,-162.0,-160.5,0.0,0.0,1,0.8418560000000818,-18,20,0,tracking,0,0.0
1384,613.750000,41.008,1,1,0.005194,orb,1,0.9655172413793104,0.9976822916666667,18,1,0,202.5,105.0,190.77439880371094,82.47103881835938,191.23762140750884,83.36105078697204,-128.76237859249116,-96.63894921302796,2.5734589099884033,4.9445109367370605,0,0.286851818621492,-14,19,0,tracking,0,0.0
1385,613.781000,66.400,1,1,0.004640,orb,1,0.9819004524886877,1.0,18,1,0,180.5,82.0,186.44129943847656,82.35823822021484,186.7509761118889,83.23899188995361,-133.2490238881111,-96.76100811004639,1.7204259634017944,4.893075942993164,0,0.7127668740063824,-15,19,0,tracking,0,0.0
1387,613.875000,36.500,1,1,0.013403,orb,1,0.9607250755287009,0.9944444444444445,18,1,0,210.0,110.5,194.04051208496094,91.61775207519531,195.33091382980348,93.65883674621583,-124.66908617019652,-86.34116325378417,7.168898582458496,11.339359283447266,0,0.6133964793701514,-14,17,0,tracking,0,0.0
1388,613.906000,21.536,1,0,0.003567,orb,1,0.9864457831325302,0.9966840277777778,18,0,1,,,194.2627410888672,91.96926879882812,195.55314283370973,94.01035346984864,-124.44685716629027,-85.98964653015136,7.168898582458496,11.339359283447266,1,0.5896273657945971,-14,17,0,tracking,0,0.0
1389,613.953000,26.106,1,0,0.003581,orb,1,0.9941860465116279,1.0,18,0,1,,,194.5996856689453,92.5022201538086,195.89008741378785,94.54330482482911,-124.10991258621215,-85.45669517517089,7.168898582458496,11.339359283447266,2,0.5535903226315811,-14,17,0,tracking,0,0.0
1390,613.984000,40.851,1,0,0.001892,orb,1,0.9840579710144928,1.0,18,0,1,,,194.82191467285156,92.8537368774414,196.1123164176941,94.89482154846192,-123.8876835823059,-85.10517845153808,7.168898582458496,11.339359283447266,3,0.5298212090559397,-14,17,0,tracking,0,0.0
1391,614.031000,26.125,1,1,0.006176,orb,1,0.960960960960961,1.0,18,1,0,183.5,87.0,191.50912475585938,91.38737487792969,191.8615908384323,92.91466125488282,-128.1384091615677,-87.08533874511718,1.9581449031829834,8.48492431640625,0,0.6631251542034615,-14,17,0,tracking,0,0.0
1392,614.062000,45.762,1,1,0.004553,orb,1,0.9917695473251029,1.0,18,1,0,197.0,106.0,192.9568328857422,95.31565856933594,193.68843934059143,97.84484811782836,-126.31156065940857,-82.15515188217164,4.064480304718018,14.051053047180176,0,0.7909338734701947,-14,16,0,tracking,0,0.0
1393,614.109000,34.689,1,2,0.005317,orb,1,0.9986876640419947,1.0,18,1,0,195.5,105.0,193.6860809326172,98.04093170166016,194.57788710594178,101.18472373962402,-125.42211289405822,-78.81527626037598,4.954478740692139,17.465511322021484,0,0.8386428984737411,-14,15,0,tracking,0,0.0
1394,614.140000,20.040,1,0,0.001263,orb,1,0.9933598937583001,1.0,18,0,1,,,193.8396759033203,98.58235931396484,194.7314820766449,101.7261513519287,-125.26851792335509,-78.2738486480713,4.954478740692139,17.465511322021484,1,0.806145486157937,-14,15,0,tracking,0,0.0
1395,614.187000,29.451,1,1,0.004258,orb,1,0.9959568733153639,1.0,18,1,0,183.5,87.0,191.63258361816406,96.54077911376953,191.74199134230614,98.7666958808899,-128.25800865769386,-81.2333041191101,0.6078206896781921,12.366204261779785,0,0.6966167988283183,-14,16,0,tracking,0,0.0
1396,614.218000,22.322,1,0,0.002214,orb,1,0.996005326231691,1.0,18,0,1,,,191.65142822265625,96.92413330078125,191.76083594679832,99.15005006790162,-128.23916405320168,-80.84994993209838,0.6078206896781921,12.366204261779785,1,0.6696228978737653,-14,16,0,tracking,0,0.0
1397,614.265000,29.304,1,1,0.004097,orb,1,0.99055330634278,1.0,18,1,0,203.0,106.0,194.33071899414062,99.4944839477539,195.29861381530762,102.36461839675903,-124.70138618469238,-77.63538160324097,5.377193450927734,15.945191383361816,0,0.7495051849700354,-14,15,0,tracking,0,0.0
1398,614.312000,27.613,1,0,0.004214,orb,1,0.9946879150066401,1.0,18,0,1,,,194.5834503173828,100.24391174316406,195.5513451385498,103.11404619216918,-124.4486548614502,-76.88595380783082,5.377193450927734,15.945191383361816,1,0.705471755353022,-14,15,0,tracking,0,0.0
1399,614.343000,21.510,1,1,0.004740,orb,1,0.9932523616734144,1.0,18,0,1,,,194.75013732910156,100.73821258544922,195.71803215026856,103.60834703445434,-124.28196784973144,-76.39165296554566,5.377193450927734,15.945191383361816,2,0.6764284294354808,-14,15,0,tracking,0,0.0
1400,614.390000,39.038,1,1,0.012865,orb,1,0.9854439592430859,1.0,18,0,1,,,195.00286865234375,101.48764038085938,195.97076347351074,104.3577748298645,-124.02923652648926,-75.6422251701355,5.377193450927734,15.945191383361816,3,0.6323949998184674,-14,15,0,tracking,0,0.0
1401,614.437000,24.804,1,2,0.017409,orb,1,0.9958904109589041,1.0,18,1,0,193.0,97.0,194.58287048339844,100.67513275146484,195.35467187881468,103.08997676849366,-124.64532812118532,-76.91002323150634,4.287785530090332,13.415800094604492,0,0.7741296157879141,-14,15,0,tracking,0,0.0
1402,614.468000,21.069,1,2,0.010981,orb,1,0.9973333333333333,1.0,18,0,1,,,194.71578979492188,101.09102630615234,195.48759119033812,103.50587032318116,-124.51240880966188,-76.49412967681884,4.287785530090332,13.415800094604492,1,0.7441320931761817,-14,15,0,tracking,0,0.0
1403,614.500000,48.362,1,1,0.006402,orb,1,0.9972677595628415,1.0,18,0,1,,,194.85299682617188,101.52033233642578,195.62479822158812,103.9351763534546,-124.37520177841188,-76.0648236465454,4.287785530090332,13.415800094604492,2,0.7131669085446273,-14,15,0,tracking,0,0.0
1404,614.546000,21.129,1,1,0.007730,orb,1,0.9864457831325302,1.0,18,0,1,,,195.05023193359375,102.13745880126953,195.82203332901,104.55230281829834,-124.17796667099,-75.44769718170166,4.287785530090332,13.415800094604492,3,0.6686544556367747,-14,15,0,tracking,0,0.0
1405,614.593000,16.931,1,1,0.009108,orb,1,0.9854014598540146,0.9988020833333333,18,0,1,,,195.2517547607422,102.76799774169922,196.02355615615843,105.18284175872803,-123.97644384384157,-74.81715824127197,4.287785530090332,13.415800094604492,4,0.6231743407093201,-14,15,0,tracking,0,0.0
1406,614.625000,42.116,1,1,0.009822,orb,1,0.99,1.0,18,0,1,,,195.3889617919922,103.19730377197266,196.16076318740843,105.61214778900147,-123.83923681259157,-74.38785221099853,4.287785530090332,13.415800094604492,5,0.5922091560777657,-14,14,0,tracking,0,0.0
1407,614.671000,42.607,1,3,0.022183,orb,1,0.9878971255673222,1.0,18,1,0,93.5,20.0,157.65896606445312,72.6755599975586,149.5519231414795,67.80072811126709,-170.4480768585205,-112.19927188873291,-45.039127349853516,-27.082399368286133,0,0.5239169483716795,-19,20,0,tracking,0,0.0
1408,614.703000,29.297,1,1,0.004193,orb,1,0.9779411764705882,1.0,18,0,1,,,156.21771240234375,71.80892181396484,148.11066947937013,66.93408992767334,-171.88933052062987,-113.06591007232666,-45.039127349853516,-27.082399368286133,1,0.5029602704368611,-19,20,0,tracking,0,0.0
1409,614.750000,27.023,1,0,0.001076,orb,1,0.9972936400541272,1.0,18,0,1,,,154.1008758544922,70.53604888916016,145.99383293151857,65.66121700286865,-174.00616706848143,-114.33878299713135,-45.039127349853516,-27.082399368286133,2,0.47218014972000827,-19,20,0,tracking,0,0.0
1410,614.781000,33.267,1,0,0.001276,orb,1,0.9901547116736991,1.0,18,0,1,,,152.7046661376953,69.69649505615234,144.5976232147217,64.82166316986084,-175.4023767852783,-115.17833683013916,-45.039127349853516,-27.082399368286133,3,0.45187836797063907,-19,20,0,tracking,0,0.0
1411,614.828000,20.381,1,0,0.000000,orb,1,0.9884057971014493,1.0,18,0,1,,,150.58782958984375,68.42362213134766,142.48078666687013,63.54879024505615,-177.51921333312987,-116.45120975494385,-45.039127349853516,-27.082399368286133,4,0.4210982472537862,-19,20,0,tracking,0,0.0
1412,614.859000,29.463,1,0,0.000000,orb,1,0.9882005899705014,1.0,18,0,1,,,149.19161987304688,67.58406829833984,141.08457695007326,62.70923641204834,-178.91542304992674,-117.29076358795166,-45.039127349853516,-27.082399368286133,5,0.4007964655043425,-20,20,0,tracking,0,0.0
1413,614.906000,24.399,1,0,0.004379,orb,1,0.9917355371900827,1.0,18,0,1,,,147.0747833251953,66.31119537353516,138.9677404022217,61.43636348724365,-181.0322595977783,-118.56363651275635,-45.039127349853516,-27.082399368286133,6,0.3700163447875641,-20,20,0,tracking,0,0.0
1414,614.953000,37.330,1,3,0.025603,orb,1,0.9904632152588556,1.0,18,1,0,201.0,113.0,168.26158142089844,84.98193359375,164.41898509979248,83.75668274879456,-155.58101490020752,-96.24331725120544,-21.34775733947754,-6.806949138641357,0,0.6530886916044598,-17,19,0,tracking,0,0.0
1415,614.984000,30.662,1,3,0.027865,orb,1,0.9868995633187773,1.0,18,1,0,183.5,35.0,172.47779846191406,69.50177764892578,169.50765392303467,65.54557067871093,-150.49234607696533,-114.45442932128907,-16.500802993774414,-21.978927612304688,0,0.5850991876644169,-16,20,0,tracking,0,0.0
1416,615.031000,53.461,1,2,0.010786,orb,1,0.985734664764622,1.0,18,1,0,167.5,72.0,170.64456176757812,69.3575668334961,167.49083877563476,65.55562404632569,-152.50916122436524,-114.44437595367431,-17.52068328857422,-21.121904373168945,0,0.7740594747009072,-17,20,0,tracking,0,0.0
1418,615.109000,19.186,1,5,0.038294,orb,1,0.9792592592592593,1.0,18,1,0,180.5,61.0,171.8115692138672,66.19512176513672,169.07853006362916,62.14163703918457,-150.92146993637084,-117.85836296081543,-15.183550834655762,-22.519359588623047,0,0.6612727631791472,-17,20,0,tracking,0,0.0
1419,615.156000,19.576,1,1,0.011016,orb,1,0.9892183288409704,1.0,18,1,0,169.5,51.0,170.78248596191406,62.34593963623047,167.99830854415893,57.84004512786865,-152.00169145584107,-122.15995487213135,-15.467652320861816,-25.032747268676758,0,0.7169988142352258,-17,20,0,tracking,0,0.0
1420,615.187000,47.301,1,0,0.000195,orb,1,0.9705882352941176,1.0,18,0,1,,,170.30299377441406,61.569923400878906,167.51881635665893,57.064028892517086,-152.48118364334107,-122.93597110748291,-15.467652320861816,-25.032747268676758,1,0.6892151101835545,-17,20,0,tracking,0,0.0
1421,615.218000,27.249,1,0,0.001155,orb,1,0.9915373765867419,1.0,18,0,1,,,169.82350158691406,60.793907165527344,167.03932416915893,56.288012657165524,-152.96067583084107,-123.71198734283448,-15.467652320861816,-25.032747268676758,2,0.6614314061319853,-17,20,0,tracking,0,0.0
1422,615.265000,20.342,1,0,0.001198,orb,1,0.9915254237288136,1.0,18,0,1,,,169.09652709960938,59.617366790771484,166.31234968185424,55.111472282409665,-153.68765031814576,-124.88852771759034,-15.467652320861816,-25.032747268676758,3,0.6193077257956429,-17,20,0,tracking,0,0.0
1423,615.312000,40.449,1,0,0.003268,orb,1,0.9944674965421854,1.0,18,0,1,,,168.3695526123047,58.440826416015625,165.58537519454956,53.934931907653805,-154.41462480545044,-126.0650680923462,-15.467652320861816,-25.032747268676758,4,0.5771840454593006,-17,20,0,tracking,0,0.0
1424,615.343000,22.047,1,0,0.002404,orb,1,0.9839650145772595,0.9983854166666667,18,0,1,,,167.8900604248047,57.66481018066406,165.10588300704956,53.15891567230224,-154.89411699295044,-126.84108432769776,-15.467652320861816,-25.032747268676758,5,0.5494003414077312,-17,20,0,tracking,0,0.0
1425,615.390000,21.695,1,0,0.002391,orb,1,0.9928977272727273,1.0,18,0,1,,,167.1630859375,56.4882698059082,164.37890851974487,51.98237529754638,-155.62109148025513,-128.01762470245362,-15.467652320861816,-25.032747268676758,6,0.5072766610713888,-17,20,0,tracking,0,0.0
1426,615.421000,51.481,1,1,0.004514,orb,1,0.9885714285714285,1.0,18,1,0,202.0,108.5,175.01551818847656,68.16604614257812,173.40938499450684,65.42098468780517,-146.59061500549316,-114.57901531219483,-8.922962188720703,-15.250341415405273,0,0.6602244113016271,-16,20,0,tracking,0,0.0
1427,615.468000,37.288,1,2,0.005178,orb,1,0.9931600547195623,1.0,18,1,0,176.0,82.0,174.88031005859375,70.39456939697266,173.31342998504638,68.05636085510254,-146.68657001495362,-111.94363914489746,-8.704889297485352,-12.990047454833984,0,0.6830824749043901,-16,20,0,tracking,0,0.0
1428,615.500000,40.767,1,1,0.004635,orb,1,0.9807976366322009,1.0,18,1,0,206.5,108.5,180.19287109375,76.7308578491211,179.3874958229065,75.31226153373719,-140.6125041770935,-104.68773846626281,-4.474307060241699,-7.8810906410217285,0,0.5036718636727966,-15,20,0,tracking,0,0.0
1429,615.546000,32.227,1,0,0.003711,orb,1,0.9645608628659477,0.9964149305555555,18,0,1,,,179.987060546875,76.36832427978516,179.1816852760315,74.94972796440125,-140.8183147239685,-105.05027203559875,-4.474307060241699,-7.8810906410217285,1,0.4747107315115799,-15,20,0,tracking,0,0.0
1431,615.625000,50.630,1,1,0.006816,orb,1,0.9894259818731118,0.9984201388888889,18,1,0,173.0,74.5,178.47874450683594,75.52885437011719,177.52397980690003,74.08220420837402,-142.47602019309997,-105.91779579162598,-5.304248332977295,-8.036945343017578,0,0.7523024080397114,-16,20,0,tracking,0,0.0
1432,615.671000,18.577,1,3,0.018477,orb,1,0.8773006134969326,1.0,18,1,0,168.0,71.5,176.6304931640625,74.5855941772461,175.47184083938598,73.06604955673218,-144.52815916061402,-106.93395044326782,-6.436957359313965,-8.441914558410645,0,0.8486207544213996,-16,20,0,tracking,0,0.0
1433,615.703000,42.269,1,2,0.016260,orb,1,0.9721362229102167,0.9943229166666666,18,1,0,203.0,113.5,180.16787719726562,79.83489990234375,179.47974162578583,79.00911443710328,-140.52025837421417,-100.99088556289672,-3.8229753971099854,-4.5876970291137695,0,0.5953827492612483,-15,20,0,tracking,0,0.0
1434,615.750000,31.849,1,1,0.005655,orb,1,0.9897959183673469,1.0,18,1,0,205.5,119.5,183.3224334716797,84.8314437866211,183.04727642059325,84.65123740673066,-136.95272357940675,-95.34876259326934,-1.5286502838134766,-1.0011465549468994,0,0.6362131967697537,-15,19,0,tracking,0,0.0
1435,615.781000,21.992,1,0,0.003863,orb,1,0.9973009446693657,1.0,18,0,1,,,183.27503967285156,84.80040740966797,182.99988262176512,84.62020102977753,-137.00011737823488,-95.37979897022247,-1.5286502838134766,-1.0011465549468994,1,0.6115599353949663,-15,19,0,tracking,0,0.0
1436,615.828000,20.317,1,0,0.002504,orb,1,0.9972451790633609,1.0,18,0,1,,,183.20318603515625,84.75335693359375,182.9280289840698,84.57315055370331,-137.0719710159302,-95.42684944629669,-1.5286502838134766,-1.0011465549468994,2,0.574182410084723,-15,19,0,tracking,0,0.0
1437,615.859000,36.483,1,0,0.000000,orb,1,0.9972936400541272,1.0,18,0,1,,,183.15579223632812,84.72232055664062,182.8806351852417,84.54211417675019,-137.1193648147583,-95.45788582324981,-1.5286502838134766,-1.0011465549468994,3,0.5495291487098451,-15,19,0,tracking,0,0.0
1438,615.906000,21.597,1,0,0.000000,orb,1,0.9973190348525469,1.0,18,0,1,,,183.0839385986328,84.6752700805664,182.80878154754637,84.49506370067597,-137.19121845245363,-95.50493629932403,-1.5286502838134766,-1.0011465549468994,4,0.5121516233996922,-15,19,0,tracking,0,0.0
1439,615.953000,19.705,1,0,0.000000,orb,1,0.9919246298788694,1.0,18,0,1,,,183.0120849609375,84.62821960449219,182.73692790985106,84.44801322460175,-137.26307209014894,-95.55198677539825,-1.5286502838134766,-1.0011465549468994,5,0.474774098089449,-15,19,0,tracking,0,0.0
1440,615.984000,41.736,1,0,0.000000,orb,1,0.9973753280839895,1.0,18,0,1,,,182.96469116210938,84.59718322753906,182.68953411102294,84.41697684764863,-137.31046588897706,-95.58302315235137,-1.5286502838134766,-1.0011465549468994,6,0.4501208367145711,-15,19,0,tracking,0,0.0
1441,616.031000,17.729,1,0,0.000000,orb,1,0.9972565157750343,1.0,18,0,1,,,182.89283752441406,84.55013275146484,182.61768047332762,84.36992637157441,-137.38231952667238,-95.63007362842559,-1.5286502838134766,-1.0011465549468994,7,0.4127433114044182,-15,19,0,tracking,0,0.0
1442,616.062000,50.353,1,0,0.000000,orb,1,1.0,1.0,18,0,1,,,182.84544372558594,84.51909637451172,182.5702866744995,84.33888999462128,-137.4297133255005,-95.66111000537872,-1.5286502838134766,-1.0011465549468994,8,0.3880900500295404,0,0,0,prediction_stale,0,0.0
1443,616.109000,21.475,1,0,0.000000,orb,1,0.996005326231691,1.0,18,0,1,,,182.77359008789062,84.4720458984375,182.4984330368042,84.29183951854706,-137.5015669631958,-95.70816048145294,-1.5286502838134766,-1.0011465549468994,9,0.3507125247192971,0,0,0,prediction_stale,0,0.0
1444,616.140000,18.375,1,0,0.000000,orb,1,1.0,1.0,18,0,1,,,182.7261962890625,84.44100952148438,182.45103923797606,84.26080314159394,-137.54896076202394,-95.73919685840606,-1.5286502838134766,-1.0011465549468994,10,0.32605926334450963,0,0,0,prediction_stale,0,0.0
1445,616.187000,43.687,1,0,0.000000,orb,1,0.9946164199192463,1.0,18,0,1,,,182.6543426513672,84.39395904541016,182.37918560028075,84.21375266551972,-137.62081439971925,-95.78624733448028,-1.5286502838134766,-1.0011465549468994,11,0.28868173803426633,0,0,0,prediction_stale,0,0.0
1446,616.218000,19.416,1,0,0.000356,orb,1,0.9961240310077519,1.0,18,0,1,,,182.60694885253906,84.36292266845703,182.33179180145262,84.1827162885666,-137.66820819854738,-95.8172837114334,-1.5286502838134766,-1.0011465549468994,12,0.26402847665947893,0,0,0,prediction_stale,0,0.0
1447,616.265000,24.666,1,0,0.000204,orb,1,0.9919571045576407,1.0,18,0,1,,,,,,,,,0.0,0.0,13,0.0,0,0,0,lost,0,0.0
1448,616.296000,36.823,1,0,0.000655,orb,1,0.9973856209150327,1.0,,0,0,,,,,,,,,0.0,0.0,0,0.0,0,0,0,lost,0,0.0
1449,616.343000,21.075,1,0,0.000477,orb,1,0.9973544973544973,1.0,,0,0,,,,,,,,,0.0,0.0,0,0.0,0,0,0,lost,0,0.0
1450,616.375000,18.346,1,0,0.000000,orb,1,0.9971469329529244,1.0,,0,0,,,,,,,,,0.0,0.0,0,0.0,0,0,0,lost,0,0.0
1451,616.421000,61.148,1,0,0.000000,orb,1,0.99734395750332,1.0,,0,0,,,,,,,,,0.0,0.0,0,0.0,0,0,0,lost,0,0.0
1452,616.468000,37.298,1,0,0.000000,orb,1,0.9973684210526316,1.0,,0,0,,,,,,,,,0.0,0.0,0,0.0,0,0,0,lost,0,0.0
1454,616.546000,63.408,1,0,0.002040,orb,1,0.9986449864498645,1.0,,0,0,,,,,,,,,0.0,0.0,0,0.0,0,0,0,lost,0,0.0
1456,616.625000,52.846,1,5,0.028194,orb,1,0.9808219178082191,1.0,19,1,0,313.5,317.5,313.5,317.5,313.5,317.5,-6.5,137.5,0.0,0.0,0,0.8083314300597026,0,-20,0,tracking,0,0.0
1457,616.656000,17.325,1,2,0.019896,orb,1,0.9960212201591512,1.0,19,1,0,317.0,320.0,316.0741882324219,319.3387145996094,316.08853900685904,319.348965152204,-3.911460993140963,139.34896515220402,0.07972652465105057,0.05694751441478729,0,0.8734242583411017,0,-20,0,tracking,0,0.0
1458,616.703000,19.646,1,2,0.020386,orb,1,0.9865951742627346,1.0,19,1,0,310.5,307.5,313.6988220214844,314.2907409667969,313.62492403030393,314.113648416996,-6.37507596969607,134.113648416996,-0.41054439544677734,-0.9838474988937378,0,0.6324628362218414,0,-20,0,tracking,0,0.0
1459,616.734000,55.632,1,2,0.022361,orb,1,0.9841059602649007,1.0,19,1,0,315.0,308.0,314.0841369628906,312.3636779785156,314.03885008990767,312.05026430130005,-5.961149910092331,132.05026430130005,-0.2515937387943268,-1.7411870956420898,0,0.7173253615463264,0,-20,0,tracking,0,0.0
1460,616.781000,25.782,1,2,0.026923,orb,1,0.9932614555256065,1.0,19,1,0,324.5,309.5,316.6025695800781,311.6068420410156,316.9124981451034,311.1986662197113,-3.0875018548965727,131.1986662197113,1.721825361251831,-2.267643451690674,0,0.68889344810855,0,-20,0,tracking,0,0.0
1461,616.828000,25.031,1,3,0.030082,orb,1,0.9878378378378379,1.0,19,1,0,316.5,310.5,316.6448974609375,311.28985595703125,316.94658514261243,310.83675892829893,-3.0534148573875655,130.83675892829893,1.6760426759719849,-2.5172057151794434,0,0.7207623377172114,0,-20,0,tracking,0,0.0
1462,616.859000,45.310,1,4,0.032873,orb,1,0.9877883310719131,1.0,19,1,0,324.5,310.5,318.14739990234375,311.0794982910156,318.827158870697,310.5919126033783,-1.1728411293029808,130.59191260337832,3.7764387130737305,-2.7088093757629395,0,0.7456833824015996,0,-20,0,tracking,0,0.0
1463,616.906000,18.583,1,3,0.041280,orb,1,0.9897058823529412,1.0,19,1,0,329.5,304.0,320.3158264160156,309.7135925292969,321.6370589733124,308.82693791389465,1.637058973312378,128.82693791389465,7.34018087387085,-4.925858974456787,0,0.7401306873979692,0,-20,0,tracking,0,0.0
1464,616.937000,19.851,1,4,0.047930,orb,1,0.9884868421052632,1.0,19,1,0,339.5,300.5,323.70599365234375,308.0492248535156,326.14583517074584,306.6278980922699,6.1458351707458405,126.6278980922699,13.554675102233887,-7.896259784698486,0,0.7051454034161504,0,-20,0,tracking,0,0.0
1465,616.984000,34.628,1,4,0.052609,orb,1,0.9899328859060402,1.0,19,1,0,353.5,296.0,329.2567138671875,305.7100524902344,333.5941210174561,303.5287015914917,13.594121017456075,123.52870159149171,24.09670639038086,-12.118616104125977,0,0.7016630961613202,0,-20,0,tracking,0,0.0
1466,617.015000,23.372,1,6,0.054718,orb,1,0.967391304347826,1.0,19,1,0,367.0,282.5,335.98828125,301.6406555175781,342.7108422088623,297.9871699523926,22.71084220886229,117.9871699523926,37.34756088256836,-20.297142028808594,0,0.532565578020078,0,-20,0,tracking,0,0.0
1467,617.062000,39.082,1,4,0.058238,orb,1,0.9709897610921502,1.0,19,1,0,372.5,281.5,343.5309143066406,297.49188232421875,352.6032997894287,292.5412152481079,32.60329978942872,112.5412152481079,50.40214157104492,-27.503705978393555,0,0.5868840362631987,4,-20,0,tracking,0,0.0
1468,617.093000,45.628,1,6,0.061181,orb,1,0.9823717948717948,1.0,19,1,0,377.5,267.0,350.30242919921875,291.87506103515625,361.4865620422363,284.9929772186279,41.4865620422363,104.99297721862791,62.134071350097656,-38.23379898071289,0,0.4692483136506804,5,-20,0,tracking,0,0.0
1470,617.187000,48.013,1,7,0.095937,orb,1,0.9790996784565916,1.0,19,1,0,377.5,282.0,360.3226318359375,287.0518798828125,373.10383209228513,279.70009757995604,53.10383209228513,99.70009757995604,71.00666809082031,-40.84323501586914,0,0.7739159411505225,6,-19,0,tracking,0,0.0
1471,617.218000,34.657,1,4,0.057969,orb,1,0.9862448418156808,1.0,19,1,0,381.0,264.0,365.89068603515625,281.8157958984375,379.92234466552736,272.9895645904541,59.92234466552736,92.98956459045411,77.95365905761719,-49.03461837768555,0,0.5589454970909558,7,-18,0,tracking,0,0.0
1472,617.265000,35.254,1,3,0.048203,orb,1,0.986130374479889,1.0,19,1,0,286.5,237.0,354.5579833984375,271.83526611328125,363.25928504943846,260.28070999145507,43.25928504943846,80.28070999145507,48.3405647277832,-64.19197845458984,0,0.3133653037478804,5,-16,0,tracking,0,0.0
1473,617.296000,62.184,1,2,0.036311,orb,1,0.986784140969163,1.0,19,0,1,,,356.0565490722656,269.8453063964844,364.7578507232666,258.2907502746582,44.757850723266586,78.2907502746582,48.3405647277832,-64.19197845458984,1,0.3012223982276255,5,-15,0,tracking,0,0.0
1475,617.390000,55.705,1,6,0.054605,orb,1,0.9848714069591528,1.0,19,1,0,384.5,297.5,365.92926025390625,271.3226318359375,376.2837131500244,262.09836380004884,56.283713150024425,82.09836380004884,57.52473831176758,-51.245933532714844,0,0.6719680945885392,6,-16,0,tracking,0,0.0
1477,617.468000,46.485,1,1,0.025903,orb,1,0.9663865546218487,1.0,19,1,0,378.0,301.5,372.1141662597656,274.9768981933594,382.9514552307129,267.92841270446775,62.951455230712895,87.92841270446775,60.20716094970703,-39.15825271606445,0,0.6037950569039514,7,-17,0,tracking,0,0.0
1478,617.500000,32.012,1,1,0.008129,orb,1,0.9933065595716198,1.0,19,0,1,,,374.0408020019531,273.7238464355469,384.8780909729004,266.67536094665525,64.8780909729004,86.67536094665525,60.20716094970703,-39.15825271606445,1,0.5796432546277638,7,-17,0,tracking,0,0.0
1480,617.578000,58.735,1,2,0.018792,orb,1,0.9716981132075472,0.9975520833333333,19,1,0,256.5,309.5,349.7496643066406,279.8777770996094,353.25339248657224,275.1589129638672,33.25339248657224,95.15891296386718,19.46515655517578,-26.215911865234375,0,0.1220087861315412,4,-19,0,tracking,0,0.0
1481,617.625000,49.582,1,0,0.000000,orb,1,0.9916083916083916,1.0,19,0,1,,,350.6645202636719,278.6456298828125,354.1682484436035,273.9267657470703,34.16824844360349,93.9267657470703,19.46515655517578,-26.215911865234375,1,0.11484076994630928,4,-18,0,tracking,0,0.0
1483,617.703000,25.227,1,3,0.019081,orb,1,0.7898773006134969,0.9990277777777777,19,0,1,,,352.18280029296875,276.6007995605469,355.68652847290036,271.8819354248047,35.68652847290036,91.88193542480468,19.46515655517578,-26.215911865234375,2,0.10294491329848789,4,-18,0,tracking,0,0.0
1484,617.750000,17.428,1,0,0.000000,orb,1,0.9916201117318436,1.0,19,0,1,,,353.09765625,275.36865234375,356.6013844299316,270.6497882080078,36.60138442993161,90.6497882080078,19.46515655517578,-26.215911865234375,3,0.09577689711325596,4,-18,0,tracking,0,0.0
1485,617.781000,43.129,1,0,0.000000,orb,1,0.9820627802690582,1.0,19,0,1,,,353.7010803222656,274.55596923828125,357.20480850219724,269.83710510253906,37.20480850219724,89.83710510253906,19.46515655517578,-26.215911865234375,4,0.09104905665066651,4,-17,0,tracking,0,0.0
1486,617.812000,31.783,1,0,0.002177,orb,1,0.9789156626506024,0.9989930555555555,19,0,1,,,354.30450439453125,273.7432861328125,357.80823257446286,269.0244219970703,37.80823257446286,89.0244219970703,19.46515655517578,-26.215911865234375,5,0.08632121618805971,4,-17,0,tracking,0,0.0
1487,617.859000,48.160,1,0,0.000000,orb,1,0.9878603945371776,1.0,19,0,1,,,355.2193603515625,272.5111389160156,358.7230885314941,267.79227478027343,38.72308853149411,87.79227478027343,19.46515655517578,-26.215911865234375,6,0.07915320000282779,4,-17,0,tracking,0,0.0
1489,617.937000,43.264,1,0,0.000636,orb,1,0.9740853658536586,0.9963975694444445,19,0,1,,,356.7376403808594,270.46630859375,360.241368560791,265.7474444580078,40.24136856079099,85.7474444580078,19.46515655517578,-26.215911865234375,7,0.0672573433550064,0,0,0,prediction_stale,0,0.0
1491,618.015000,22.582,1,2,0.015510,orb,1,0.967391304347826,0.9987413194444444,19,0,1,,,358.25592041015625,268.4214782714844,361.75964859008786,263.7026141357422,41.75964859008786,83.70261413574218,19.46515655517578,-26.215911865234375,8,0.05536148670718502,0,0,0,prediction_stale,0,0.0
1492,618.062000,51.419,1,0,0.000000,orb,1,0.9915966386554622,1.0,19,0,1,,,359.1707763671875,267.1893310546875,362.6745045471191,262.4704669189453,42.67450454711911,82.4704669189453,19.46515655517578,-26.215911865234375,9,0.04819347052195309,0,0,0,prediction_stale,0,0.0
1493,618.093000,17.430,1,0,0.000000,orb,1,1.0,1.0,19,0,1,,,359.7742004394531,266.37664794921875,363.27792861938474,261.65778381347656,43.27792861938474,81.65778381347656,19.46515655517578,-26.215911865234375,10,0.04346563005936364,0,0,0,prediction_stale,0,0.0
1494,618.140000,23.229,1,0,0.000226,orb,1,0.977110157367668,1.0,19,0,1,,,360.6890563964844,265.1445007324219,364.192784576416,260.4256365966797,44.19278457641599,80.42563659667968,19.46515655517578,-26.215911865234375,11,0.036297613874131704,0,0,0,prediction_stale,0,0.0
1495,618.187000,38.268,1,0,0.000000,orb,1,0.9930651872399445,1.0,19,0,1,,,361.6039123535156,263.912353515625,365.10764053344724,259.1934893798828,45.10764053344724,79.1934893798828,19.46515655517578,-26.215911865234375,12,0.029129597688899774,0,0,0,prediction_stale,0,0.0
1496,618.218000,32.695,1,0,0.000000,orb,1,0.9958563535911602,1.0,19,0,1,,,,,,,,,0.0,0.0,13,0.0,0,0,0,lost,0,0.0
1497,618.265000,25.239,1,0,0.000000,orb,1,0.9934383202099738,1.0,,0,0,,,,,,,,,0.0,0.0,0,0.0,0,0,0,lost,0,0.0
1498,618.296000,36.150,1,0,0.000000,orb,1,0.9930939226519337,1.0,,0,0,,,,,,,,,0.0,0.0,0,0.0,0,0,0,lost,0,0.0
1499,618.343000,25.915,1,0,0.000000,orb,1,0.9474474474474475,1.0,,0,0,,,,,,,,,0.0,0.0,0,0.0,0,0,0,lost,0,0.0
1500,618.375000,22.035,1,0,0.000000,orb,1,0.9928057553956835,1.0,,0,0,,,,,,,,,0.0,0.0,0,0.0,0,0,0,lost,0,0.0
1501,618.421000,43.060,1,0,0.000000,orb,1,0.9929775280898876,1.0,,0,0,,,,,,,,,0.0,0.0,0,0.0,0,0,0,lost,0,0.0
1502,618.453000,22.062,1,0,0.000000,orb,1,0.9914163090128756,1.0,,0,0,,,,,,,,,0.0,0.0,0,0.0,0,0,0,lost,0,0.0
1503,618.500000,49.509,1,0,0.000000,orb,1,0.994261119081779,1.0,,0,0,,,,,,,,,0.0,0.0,0,0.0,0,0,0,lost,0,0.0
1504,618.546000,22.285,1,0,0.000000,orb,1,0.9887640449438202,1.0,,0,0,,,,,,,,,0.0,0.0,0,0.0,0,0,0,lost,0,0.0
1505,618.578000,34.717,1,0,0.000000,orb,1,0.9885550786838341,1.0,,0,0,,,,,,,,,0.0,0.0,0,0.0,0,0,0,lost,0,0.0
1506,618.625000,37.164,1,0,0.000000,orb,1,0.9871428571428571,1.0,,0,0,,,,,,,,,0.0,0.0,0,0.0,0,0,0,lost,0,0.0
1508,618.703000,47.613,1,1,0.006267,orb,1,0.9864864864864865,1.0,20,1,0,217.5,19.5,217.5,19.5,217.5,19.5,-102.5,-160.5,0.0,0.0,0,0.9431561996779388,-11,20,0,tracking,0,0.0
1509,618.734000,42.092,1,0,0.000000,orb,1,0.9941434846266471,1.0,20,0,1,,,217.5,19.5,217.5,19.5,-102.5,-160.5,0.0,0.0,1,0.9066088969403447,-11,20,0,tracking,0,0.0
1510,618.781000,51.024,1,0,0.000000,orb,1,0.9945429740791268,1.0,20,0,1,,,217.5,19.5,217.5,19.5,-102.5,-160.5,0.0,0.0,2,0.8511984702093698,-11,20,0,tracking,0,0.0
1512,618.859000,19.814,1,0,0.000000,orb,1,0.9960629921259843,1.0,20,0,1,,,217.5,19.5,217.5,19.5,-102.5,-160.5,0.0,0.0,3,0.7592407407406668,-11,20,0,tracking,0,0.0
1513,618.906000,20.327,1,0,0.000000,orb,1,0.9961389961389961,1.0,20,0,1,,,217.5,19.5,217.5,19.5,-102.5,-160.5,0.0,0.0,4,0.7038303140096919,-11,20,0,tracking,0,0.0
1514,618.937000,50.967,1,0,0.000000,orb,1,0.9974522292993631,1.0,20,0,1,,,217.5,19.5,217.5,19.5,-102.5,-160.5,0.0,0.0,5,0.6672830112720978,-11,20,0,tracking,0,0.0
1515,618.984000,24.924,1,0,0.000503,orb,1,1.0,1.0,20,0,1,,,217.5,19.5,217.5,19.5,-102.5,-160.5,0.0,0.0,6,0.6118725845409888,-11,20,0,tracking,0,0.0
1516,619.015000,38.676,1,0,0.000000,orb,1,1.0,1.0,20,0,1,,,217.5,19.5,217.5,19.5,-102.5,-160.5,0.0,0.0,7,0.5753252818035287,0,0,0,prediction_stale,0,0.0
1517,619.062000,22.015,1,0,0.000000,orb,1,1.0,1.0,20,0,1,,,217.5,19.5,217.5,19.5,-102.5,-160.5,0.0,0.0,8,0.5199148550724199,0,0,0,prediction_stale,0,0.0
1518,619.093000,20.902,1,0,0.000000,orb,1,0.9987261146496815,1.0,20,0,1,,,217.5,19.5,217.5,19.5,-102.5,-160.5,0.0,0.0,9,0.48336755233495976,0,0,0,prediction_stale,0,0.0
1519,619.140000,55.597,1,0,0.000000,orb,1,0.9987179487179487,1.0,20,0,1,,,217.5,19.5,217.5,19.5,-102.5,-160.5,0.0,0.0,10,0.4279571256038508,0,0,0,prediction_stale,0,0.0
1520,619.187000,23.433,1,0,0.000195,orb,1,0.9974522292993631,1.0,20,0,1,,,217.5,19.5,217.5,19.5,-102.5,-160.5,0.0,0.0,11,0.3725466988727419,0,0,0,prediction_stale,0,0.0
1521,619.218000,38.832,1,3,0.013199,orb,1,0.9947437582128777,1.0,20,1,0,285.0,327.0,270.0501403808594,258.89508056640625,273.904178276062,276.4523645019531,-46.095821723938,96.45236450195313,21.41132164001465,97.54046630859375,0,0.13001167847788697,-5,-19,0,tracking,0,0.0
1522,619.265000,37.277,1,2,0.022040,orb,1,1.0,1.0,20,1,0,376.5,317.5,318.3558349609375,287.7117614746094,326.67574485778806,307.55698669433593,6.675744857788061,127.55698669433593,46.22172164916992,110.25125122070312,0,0.06848907039411012,0,-20,0,tracking,0,0.0
1523,619.296000,20.878,1,4,0.025959,orb,1,0.9986842105263158,1.0,20,1,0,302.5,274.0,314.2986755371094,285.6900939941406,321.97207160949705,304.894757232666,1.9720716094970498,124.894757232666,42.62997817993164,106.69257354736328,0,0.7709423915034688,0,-20,0,tracking,0,0.0
1524,619.343000,22.256,1,3,0.022921,orb,1,0.996031746031746,1.0,20,1,0,363.5,337.5,328.3267517089844,302.6266174316406,337.9602632141113,323.77468521118163,17.960263214111308,143.77468521118163,53.519508361816406,117.48926544189453,0,0.436407001216504,0,-20,0,tracking,0,0.0
1525,619.375000,45.682,1,3,0.019314,orb,1,0.9959839357429718,1.0,20,1,0,317.5,346.5,327.3604736328125,314.95611572265625,336.4654411315918,337.7950082397461,16.465441131591774,157.7950082397461,50.583152770996094,126.88273620605469,0,0.6279626318361708,0,-20,0,tracking,0,0.0
1526,619.421000,19.290,1,1,0.014214,orb,1,0.9933862433862434,1.0,20,1,0,306.0,295.0,325.1108093261719,315.8094787597656,333.08956283569336,337.4220539855957,13.089562835693357,157.4220539855957,44.32640838623047,120.06986236572266,0,0.6026521154991794,0,-20,0,tracking,0,0.0
1527,619.453000,28.583,1,0,0.009644,orb,1,0.996078431372549,1.0,20,0,1,,,326.5292663574219,319.6517028808594,334.50801986694336,341.26427810668946,14.508019866943357,161.26427810668946,44.32640838623047,120.06986236572266,1,0.5785460308792684,0,-20,0,tracking,0,0.0
1528,619.500000,37.661,1,1,0.008203,orb,1,0.9960159362549801,1.0,20,1,0,222.0,330.5,307.4919128417969,326.3261413574219,309.04661834716796,348.2523501586914,-10.953381652832036,168.2523501586914,8.637252807617188,121.81227111816406,0,0.25972042082177615,0,-20,0,tracking,0,0.0
1529,619.546000,53.507,1,1,0.006133,orb,1,0.9973753280839895,1.0,20,1,0,211.5,310.0,289.6925354003906,327.7895812988281,285.3692037963867,348.378477935791,-34.63079620361327,168.378477935791,-24.018508911132812,114.38275909423828,0,0.1347350101468281,-4,-20,0,tracking,0,0.0
1530,619.578000,28.598,1,1,0.005773,orb,1,0.9986648865153538,1.0,20,1,0,222.0,325.0,277.210205078125,330.3209228515625,268.99194480895994,350.5344441223144,-51.00805519104006,170.53444412231443,-45.65700149536133,112.2973403930664,0,0.45036067026259563,-6,-20,0,tracking,0,0.0
1532,619.656000,18.686,1,3,0.030028,orb,1,0.943939393939394,0.9944444444444445,20,1,0,264.0,307.5,271.81414794921875,333.0749816894531,262.9727307891846,351.24897079467775,-57.027269210815405,171.24897079467775,-49.11898422241211,100.96660614013672,0,0.6889716212933354,-6,-20,0,tracking,0,0.0
1533,619.703000,27.976,1,1,0.003038,orb,1,0.9769452449567724,1.0,20,1,0,227.5,328.5,261.7364807128906,336.0965576171875,250.28518989562988,353.69145462036136,-69.71481010437012,173.69145462036136,-63.618282318115234,97.74942779541016,0,0.6304868971250581,-8,-20,0,tracking,0,0.0
1534,619.734000,26.749,1,0,0.001139,orb,1,0.9793510324483776,0.9986284722222222,20,0,1,,,259.7643127441406,339.1268005371094,248.31302192687988,356.72169754028323,-71.68697807312012,176.72169754028323,-63.618282318115234,97.74942779541016,1,0.6060555298614126,-8,-20,0,tracking,0,0.0
1535,619.781000,19.973,1,0,0.002393,orb,1,0.9667170953101362,0.9975086805555555,20,0,1,,,256.7742614746094,343.72100830078125,245.32297065734863,361.3159053039551,-74.67702934265137,181.3159053039551,-63.618282318115234,97.74942779541016,2,0.569014424655385,-8,-20,0,tracking,0,0.0
1536,619.812000,43.331,1,0,0.001393,orb,1,0.9770642201834863,0.9967447916666666,20,0,1,,,254.80209350585938,346.7512512207031,243.35080268859863,364.346148223877,-76.64919731140137,184.34614822387698,-63.618282318115234,97.74942779541016,3,0.5445830573917395,-8,-20,0,tracking,0,0.0
1537,619.859000,27.009,1,1,0.008069,orb,1,0.979108635097493,1.0,20,1,0,267.5,305.5,255.638671875,340.1627197265625,245.33457344055176,354.4051400756836,-74.66542655944824,174.40514007568362,-57.244991302490234,79.12455749511719,0,0.6064524842030334,-8,-20,0,tracking,0,0.0
1538,619.906000,49.853,1,1,0.015404,orb,1,0.9947780678851175,1.0,20,1,0,273.5,308.0,257.4982604980469,335.9375,248.50163536071778,347.89719757080076,-71.49836463928222,167.89719757080076,-49.98125076293945,66.44276428222656,0,0.6349964057498205,-8,-20,0,tracking,0,0.0
1539,619.937000,25.733,1,1,0.023277,orb,1,0.9958904109589041,1.0,20,0,1,,,255.94883728027344,337.9972229003906,246.95221214294435,349.9569204711914,-73.04778785705565,169.95692047119138,-49.98125076293945,66.44276428222656,1,0.6103902950269652,-8,-20,0,tracking,0,0.0
1540,619.984000,19.784,1,1,0.030260,orb,1,1.0,1.0,20,0,1,,,253.59971618652344,341.1200256347656,244.60309104919435,353.0797232055664,-75.39690895080565,173.07972320556638,-49.98125076293945,66.44276428222656,2,0.573084256189143,-8,-20,0,tracking,0,0.0
1541,620.015000,36.414,1,2,0.038646,orb,1,0.989010989010989,1.0,20,1,0,219.5,224.0,244.3741455078125,315.07427978515625,233.3778768157959,319.7124771499634,-86.6221231842041,139.71247714996338,-61.09038162231445,25.767763137817383,0,0.24180014174716136,-9,-20,0,tracking,0,0.0
1542,620.062000,36.929,1,1,0.045482,orb,1,0.9919463087248322,1.0,20,0,1,,,241.50289916992188,316.2853698730469,230.50663047790528,320.923567237854,-89.49336952209472,140.923567237854,-61.09038162231445,25.767763137817383,1,0.22759438341950794,-10,-20,0,tracking,0,0.0
1543,620.109000,22.006,1,2,0.051185,orb,1,0.984081041968162,1.0,20,0,1,,,238.63165283203125,317.4964599609375,227.63538414001465,322.1346573257446,-92.36461585998535,142.13465732574463,-61.09038162231445,25.767763137817383,2,0.2133886250918545,-10,-20,0,tracking,0,0.0
1544,620.156000,24.476,1,3,0.056259,orb,1,0.9797979797979798,1.0,20,0,1,,,235.76040649414062,318.7075500488281,224.76413780212403,323.34574741363525,-95.23586219787597,143.34574741363525,-61.09038162231445,25.767763137817383,3,0.19918286676423544,-10,-20,0,tracking,0,0.0
1545,620.187000,41.320,1,4,0.054002,orb,1,0.9708265802269044,1.0,20,0,1,,,233.86660766601562,319.50634765625,222.87033897399903,324.1445450210571,-97.12966102600097,144.14454502105713,-61.09038162231445,25.767763137817383,4,0.18981311127151396,-11,-20,0,tracking,0,0.0
1546,620.218000,34.570,1,3,0.056067,orb,1,0.9686411149825784,0.9992361111111111,20,1,0,242.0,135.0,234.85501098632812,267.041259765625,224.4814995574951,260.1707335662842,-95.51850044250489,80.17073356628418,-57.630619049072266,-38.16958999633789,0,0.2646406568070455,-10,-16,0,tracking,0,0.0
1547,620.265000,34.916,1,3,0.049887,orb,1,0.9828767123287672,1.0,20,1,0,192.5,170.0,222.51101684570312,242.0990753173828,210.13694931030273,230.4223731994629,-109.86305068969727,50.422373199462896,-68.74481964111328,-64.87056732177734,0,0.3459707392330601,-12,-10,0,tracking,0,0.0
1548,620.296000,33.575,1,3,0.046775,orb,1,0.9840425531914894,1.0,20,1,0,197.5,153.0,215.64669799804688,222.07196044921875,202.31291564941407,206.74228500366212,-117.68708435058593,26.74228500366212,-74.07656860351562,-85.16486358642578,0,0.3245152664984733,-13,-5,0,tracking,0,0.0
1549,620.343000,58.911,1,3,0.046932,orb,1,0.893760539629005,0.9940625,20,1,0,207.0,164.0,211.20068359375,207.9734649658203,197.6776658630371,190.66284057617187,-122.3223341369629,10.662840576171874,-75.12787628173828,-96.17013549804688,0,0.5199667631408484,-13,0,0,tracking,0,0.0
1551,620.421000,51.415,1,2,0.080739,orb,1,0.9792027729636048,0.9975607638888889,20,0,1,,,205.34071350097656,200.47219848632812,191.81769577026367,183.1615740966797,-128.18230422973633,3.1615740966796864,-75.12787628173828,-96.17013549804688,1,0.4692700037345584,-14,0,0,tracking,0,0.0
1553,620.500000,29.992,1,3,0.070818,orb,1,0.8885245901639345,0.9907161458333333,20,0,1,,,199.40560913085938,192.874755859375,185.88259140014648,175.56413146972656,-134.11740859985352,-4.435868530273439,-75.12787628173828,-96.17013549804688,2,0.4179232858744315,-15,0,0,tracking,0,0.0
1554,620.531000,32.446,1,3,0.023713,orb,1,0.9688013136288999,0.9973350694444445,20,1,0,259.0,183.0,210.41226196289062,188.40892028808594,199.19211181640625,170.84193405151368,-120.80788818359375,-9.158065948486325,-62.33416748046875,-97.59436798095703,0,0.41745471824966685,-13,0,0,tracking,0,0.0
1555,620.578000,30.190,1,2,0.018981,orb,1,0.9803328290468987,0.9979166666666667,20,0,1,,,207.48255920410156,183.82199096679688,196.2624090576172,166.2550047302246,-123.73759094238281,-13.744995269775387,-62.33416748046875,-97.59436798095703,1,0.39292925355248565,-14,0,0,tracking,0,0.0
1557,620.656000,39.068,1,6,0.055508,orb,1,0.9574132492113565,0.9944444444444445,20,1,0,260.0,173.5,214.8604278564453,175.63162231445312,205.58909645080567,157.9726077270508,-114.41090354919433,-22.027392272949214,-51.50739669799805,-98.10563659667969,0,0.4392999230290453,-13,4,0,tracking,0,0.0
1558,620.703000,43.758,1,0,0.004176,orb,1,0.9845201238390093,0.9978298611111112,20,0,1,,,212.4395751953125,171.02066040039062,203.16824378967286,153.3616458129883,-116.83175621032714,-26.638354187011714,-51.50739669799805,-98.10563659667969,1,0.41349105255107493,-13,5,0,tracking,0,0.0
1559,620.734000,37.742,1,0,0.007304,orb,1,0.9725190839694656,0.9994357638888889,20,0,1,,,210.8428497314453,167.97938537597656,201.57151832580567,150.32037078857422,-118.42848167419433,-29.679629211425777,-51.50739669799805,-98.10563659667969,2,0.39646818053366495,-13,6,0,tracking,0,0.0
1560,620.796000,31.002,1,0,0.008963,orb,1,0.9556259904912837,1.0,20,0,1,,,207.64938354492188,161.89683532714844,198.37805213928223,144.2378207397461,-121.62194786071777,-35.7621792602539,-51.50739669799805,-98.10563659667969,3,0.36242243649890743,-13,7,0,tracking,0,0.0
1562,620.859000,38.969,1,4,0.031022,orb,1,0.9543918918918919,0.9946180555555556,20,1,0,346.0,180.5,237.00460815429688,161.42227172851562,232.32374332427977,144.5667381286621,-87.67625667572023,-35.43326187133789,-26.004804611206055,-93.64185333251953,0,0.2196570539368412,-10,7,0,tracking,0,0.0
1563,620.906000,47.967,1,0,0.002668,orb,1,0.9864661654135338,0.9973958333333334,20,0,1,,,235.78237915039062,157.02110290527344,231.10151432037352,140.16556930541992,-88.89848567962648,-39.83443069458008,-26.004804611206055,-93.64185333251953,1,0.206752202018076,-10,8,0,tracking,0,0.0
1564,620.937000,27.014,1,0,0.006820,orb,1,0.9079754601226994,0.9984548611111111,20,0,1,,,234.97622680664062,154.1182098388672,230.29536197662352,137.26267623901367,-89.70463802337648,-42.73732376098633,-26.004804611206055,-93.64185333251953,2,0.19824049117800618,-10,8,0,tracking,0,0.0
1565,620.984000,43.749,1,0,0.001816,orb,1,0.9813084112149533,0.9963802083333333,20,0,1,,,233.75399780273438,149.717041015625,229.07313297271727,132.86150741577148,-90.92686702728273,-47.138492584228516,-26.004804611206055,-93.64185333251953,3,0.18533563925920976,-10,9,0,tracking,0,0.0
1566,621.015000,36.291,1,0,0.001866,orb,1,0.9698340874811463,1.0,20,0,1,,,232.94784545898438,146.81414794921875,228.26698062896727,129.95861434936523,-91.73301937103273,-50.041385650634766,-26.004804611206055,-93.64185333251953,4,0.17682392841917116,-10,10,0,tracking,0,0.0
1568,621.093000,44.122,1,0,0.003473,orb,1,0.9773462783171522,0.9961458333333333,20,0,1,,,230.91946411132812,139.5100860595703,226.23859928131102,122.6545524597168,-93.76140071868898,-57.3454475402832,-26.004804611206055,-93.64185333251953,5,0.15540736566033614,-10,11,0,tracking,0,0.0
1569,621.140000,37.925,1,0,0.000985,orb,1,0.9931318681318682,1.0,20,0,1,,,229.69723510742188,135.10891723632812,225.01637027740477,118.25338363647461,-94.98362972259523,-61.74661636352539,-26.004804611206055,-93.64185333251953,6,0.14250251374153972,-10,12,0,tracking,0,0.0
1570,621.187000,40.291,1,0,0.000317,orb,1,0.9986684420772304,1.0,20,0,1,,,228.47500610351562,130.70774841308594,223.79414127349852,113.85221481323242,-96.20585872650148,-66.14778518676758,-26.004804611206055,-93.64185333251953,7,0.1295976618227433,0,0,0,prediction_stale,0,0.0
1571,621.218000,17.873,1,0,0.000256,orb,1,0.9931787175989086,1.0,20,0,1,,,227.66885375976562,127.80484771728516,222.98798892974852,110.94931411743164,-97.01201107025148,-69.05068588256836,-26.004804611206055,-93.64185333251953,8,0.1210859509827047,0,0,0,prediction_stale,0,0.0
1572,621.265000,22.363,1,0,0.000859,orb,1,0.9973924380704041,1.0,20,0,1,,,226.44662475585938,123.40367889404297,221.76575992584227,106.54814529418945,-98.23424007415773,-73.45185470581055,-26.004804611206055,-93.64185333251953,9,0.10818109906390828,0,0,0,prediction_stale,0,0.0
1573,621.296000,33.965,1,0,0.006094,orb,1,0.9973082099596231,1.0,20,0,1,,,225.64047241210938,120.50077819824219,220.95960758209227,103.64524459838867,-99.04039241790773,-76.35475540161133,-26.004804611206055,-93.64185333251953,10,0.09966938822383845,0,0,0,prediction_stale,0,0.0
1574,621.343000,29.952,1,2,0.020187,orb,1,0.9854497354497355,1.0,20,1,0,347.5,172.5,262.48565673828125,133.54342651367188,261.93420907020567,118.58013687133788,-58.06579092979433,-61.419863128662115,-3.063598155975342,-83.12938690185547,0,0.5148350205235931,-6,12,0,tracking,0,0.0
1575,621.375000,37.008,1,4,0.032483,orb,1,0.984,1.0,20,1,0,283.5,179.5,267.5221862792969,142.7069549560547,267.5195056633465,129.00734436035157,-52.48049433665352,-50.99265563964843,-0.014892310835421085,-76.10894775390625,0,0.5846153733595647,-6,10,0,tracking,0,0.0
1576,621.421000,31.854,1,2,0.033997,orb,1,0.9893333333333333,1.0,20,0,1,,,267.5215148925781,139.20594787597656,267.51883427662773,125.50633728027344,-52.48116572337227,-54.49366271972656,-0.014892310835421085,-76.10894775390625,1,0.5509999893913539,-6,11,0,tracking,0,0.0
1578,621.500000,45.402,1,1,0.058702,orb,1,0.9676113360323887,1.0,20,0,1,,,267.52032470703125,133.19334411621094,267.51764409108085,119.49373352050782,-52.482355908919146,-60.50626647949218,-0.014892310835421085,-76.10894775390625,2,0.49326922127213274,-6,12,0,tracking,0,0.0
1579,621.546000,53.787,1,5,0.029336,orb,1,0.9825503355704698,1.0,20,1,0,329.5,179.0,281.6700134277344,140.949462890625,283.0754074382782,128.370027923584,-36.924592561721795,-51.62997207641601,7.80774450302124,-69.88574981689453,0,0.4812323949440611,-4,10,0,tracking,0,0.0
1581,621.625000,39.899,1,5,0.096411,orb,1,0.9868421052631579,1.0,20,1,0,307.0,123.0,287.21087646484375,132.95213317871094,289.09212928771973,120.13338439941407,-30.90787071228027,-59.86661560058593,10.451404571533203,-71.21527099609375,0,0.6686062707658798,-3,12,0,tracking,0,0.0
1582,621.656000,39.621,1,8,0.081997,orb,1,0.958217270194986,1.0,20,1,0,228.0,65.5,277.3673400878906,119.601806640625,278.2759660720825,105.7171533203125,-41.7240339279175,-74.2828466796875,5.047922134399414,-77.136962890625,0,0.41813133494139465,-5,14,0,tracking,0,0.0
1583,621.703000,31.650,1,4,0.064640,orb,1,0.9730878186968839,1.0,20,0,1,,,277.6045837402344,115.97637176513672,278.51320972442625,102.09171844482422,-41.48679027557375,-77.90828155517578,5.047922134399414,-77.136962890625,1,0.3935661190135744,-5,15,0,tracking,0,0.0
1584,621.734000,32.968,1,7,0.068698,orb,1,0.9790794979079498,1.0,20,1,0,229.0,63.5,270.1357116699219,105.7527084350586,270.3314976501465,91.13585891723633,-49.6685023498535,-88.86414108276367,1.0876998901367188,-81.20471954345703,0,0.5039530720383171,-5,17,0,tracking,0,0.0
1585,621.781000,53.554,1,10,0.071719,orb,1,0.9713876967095851,1.0,20,1,0,223.5,101.0,263.60357666015625,101.80409240722656,263.1915554523468,87.17505630493164,-56.80844454765321,-92.82494369506836,-2.2890067100524902,-81.27242279052734,0,0.5483650642200186,-6,18,0,tracking,0,0.0
1587,621.859000,23.277,1,4,0.084852,orb,1,0.9661538461538461,1.0,20,1,0,282.5,127.0,265.9511413574219,99.64104461669922,265.768137948513,85.39062622070313,-54.231862051486985,-94.60937377929687,-1.0166856050491333,-79.16899108886719,0,0.5859615847587849,-6,18,0,tracking,0,0.0
1588,621.906000,35.699,1,5,0.040747,orb,1,0.9845070422535211,1.0,20,1,0,305.0,207.0,270.6691589355469,109.46051025390625,270.9141150212288,96.42599411010742,-49.08588497877122,-83.57400588989258,1.3608671426773071,-72.41397857666016,0,0.05606615613393273,-5,16,0,tracking,0,0.0
1589,621.937000,36.005,1,4,0.039579,orb,1,0.9746478873239437,0.9992361111111111,20,1,0,300.5,213.5,274.0380554199219,119.08519744873047,274.58012634277344,107.1107713317871,-45.41987365722656,-72.8892286682129,3.011505126953125,-66.52458953857422,0,0.13578300250973174,-5,14,0,tracking,0,0.0
1590,621.984000,34.487,1,4,0.034695,orb,1,0.9858356940509915,0.9987760416666667,20,1,0,296.5,214.5,276.5173645019531,126.27947998046875,277.26676443099973,115.2203825378418,-42.73323556900027,-64.7796174621582,4.163332939147949,-61.439430236816406,0,0.2523961153017975,-5,13,0,tracking,0,0.0
1591,622.015000,38.857,1,3,0.032538,orb,1,0.9756446991404012,0.9996267361111111,20,1,0,282.0,203.0,277.16815185546875,132.03736877441406,277.96364320755004,121.65519187927246,-42.036356792449965,-58.344808120727535,4.41939640045166,-57.67876052856445,0,0.39145851066594595,-5,11,0,tracking,0,0.0
1592,622.062000,34.548,1,2,0.028424,orb,1,0.9795081967213115,0.9985069444444444,20,0,1,,,277.3758544921875,129.3264617919922,278.1713458442688,118.94428489685059,-41.828654155731215,-61.05571510314941,4.41939640045166,-57.67876052856445,1,0.36846032316430916,-5,12,0,tracking,0,0.0
1594,622.140000,41.239,1,5,0.051884,orb,1,0.9675036927621861,1.0,20,1,0,272.5,192.5,277.2028503417969,131.53846740722656,277.9532630729675,121.74062858581543,-42.0467369270325,-58.25937141418457,4.168959617614746,-54.432437896728516,0,0.48244782774938655,-5,11,0,tracking,0,0.0
1595,622.203000,26.592,1,3,0.021560,orb,1,0.9848066298342542,0.9980989583333333,20,1,0,264.5,193.0,276.22943115234375,134.29550170898438,276.8729142522812,125.0328337097168,-43.12708574771881,-54.9671662902832,3.57490611076355,-51.459266662597656,0,0.3617575689652074,-5,11,0,tracking,0,0.0
1596,622.218000,51.036,1,3,0.025352,orb,1,0.9750692520775623,1.0,20,1,0,261.5,190.5,274.9793701171875,138.54824829101562,275.51020541667936,129.71974418640136,-44.489794583320645,-50.28025581359864,2.949084997177124,-49.047245025634766,0,0.4544076287195362,-5,10,0,tracking,0,0.0
1597,622.265000,50.795,1,3,0.027305,orb,1,0.9833795013850416,0.9994965277777778,20,1,0,257.5,186.5,273.62994384765625,140.48780822753906,274.0325450515747,132.0251042175293,-45.96745494842531,-47.974895782470696,2.236673355102539,-47.01502227783203,0,0.5470716511593867,-5,9,0,tracking,0,0.0
1599,622.343000,35.217,1,8,0.065859,orb,1,0.9573170731707317,1.0,20,1,0,244.5,129.5,271.3601379394531,136.21002197265625,271.5528073859215,127.69487403869628,-48.44719261407852,-52.305125961303716,1.0703858137130737,-47.30637741088867,0,0.6031787054634004,-5,10,0,tracking,0,0.0
1600,622.375000,33.206,1,2,0.016691,orb,1,0.9785276073619632,0.9985329861111111,20,1,0,245.5,182.5,269.3439025878906,138.48158264160156,269.36061923563483,130.2912626647949,-50.63938076436517,-49.708737335205086,0.09287026524543762,-45.50177764892578,0,0.548006489724575,-6,10,0,tracking,0,0.0
1601,622.421000,64.001,1,1,0.008170,orb,1,0.9888268156424581,0.9981944444444445,20,1,0,242.0,182.0,267.2584228515625,139.8738250732422,267.09592393279075,131.98240188598632,-52.904076067209246,-48.01759811401368,-0.9027717709541321,-43.84123992919922,0,0.5285910353395248,-6,9,0,tracking,0,0.0
1603,622.500000,28.253,1,4,0.033032,orb,1,0.9632352941176471,0.99796875,20,1,0,239.5,181.0,265.0796813964844,139.80433654785156,264.7365075159073,132.20388763427735,-55.263492484092694,-47.79611236572265,-1.9065215587615967,-42.22471618652344,0,0.5682121895279552,-6,9,0,tracking,0,0.0
1604,622.546000,32.797,1,1,0.005274,orb,1,0.9931224209078404,0.9998871527777777,20,0,1,,,264.9919738769531,137.86199951171875,264.64879999637606,130.26155059814454,-55.351200003623944,-49.73844940185546,-1.9065215587615967,-42.22471618652344,1,0.5355399886300628,-6,10,0,tracking,0,0.0
1605,622.578000,67.251,1,1,0.006657,orb,1,0.91800878477306,0.9975520833333333,20,1,0,235.0,181.0,262.6629638671875,139.8819580078125,262.12542424678804,132.57041313171388,-57.87457575321196,-47.42958686828612,-2.9863312244415283,-40.619693756103516,0,0.5717244825270658,-6,9,0,tracking,0,0.0
1607,622.656000,63.442,1,2,0.017954,orb,1,0.9709035222052067,0.9988975694444444,20,1,0,232.0,179.0,260.13385009765625,139.90443420410156,259.39964451789854,132.8661817932129,-60.60035548210146,-47.13381820678711,-4.078919887542725,-39.101402282714844,0,0.61540168697567,-7,9,0,tracking,0,0.0
1609,622.734000,37.755,1,2,0.013409,orb,1,0.960127591706539,0.9946961805555555,20,0,1,,,259.8157043457031,136.85452270507812,259.0814987659454,129.81627029418945,-60.91850123405459,-50.18372970581055,-4.078919887542725,-39.101402282714844,1,0.5554000224954743,-7,10,0,tracking,0,0.0
1610,622.781000,23.049,1,0,0.003511,orb,1,0.995945945945946,1.0,20,0,1,,,259.6239929199219,135.01675415039062,258.88978734016416,127.97850173950195,-61.11021265983584,-52.02149826049805,-4.078919887542725,-39.101402282714844,2,0.5192451733857215,-7,10,0,tracking,0,0.0
1611,622.828000,17.679,1,1,0.015777,orb,1,0.9815602836879432,1.0,20,0,1,,,259.4322814941406,133.17898559570312,258.6980759143829,126.14073318481445,-61.30192408561709,-53.85926681518555,-4.078919887542725,-39.101402282714844,3,0.48309032427588133,-7,10,0,tracking,0,0.0
1612,622.859000,37.765,1,1,0.021688,orb,1,0.9958677685950413,1.0,20,1,0,244.5,233.5,258.06451416015625,140.4795379638672,257.2245983886719,134.16620742797852,-62.77540161132811,-45.83379257202148,-4.66619873046875,-35.074058532714844,0,0.33618898092543226,-7,9,0,tracking,0,0.0
1613,622.906000,65.339,1,1,0.027491,orb,1,0.9813486370157819,1.0,20,1,0,238.5,232.0,256.2862548828125,146.3391876220703,255.31390871047972,140.6636580657959,-64.68609128952028,-39.336341934204114,-5.401923179626465,-31.530719757080078,0,0.20678132810085548,-7,8,0,tracking,0,0.0
1615,622.984000,16.925,1,3,0.049766,orb,1,0.9985074626865672,1.0,20,1,0,223.0,140.5,253.24191284179688,143.61004638671875,252.0474165058136,137.91167110443115,-67.9525834941864,-42.08832889556885,-6.6360907554626465,-31.65764045715332,0,0.7425164103199586,-7,8,0,tracking,0,0.0
1616,623.015000,42.038,1,4,0.029622,orb,1,0.9874476987447699,1.0,20,1,0,212.0,126.0,249.92018127441406,141.36599731445312,248.46196405410765,135.56075698852538,-71.53803594589235,-44.439243011474616,-8.10120677947998,-32.25133514404297,0,0.4975652771238265,-8,9,0,tracking,0,0.0
1617,623.062000,17.289,1,3,0.022487,orb,1,0.9985754985754985,1.0,20,1,0,206.0,133.0,246.33802795410156,139.34649658203125,244.60897834777833,133.4986450958252,-75.39102165222167,-46.5013549041748,-9.605831146240234,-32.48806381225586,0,0.49329815070104044,-8,9,0,tracking,0,0.0
1618,623.093000,82.250,1,3,0.021020,orb,1,0.9929873772791024,1.0,20,1,0,199.5,135.0,242.7649688720703,138.10435485839844,240.75880458831787,132.23661949157716,-79.24119541168213,-47.76338050842284,-11.145357131958008,-32.59852981567383,0,0.5251395933659297,-9,9,0,tracking,0,0.0
1620,623.187000,31.740,1,4,0.030603,orb,1,0.9840116279069767,1.0,20,1,0,193.0,141.5,238.2392120361328,135.5012969970703,235.93831186294557,129.67264343261718,-84.06168813705443,-50.32735656738282,-12.7827787399292,-32.38140869140625,0,0.5231664785814647,-9,10,0,tracking,0,0.0
1621,623.234000,27.155,1,0,0.001910,orb,1,0.9972972972972973,1.0,20,0,1,,,237.638427734375,133.9793701171875,235.33752756118776,128.15071655273437,-84.66247243881224,-51.849283447265634,-12.7827787399292,-32.38140869140625,1,0.492430447964787,-9,10,0,tracking,0,0.0
1622,623.265000,19.130,1,0,0.000547,orb,1,0.9960681520314548,1.0,20,0,1,,,237.24215698242188,132.9755401611328,234.94125680923463,127.14688659667969,-85.05874319076537,-52.85311340332031,-12.7827787399292,-32.38140869140625,2,0.47215774691978857,-9,10,0,tracking,0,0.0
1623,623.312000,43.038,1,0,0.000560,orb,1,0.9973368841544608,1.0,20,0,1,,,236.64137268066406,131.45361328125,234.34047250747682,125.62495971679688,-85.65952749252318,-54.37504028320312,-12.7827787399292,-32.38140869140625,3,0.44142171630311083,-9,11,0,tracking,0,0.0
1624,623.343000,21.733,1,0,0.000195,orb,1,0.996031746031746,1.0,20,0,1,,,236.24510192871094,130.4497833251953,233.9442017555237,124.62112976074219,-86.0557982444763,-55.37887023925781,-12.7827787399292,-32.38140869140625,4,0.4211490152581124,-9,11,0,tracking,0,0.0
1625,623.390000,20.984,1,0,0.000668,orb,1,0.9947089947089947,1.0,20,0,1,,,235.64431762695312,128.9278564453125,233.34341745376588,123.09920288085938,-86.65658254623412,-56.90079711914062,-12.7827787399292,-32.38140869140625,5,0.3904129846414347,-9,11,0,tracking,0,0.0
1626,623.421000,42.680,1,0,0.000195,orb,1,0.9973297730307076,1.0,20,0,1,,,235.248046875,127.92403411865234,232.94714670181276,122.09538055419922,-87.05285329818724,-57.904619445800776,-12.7827787399292,-32.38140869140625,6,0.37014028359636186,-10,11,0,tracking,0,0.0
1627,623.468000,32.555,1,0,0.001984,orb,1,0.9973404255319149,1.0,20,0,1,,,234.6472625732422,126.40210723876953,232.34636240005494,120.57345367431641,-87.65363759994506,-59.42654632568359,-12.7827787399292,-32.38140869140625,7,0.3394042529797585,-10,12,0,tracking,0,0.0
1628,623.500000,35.573,1,0,0.002708,orb,1,0.9946808510638298,1.0,20,0,1,,,234.23822021484375,125.36590576171875,231.9373200416565,119.53725219726563,-88.0626799583435,-60.46274780273437,-12.7827787399292,-32.38140869140625,8,0.3184775938364744,0,0,0,prediction_stale,0,0.0
1629,623.546000,35.860,1,1,0.002930,orb,1,0.9960264900662251,1.0,20,1,0,191.0,295.5,229.77490234375,139.4705047607422,227.1519934082031,134.93760860443115,-92.84800659179689,-45.06239139556885,-14.57171630859375,-25.182756423950195,0,0.38587511126468377,-10,9,0,tracking,0,0.0
1630,623.593000,37.824,1,0,0.000577,orb,1,0.9946452476572959,1.0,20,0,1,,,229.09002685546875,138.2869110107422,226.46711791992186,133.75401485443115,-93.53288208007814,-46.24598514556885,-14.57171630859375,-25.182756423950195,1,0.36320494847792617,-10,9,0,tracking,0,0.0
1632,623.671000,19.824,1,1,0.008633,orb,1,0.9765840220385675,0.999921875,20,0,1,,,227.95343017578125,136.32266235351562,225.33052124023436,131.78976619720459,-94.66947875976564,-48.210233802795415,-14.57171630859375,-25.182756423950195,2,0.3255821251295769,-10,9,0,tracking,0,0.0
1633,623.703000,46.934,1,0,0.002023,orb,1,0.9945504087193461,0.9996875,20,0,1,,,227.4871368408203,135.51681518554688,224.86422790527342,130.98391902923584,-95.13577209472658,-49.016080970764165,-14.57171630859375,-25.182756423950195,3,0.31014712067902556,-10,10,0,tracking,0,0.0
1634,623.750000,26.443,1,0,0.003284,orb,1,0.9900426742532006,0.9990798611111111,20,0,1,,,226.80226135253906,134.33322143554688,224.17935241699217,129.80032527923584,-95.82064758300783,-50.199674720764165,-14.57171630859375,-25.182756423950195,4,0.2874769578922131,-10,10,0,tracking,0,0.0
1635,623.781000,38.790,1,1,0.007136,orb,1,0.990084985835694,0.9975520833333333,20,1,0,178.0,272.5,221.45877075195312,147.6102752685547,218.44061904907227,144.21320819854736,-101.55938095092773,-35.78679180145264,-16.76750946044922,-18.872594833374023,0,0.3696223693000168,-11,7,0,tracking,0,0.0
1636,623.828000,21.047,1,1,0.012570,orb,1,0.9872881355932204,0.9979079861111111,20,0,1,,,220.6707000732422,146.7232666015625,217.65254837036133,143.32619953155518,-102.34745162963867,-36.673800468444824,-16.76750946044922,-18.872594833374023,1,0.34790705510362907,-11,7,0,tracking,0,0.0
1637,623.875000,18.353,1,0,0.009674,orb,1,0.9888423988842399,0.9978211805555556,20,0,1,,,219.88262939453125,145.8362579345703,216.8644776916504,142.439190864563,-103.1355223083496,-37.56080913543701,-16.76750946044922,-18.872594833374023,2,0.3261917409072413,-11,7,0,tracking,0,0.0
1638,623.906000,46.133,1,2,0.011372,orb,1,0.9805097451274363,0.9972743055555555,20,1,0,229.5,267.5,220.3927764892578,157.6717529296875,217.45652168273926,155.26231813430786,-102.54347831726074,-24.73768186569214,-16.31252670288086,-13.385748863220215,0,0.3821711126198152,-11,5,0,tracking,0,0.0
1639,623.953000,40.829,1,1,0.013829,orb,1,0.9491525423728814,0.9958246527777778,20,1,0,228.0,266.5,220.4279327392578,167.52386474609375,217.55509462356568,165.94336488723755,-102.44490537643432,-14.05663511276245,-15.960211753845215,-8.78055477142334,0,0.2993169860881867,-11,0,0,tracking,0,0.0
1640,623.984000,28.404,1,2,0.019029,orb,1,0.9748520710059172,0.9983420138888889,20,1,0,228.5,270.0,220.7006072998047,176.4561004638672,217.88829097747802,175.60148258209227,-102.11170902252198,-4.398517417907726,-15.623979568481445,-4.74787712097168,0,0.24902464311301253,-11,0,0,tracking,0,0.0
1641,624.031000,29.190,1,1,0.014572,orb,1,0.9828080229226361,0.9984288194444444,20,0,1,,,219.96627807617188,176.2329559326172,217.1539617538452,175.37833805084227,-102.84603824615479,-4.621661949157726,-15.623979568481445,-4.74787712097168,1,0.2343944453301505,-11,0,0,tracking,0,0.0
1642,624.062000,49.005,1,0,0.011546,orb,1,0.9865067466266867,0.9958159722222222,20,0,1,,,219.48193359375,176.0857696533203,216.66961727142333,175.2311517715454,-103.33038272857667,-4.768848228454601,-15.623979568481445,-4.74787712097168,2,0.22474474040950174,-11,0,0,tracking,0,0.0
1644,624.156000,36.992,1,7,0.069058,orb,1,0.9410828025477707,1.0,20,1,0,177.5,135.0,214.19525146484375,171.80955505371094,211.08607425689698,170.65715154647827,-108.91392574310302,-9.342848453521725,-17.27320671081543,-6.4022417068481445,0,0.6131753591000804,-12,0,0,tracking,0,0.0
1645,624.187000,25.931,1,1,0.013605,orb,1,0.9757489300998573,0.9979253472222223,20,1,0,211.0,263.0,213.42503356933594,179.67654418945312,210.29763793945312,179.1501172399521,-109.70236206054688,-0.8498827600479046,-17.374420166015625,-2.9245941638946533,0,0.3446826245869036,-12,0,0,tracking,0,0.0
1646,624.234000,16.828,1,0,0.003521,orb,1,0.9894578313253012,0.9973784722222222,20,0,1,,,212.60842895507812,179.53909301757812,209.4810333251953,179.0126660680771,-110.51896667480469,-0.9873339319229046,-17.374420166015625,-2.9245941638946533,1,0.324432520392412,-12,0,0,tracking,0,0.0
1647,624.265000,17.187,1,0,0.001888,orb,1,0.9817927170868347,1.0,20,0,1,,,212.06982421875,179.44842529296875,208.9424285888672,178.92199834346772,-111.05757141113281,-1.0780016565322796,-17.374420166015625,-2.9245941638946533,2,0.31107606868969145,-12,0,0,tracking,0,0.0
1648,624.312000,44.214,1,0,0.001103,orb,1,0.9901408450704225,0.9994791666666667,20,0,1,,,211.2532196044922,179.31097412109375,208.12582397460938,178.78454717159272,-111.87417602539062,-1.2154528284072796,-17.374420166015625,-2.9245941638946533,3,0.2908259644951999,-12,0,0,tracking,0,0.0
1649,624.359000,24.740,1,0,0.001033,orb,1,0.9887165021156559,1.0,20,0,1,,,210.43661499023438,179.17352294921875,207.30921936035156,178.64709599971772,-112.69078063964844,-1.3529040002822796,-17.374420166015625,-2.9245941638946533,4,0.27057586030070835,-12,0,0,tracking,0,0.0
1650,624.390000,18.912,1,0,0.000486,orb,1,0.9896602658788775,1.0,20,0,1,,,209.89801025390625,179.08285522460938,206.77061462402344,178.55642827510835,-113.22938537597656,-1.4435717248916546,-17.374420166015625,-2.9245941638946533,5,0.25721940859798775,-12,0,0,tracking,0,0.0
1651,624.421000,42.077,1,0,0.000000,orb,1,0.9918032786885246,1.0,20,0,1,,,209.35940551757812,178.9921875,206.2320098876953,178.46576055049897,-113.76799011230469,-1.5342394495010296,-17.374420166015625,-2.9245941638946533,6,0.24386295689521822,-12,0,0,tracking,0,0.0
1652,624.468000,35.733,1,0,0.000000,orb,1,0.9933065595716198,1.0,20,0,1,,,208.5428009033203,178.854736328125,205.4154052734375,178.32830937862397,-114.5845947265625,-1.6716906213760296,-17.374420166015625,-2.9245941638946533,7,0.22361285270077563,-13,0,0,tracking,0,0.0
1653,624.515000,38.232,1,0,0.000113,orb,1,0.988950276243094,1.0,20,0,1,,,207.7261962890625,178.71728515625,204.5988006591797,178.19085820674897,-115.40119934082031,-1.8091417932510296,-17.374420166015625,-2.9245941638946533,8,0.20336274850628408,0,0,0,prediction_stale,0,0.0
1654,624.546000,17.819,1,0,0.000000,orb,1,0.9906914893617021,1.0,20,0,1,,,207.18759155273438,178.62661743164062,204.06019592285156,178.1001904821396,-115.93980407714844,-1.8998095178604046,-17.374420166015625,-2.9245941638946533,9,0.19000629680351452,0,0,0,prediction_stale,0,0.0
1655,624.578000,20.281,1,0,0.000000,orb,1,0.9958960328317373,1.0,20,0,1,,,206.63160705566406,178.5330352783203,203.50421142578125,178.00660832881928,-116.49578857421875,-1.9933916711807171,-17.374420166015625,-2.9245941638946533,10,0.17621899182007053,0,0,0,prediction_stale,0,0.0
1656,624.625000,36.570,1,0,0.000000,orb,1,0.993234100135318,1.0,20,0,1,,,205.81500244140625,178.3955841064453,202.68760681152344,177.86915715694428,-117.31239318847656,-2.130842843055717,-17.374420166015625,-2.9245941638946533,11,0.15596888762557895,0,0,0,prediction_stale,0,0.0
1657,624.656000,18.895,1,0,0.000972,orb,1,0.9929478138222849,1.0,20,0,1,,,205.27639770507812,178.30491638183594,202.1490020751953,177.7784894323349,-117.85099792480469,-2.221510567665092,-17.374420166015625,-2.9245941638946533,12,0.14261243592285838,0,0,0,prediction_stale,0,0.0
1658,624.703000,17.944,1,0,0.000000,orb,1,0.9946808510638298,1.0,20,0,1,,,,,,,,,0.0,0.0,13,0.0,0,0,0,lost,0,0.0
1659,624.734000,19.470,1,0,0.000000,orb,1,0.9919571045576407,1.0,,0,0,,,,,,,,,0.0,0.0,0,0.0,0,0,0,lost,0,0.0
1660,624.781000,43.023,1,0,0.000495,orb,1,0.9959514170040485,1.0,,0,0,,,,,,,,,0.0,0.0,0,0.0,0,0,0,lost,0,0.0
1661,624.812000,17.468,1,0,0.000972,orb,1,0.9973333333333333,1.0,,0,0,,,,,,,,,0.0,0.0,0,0.0,0,0,0,lost,0,0.0
1662,624.859000,25.329,1,0,0.001159,orb,1,0.9986522911051213,1.0,,0,0,,,,,,,,,0.0,0.0,0,0.0,0,0,0,lost,0,0.0
1663,624.890000,29.049,1,0,0.000000,orb,1,0.9946666666666667,1.0,,0,0,,,,,,,,,0.0,0.0,0,0.0,0,0,0,lost,0,0.0
1664,624.937000,20.263,1,0,0.000981,orb,1,0.9960264900662251,1.0,,0,0,,,,,,,,,0.0,0.0,0,0.0,0,0,0,lost,0,0.0
1665,624.984000,21.823,1,0,0.000486,orb,1,0.9986876640419947,1.0,,0,0,,,,,,,,,0.0,0.0,0,0.0,0,0,0,lost,0,0.0
1666,625.015000,28.391,1,0,0.001944,orb,1,0.99609375,1.0,,0,0,,,,,,,,,0.0,0.0,0,0.0,0,0,0,lost,0,0.0
1667,625.062000,64.260,1,1,0.004510,orb,1,0.9946808510638298,1.0,21,1,0,189.5,311.0,189.5,311.0,189.5,311.0,-130.5,131.0,0.0,0.0,0,0.7551229508196722,-14,-20,0,tracking,0,0.0
1668,625.109000,60.688,1,1,0.004184,orb,1,0.9987096774193548,1.0,21,1,0,186.0,310.0,186.9249725341797,310.2642822265625,186.9032336243987,310.258071109578,-133.0967663756013,130.258071109578,-0.12077172100543976,-0.03450620546936989,0,0.877389910552709,-15,-20,0,tracking,0,0.0
1670,625.187000,20.642,1,0,0.005512,orb,1,0.9973890339425587,1.0,21,0,1,,,186.91555786132812,310.2615966796875,186.89381895154713,310.255385562703,-133.10618104845287,130.255385562703,-0.12077172100543976,-0.03450620546936989,1,0.7918443942738478,-15,-20,0,tracking,0,0.0
1671,625.218000,34.960,1,0,0.000000,orb,1,0.9987179487179487,1.0,21,0,1,,,186.9118194580078,310.2605285644531,186.89008054822682,310.2543174474686,-133.10991945177318,130.25431744746862,-0.12077172100543976,-0.03450620546936989,2,0.7578455352399862,-15,-20,0,tracking,0,0.0
1672,625.250000,20.047,1,0,0.000686,orb,1,0.9974059662775616,1.0,21,0,1,,,186.907958984375,310.2594299316406,186.886220074594,310.2532188146561,-133.113779925406,130.25321881465612,-0.12077172100543976,-0.03450620546936989,3,0.7227499388178349,-15,-20,0,tracking,0,0.0
1673,625.296000,23.740,1,0,0.000195,orb,1,0.9961389961389961,1.0,21,0,1,,,186.90240478515625,310.2578430175781,186.88066587537526,310.2516319005936,-133.11933412462474,130.25163190059362,-0.12077172100543976,-0.03450620546936989,4,0.6723000189610003,-15,-20,0,tracking,0,0.0
1674,625.343000,20.319,1,0,0.000486,orb,1,0.9947643979057592,1.0,21,0,1,,,186.896728515625,310.2562255859375,186.874989605844,310.250014468953,-133.125010394156,130.250014468953,-0.12077172100543976,-0.03450620546936989,5,0.6207533617161254,-15,-20,0,tracking,0,0.0
1675,625.375000,44.900,1,0,0.001220,orb,1,0.9973684210526316,1.0,21,0,1,,,186.8928680419922,310.255126953125,186.8711291322112,310.2489158361405,-133.1288708677888,130.2489158361405,-0.12077172100543976,-0.03450620546936989,6,0.5856577652939742,-15,-20,0,tracking,0,0.0
1676,625.421000,36.963,1,0,0.001415,orb,1,0.9946452476572959,1.0,21,0,1,,,186.88731384277344,310.2535400390625,186.86557493299244,310.247328922078,-133.13442506700756,130.247328922078,-0.12077172100543976,-0.03450620546936989,7,0.5352078454371395,0,0,0,prediction_stale,0,0.0
1677,625.453000,22.046,1,0,0.001927,orb,1,0.9960369881109643,1.0,21,0,1,,,186.88345336914062,310.25244140625,186.86171445935963,310.2462302892655,-133.13828554064037,130.2462302892655,-0.12077172100543976,-0.03450620546936989,8,0.500112249015113,0,0,0,prediction_stale,0,0.0
1678,625.500000,23.543,1,0,0.002908,orb,1,0.9960629921259843,1.0,21,0,1,,,186.87777709960938,310.2508239746094,186.85603818982838,310.2446128576249,-133.14396181017162,130.24461285762487,-0.12077172100543976,-0.03450620546936989,9,0.44856559177011335,0,0,0,prediction_stale,0,0.0
1679,625.531000,42.165,1,0,0.005547,orb,1,0.9973333333333333,1.0,21,0,1,,,186.87403869628906,310.249755859375,186.85229978650807,310.2435447423905,-133.14770021349193,130.2435447423905,-0.12077172100543976,-0.03450620546936989,10,0.4145667327362518,0,0,0,prediction_stale,0,0.0
1680,625.578000,22.955,1,1,0.007326,orb,1,0.9933598937583001,1.0,21,0,1,,,186.8683624267578,310.2481384277344,186.84662351697682,310.2419273107499,-133.15337648302318,130.24192731074987,-0.12077172100543976,-0.03450620546936989,11,0.36302007549125215,0,0,0,prediction_stale,0,0.0
1681,625.625000,24.516,1,1,0.006285,orb,1,0.9986522911051213,1.0,21,0,1,,,186.86268615722656,310.24652099609375,186.84094724744557,310.24030987910925,-133.15905275255443,130.24030987910925,-0.12077172100543976,-0.03450620546936989,12,0.3114734182462526,0,0,0,prediction_stale,0,0.0
1682,625.656000,56.228,1,0,0.009523,orb,1,0.9986979166666666,1.0,21,0,1,,,,,,,,,0.0,0.0,13,0.0,0,0,0,lost,0,0.0
1683,625.703000,36.652,1,1,0.009648,orb,1,0.99055330634278,1.0,22,1,0,628.0,341.0,628.0,341.0,628.0,341.0,308.0,161.0,0.0,0.0,0,0.8246162280701754,20,-20,0,tracking,0,0.0
1685,625.781000,22.105,1,3,0.019054,orb,1,0.988950276243094,1.0,22,1,0,616.0,336.0,619.1622924804688,337.317626953125,619.0389281713963,337.2662251585722,299.03892817139626,157.26622515857218,-0.6853572726249695,-0.2855655252933502,0,0.6685798853183765,20,-20,0,tracking,0,0.0
1686,625.812000,26.949,1,3,0.014987,orb,1,0.9932614555256065,1.0,22,1,0,609.5,338.5,615.0323486328125,337.8164367675781,614.7666901636123,337.78261646419764,294.76669016361234,157.78261646419764,-1.4758803844451904,-0.18789057433605194,0,0.7475113099158219,20,-20,0,tracking,0,0.0
1687,625.859000,46.249,1,3,0.017643,orb,1,0.9931972789115646,1.0,22,1,0,603.0,336.0,611.307861328125,337.25531005859375,610.7259011936188,337.1736964195967,290.7259011936188,157.1736964195967,-3.23311185836792,-0.4534091055393219,0,0.7407290129034322,20,-20,0,tracking,0,0.0
1688,625.890000,21.448,1,3,0.016046,orb,1,0.9945578231292517,1.0,22,1,0,599.0,334.0,608.2673950195312,336.4605712890625,607.299486207962,336.27648471832276,287.299486207962,156.27648471832276,-5.3772711753845215,-1.0227031707763672,0,0.7337260699240986,20,-20,0,tracking,0,0.0
1689,625.937000,25.498,1,3,0.017739,orb,1,0.9958677685950413,1.0,22,1,0,595.0,332.5,605.3021850585938,335.5970764160156,603.7745713233948,335.2447295308113,283.77457132339475,155.2447295308113,-8.486742973327637,-1.9574826955795288,0,0.7253505849625239,20,-20,0,tracking,0,0.0
1690,625.984000,43.918,1,3,0.016441,orb,1,0.992603550295858,1.0,22,1,0,590.5,331.0,602.1470947265625,334.6429748535156,599.861095790863,334.05342050552366,279.86109579086303,154.05342050552366,-12.699994087219238,-3.275301933288574,0,0.7265743329616288,20,-20,0,tracking,0,0.0
1691,626.015000,23.571,1,3,0.016532,orb,1,0.9924357034795764,1.0,22,1,0,585.5,330.5,598.9114379882812,333.83477783203125,595.7316056442261,333.02297015190123,275.7316056442261,153.02297015190123,-17.665735244750977,-4.510042667388916,0,0.73658737719912,20,-20,0,tracking,0,0.0
1692,626.062000,24.553,1,2,0.016437,orb,1,0.9860896445131375,1.0,22,1,0,580.0,329.5,594.9571533203125,332.91046142578125,590.6517036819458,331.8419946670532,270.65170368194583,151.8419946670532,-23.919164657592773,-5.93592643737793,0,0.7335779935924331,20,-20,0,tracking,0,0.0
1693,626.093000,45.632,1,2,0.012261,orb,1,0.9861325115562404,0.9964670138888889,22,1,0,575.5,329.5,591.1434936523438,332.19683837890625,585.6676969146729,330.9266122531891,265.6676969146729,150.9266122531891,-30.421092987060547,-7.056811809539795,0,0.7563691772883216,20,-20,0,tracking,0,0.0
1694,626.140000,33.413,1,3,0.012834,orb,1,0.9754601226993865,0.9989756944444445,22,1,0,565.0,335.5,585.5697631835938,332.4746398925781,578.4410321807861,331.4475231838226,258.4410321807861,151.44752318382263,-39.604061126708984,-5.706203937530518,0,0.7078072328039914,20,-20,0,tracking,0,0.0
1695,626.171000,46.914,1,2,0.016374,orb,1,0.9763779527559056,0.995859375,22,0,1,,,584.342041015625,332.2977600097656,577.2133100128174,331.2706433010101,257.2133100128174,151.27064330101013,-39.604061126708984,-5.706203937530518,1,0.6803797025327812,20,-20,0,tracking,0,0.0
1697,626.265000,20.359,1,4,0.049093,orb,1,0.9176672384219554,0.9989409722222222,22,1,0,565.5,327.0,577.2120971679688,330.6883850097656,568.7881748962402,329.25338438987734,248.7881748962402,149.25338438987734,-46.79956817626953,-7.972225666046143,0,0.7432369861876156,20,-20,0,tracking,0,0.0
1698,626.296000,18.084,1,2,0.019201,orb,1,0.9867452135493373,1.0,22,1,0,549.5,348.0,570.4012451171875,334.02508544921875,559.9942095947266,333.91602806448935,239.9942095947266,153.91602806448935,-57.816864013671875,-0.6058743596076965,0,0.5694366616521822,20,-20,0,tracking,0,0.0
1699,626.343000,45.354,1,2,0.019553,orb,1,0.9871060171919771,1.0,22,1,0,547.0,347.5,563.5908813476562,336.668701171875,551.7301760864258,337.5086683559418,231.7301760864258,157.50866835594178,-65.89280700683594,4.666484355926514,0,0.6072405574336973,20,-20,0,tracking,0,0.0
1700,626.375000,30.529,1,1,0.020508,orb,1,0.974025974025974,1.0,22,0,1,,,561.4822998046875,336.8180236816406,549.621594543457,337.6579908657074,229.62159454345704,157.6579908657074,-65.89280700683594,4.666484355926514,1,0.5829509351363197,20,-20,0,tracking,0,0.0
1701,626.421000,27.202,1,1,0.019271,orb,1,0.9824817518248176,1.0,22,0,1,,,558.4512329101562,337.0326843261719,546.5905276489258,337.87265151023865,226.5905276489258,157.87265151023865,-65.89280700683594,4.666484355926514,2,0.5480346030838449,20,-20,0,tracking,0,0.0
1702,626.453000,16.774,1,2,0.017808,orb,1,0.9700598802395209,1.0,22,0,1,,,556.3426513671875,337.1820068359375,544.481946105957,338.0219740200043,224.48194610595704,158.02197402000428,-65.89280700683594,4.666484355926514,3,0.5237449807865536,20,-20,0,tracking,0,0.0
1703,626.500000,22.377,1,1,0.012847,orb,1,0.9826839826839827,1.0,22,0,1,,,553.2456665039062,337.4013366699219,541.3849612426758,338.24130385398865,221.3849612426758,158.24130385398865,-65.89280700683594,4.666484355926514,4,0.48806959803730454,20,-20,0,tracking,0,0.0
1704,626.546000,25.132,1,1,0.009896,orb,1,0.9801418439716312,1.0,22,0,1,,,550.214599609375,337.6159973144531,538.3538943481445,338.4559644985199,218.35389434814454,158.4559644985199,-65.89280700683594,4.666484355926514,5,0.45315326598482963,20,-20,0,tracking,0,0.0
1705,626.578000,45.977,1,1,0.005985,orb,1,0.9945205479452055,1.0,22,0,1,,,548.1060180664062,337.76531982421875,536.2453128051758,338.60528700828553,216.2453128051758,158.60528700828553,-65.89280700683594,4.666484355926514,6,0.4288636436875384,20,-20,0,tracking,0,0.0
1706,626.625000,24.916,1,0,0.004392,orb,1,0.9823269513991163,0.9991666666666666,22,0,1,,,545.009033203125,337.9846496582031,533.1483279418945,338.8246168422699,213.14832794189454,158.8246168422699,-65.89280700683594,4.666484355926514,7,0.39318826093828935,20,-20,0,tracking,0,0.0
1707,626.656000,43.687,1,3,0.039184,orb,1,0.8180379746835443,0.9897005208333334,22,0,1,,,542.9663696289062,338.1293029785156,531.1056643676758,338.9692701625824,211.1056643676758,158.9692701625824,-65.89280700683594,4.666484355926514,8,0.3696576893377722,0,0,0,prediction_stale,0,0.0
1708,626.703000,25.328,1,0,0.007442,orb,1,0.9598715890850722,0.9931684027777777,22,0,1,,,539.869384765625,338.3486328125,528.0086795043945,339.1885999965668,208.00867950439454,159.18859999656678,-65.89280700683594,4.666484355926514,9,0.3339823065885232,0,0,0,prediction_stale,0,0.0
1709,626.734000,19.721,1,0,0.003131,orb,1,0.9744,0.9925868055555556,22,0,1,,,537.8267211914062,338.4932861328125,525.9660159301758,339.3332533168793,205.9660159301758,159.33325331687928,-65.89280700683594,4.666484355926514,10,0.3104517349879198,0,0,0,prediction_stale,0,0.0
1710,626.781000,51.299,1,0,0.004324,orb,1,0.9511811023622048,0.9996614583333333,22,0,1,,,534.729736328125,338.7126159667969,522.8690310668945,339.55258315086365,202.86903106689454,159.55258315086365,-65.89280700683594,4.666484355926514,11,0.274776352238757,0,0,0,prediction_stale,0,0.0
1711,626.812000,23.170,1,0,0.005775,orb,1,0.8591549295774648,0.9927777777777778,22,0,1,,,532.6870727539062,338.8572692871094,520.8263674926758,339.69723647117615,200.8263674926758,159.69723647117615,-65.89280700683594,4.666484355926514,12,0.2512457806381536,0,0,0,prediction_stale,0,0.0
1712,626.859000,37.564,1,4,0.043254,orb,1,0.8514376996805112,0.9914019097222222,22,1,0,550.5,322.0,539.6753540039062,330.8402099609375,529.8256967926026,330.03780477523804,209.82569679260257,150.03780477523804,-54.72031784057617,-4.457806587219238,0,0.7071444880194337,20,-20,0,tracking,0,0.0
1713,626.906000,23.664,1,0,0.002702,orb,1,0.9715189873417721,0.9991579861111111,22,0,1,,,537.103515625,330.6307067871094,527.2538584136963,329.8283016014099,207.25385841369632,149.82830160140992,-54.72031784057617,-4.457806587219238,1,0.66559974934837,20,-20,0,tracking,0,0.0
1714,626.937000,20.921,1,0,0.002417,orb,1,0.9750390015600624,0.9985850694444445,22,0,1,,,535.4071655273438,330.4925231933594,525.5575083160401,329.6901180076599,205.55750831604007,149.69011800765992,-54.72031784057617,-4.457806587219238,2,0.6381979004375614,20,-20,0,tracking,0,0.0
1715,626.984000,44.913,1,0,0.001745,orb,1,0.978978978978979,1.0,22,0,1,,,532.8353271484375,330.28302001953125,522.9856699371338,329.4806148338318,202.98566993713382,149.4806148338318,-54.72031784057617,-4.457806587219238,3,0.5966531617663973,20,-20,0,tracking,0,0.0
1716,627.015000,29.035,1,0,0.000508,orb,1,0.9876543209876543,0.9997048611111111,22,0,1,,,531.1389770507812,330.14483642578125,521.2893198394776,329.3424312400818,201.28931983947757,149.3424312400818,-54.72031784057617,-4.457806587219238,4,0.5692513128556892,20,-20,0,tracking,0,0.0
1717,627.062000,33.149,1,0,0.000647,orb,1,0.97339593114241,1.0,22,0,1,,,528.567138671875,329.9353332519531,518.7174814605713,329.13292806625367,198.71748146057132,149.13292806625367,-54.72031784057617,-4.457806587219238,5,0.5277065741845249,20,-20,0,tracking,0,0.0
1718,627.093000,16.852,1,1,0.007545,orb,1,0.8722139673105498,0.9992361111111111,22,1,0,550.0,342.5,536.9360961914062,335.32513427734375,528.7258586883545,335.42311866641046,208.7258586883545,155.42311866641046,-45.612430572509766,0.5443577170372009,0,0.753206774192819,20,-20,0,tracking,0,0.0
1719,627.140000,22.539,1,1,0.015357,orb,1,0.96,0.997109375,22,1,0,571.0,321.0,546.4212036132812,330.7416687011719,540.041068649292,330.1143028020859,220.04106864929201,150.1143028020859,-35.445194244384766,-3.485366106033325,0,0.5139038894320207,20,-20,0,tracking,0,0.0
1720,627.187000,34.858,1,1,0.018394,orb,1,0.9866071428571429,1.0,22,1,0,578.5,319.5,553.4713745117188,327.71649169921875,548.4213666534424,326.6524667644501,228.42136665344242,146.65246676445008,-28.055599212646484,-5.91124963760376,0,0.5516199550947296,20,-20,0,tracking,0,0.0
1721,627.218000,27.092,1,1,0.020137,orb,1,0.9694656488549618,0.9962065972222223,22,1,0,587.0,322.0,559.9595336914062,326.34967041015625,556.012059135437,325.10829481124875,236.01205913543697,145.10829481124875,-21.9304141998291,-6.896531105041504,0,0.6170348851629568,20,-20,0,tracking,0,0.0
1722,627.250000,18.771,1,2,0.012280,orb,1,0.9726688102893891,0.9985069444444444,22,1,0,584.0,325.5,563.8106079101562,326.01324462890625,560.5338428497314,324.75481910705565,240.5338428497314,144.75481910705565,-18.20425033569336,-6.991252899169922,0,0.7272505863281788,20,-20,0,tracking,0,0.0
1723,627.296000,40.043,1,3,0.023494,orb,1,0.9493670886075949,0.9935329861111111,22,1,0,590.0,327.0,567.4445190429688,325.9081115722656,564.8119685745239,324.6808720302582,244.81196857452392,144.68087203025817,-14.625280380249023,-6.817997455596924,0,0.6931949963472365,20,-20,0,tracking,0,0.0
1724,627.343000,18.215,1,1,0.012840,orb,1,0.9644588045234249,0.996875,22,1,0,594.0,329.0,570.878173828125,326.1038513183594,568.8270922851563,324.94944409370424,248.82709228515625,144.94944409370424,-11.3948974609375,-6.4133734703063965,0,0.6913956483590223,20,-20,0,tracking,0,0.0
1725,627.375000,21.592,1,2,0.029019,orb,1,0.9380952380952381,0.9932769097222223,22,1,0,593.5,333.0,573.6669921875,326.8728332519531,572.0550925445557,325.85410580635073,252.0550925445557,145.85410580635073,-8.954998016357422,-5.659596920013428,0,0.6872766276906687,20,-20,0,tracking,0,0.0
1726,627.421000,45.172,1,2,0.023224,orb,1,0.9354304635761589,0.996875,22,1,0,595.0,337.5,576.0455322265625,328.0096435546875,574.8155914211274,327.1821598434448,254.81559142112735,147.18215984344482,-6.833004474639893,-4.597131729125977,0,0.6517447804229343,20,-20,0,tracking,0,0.0
1727,627.453000,27.351,1,2,0.017098,orb,1,0.9810725552050473,0.996875,22,1,0,606.5,324.0,579.4678955078125,327.404052734375,578.7308012962342,326.51450665473936,258.7308012962342,146.51450665473936,-4.094967842102051,-4.941922664642334,0,0.6578246698933748,20,-20,0,tracking,0,0.0
1728,627.500000,38.523,1,3,0.034740,orb,1,0.8260869565217391,0.9914800347222222,22,1,0,609.5,322.0,582.6892700195312,326.587646484375,582.4072488737106,325.62023197174074,262.4072488737106,145.62023197174074,-1.566784143447876,-5.37452507019043,0,0.6708262223894155,20,-20,0,tracking,0,0.0
1729,627.531000,18.411,1,2,0.005612,orb,1,0.9881481481481481,1.0,22,1,0,608.5,336.5,585.3748168945312,327.4866943359375,585.45382799685,326.65999606132505,265.45382799685,146.65999606132505,0.4389505684375763,-4.59276819229126,0,0.626788359126128,20,-20,0,tracking,0,0.0
1730,627.578000,20.048,1,0,0.005938,orb,1,0.9972972972972973,1.0,22,0,1,,,585.3954467773438,327.2708435058594,585.4744578796625,326.4441452312469,265.4744578796625,146.44414523124692,0.4389505684375763,-4.59276819229126,1,0.5899645430274479,20,-20,0,tracking,0,0.0
1731,627.625000,37.420,1,1,0.006389,orb,1,0.9871428571428571,1.0,22,0,1,,,585.4160766601562,327.05499267578125,585.495087762475,326.2282944011688,265.495087762475,146.2282944011688,0.4389505684375763,-4.59276819229126,2,0.553140726928768,20,-20,0,tracking,0,0.0
1732,627.656000,27.765,1,1,0.010404,orb,1,0.9905405405405405,1.0,22,0,1,,,585.4296875,326.9126281738281,585.5086986023188,326.08592989921567,265.50869860231876,146.08592989921567,0.4389505684375763,-4.59276819229126,3,0.5288526780126704,20,-20,0,tracking,0,0.0
1733,627.703000,25.132,1,0,0.004115,orb,1,0.9972489683631361,1.0,22,0,1,,,585.4503173828125,326.69677734375,585.5293284851313,325.87007906913755,265.52932848513126,145.87007906913755,0.4389505684375763,-4.59276819229126,4,0.4920288619139905,20,-20,0,tracking,0,0.0
1734,627.734000,31.294,1,0,0.004840,orb,1,0.9788961038961039,0.9998871527777777,22,0,1,,,585.4639282226562,326.5544128417969,585.542939324975,325.7277145671844,265.542939324975,145.72771456718442,0.4389505684375763,-4.59276819229126,5,0.46774081299780385,20,-20,0,tracking,0,0.0
1735,627.781000,18.450,1,1,0.018023,orb,1,0.9485981308411215,0.9921701388888889,22,0,1,,,585.4845581054688,326.33856201171875,585.5635692077875,325.5118637371063,265.5635692077875,145.5118637371063,0.4389505684375763,-4.59276819229126,6,0.430916996899213,20,-20,0,tracking,0,0.0
1736,627.812000,32.094,1,0,0.021893,orb,1,0.8057784911717496,0.9975911458333333,22,0,1,,,585.4981689453125,326.1961975097656,585.5771800476313,325.36949923515317,265.57718004763126,145.36949923515317,0.4389505684375763,-4.59276819229126,7,0.40662894798302635,20,-20,0,tracking,0,0.0
1737,627.859000,37.530,1,0,0.029651,orb,1,0.8659127625201939,0.9959722222222223,22,0,1,,,585.518798828125,325.9803466796875,585.5978099304438,325.15364840507505,265.59780993044376,145.15364840507505,0.4389505684375763,-4.59276819229126,8,0.3698051318843464,0,0,0,prediction_stale,0,0.0
1738,627.890000,30.235,1,0,0.016495,orb,1,0.8580750407830342,0.9975173611111111,22,0,1,,,585.5324096679688,325.8379821777344,585.6114207702875,325.0112839031219,265.6114207702875,145.01128390312192,0.4389505684375763,-4.59276819229126,9,0.34551708296824885,0,0,0,prediction_stale,0,0.0
1739,627.937000,19.658,1,0,0.023434,orb,1,0.8333333333333334,0.9981076388888889,22,0,1,,,585.5530395507812,325.62213134765625,585.6320506531,324.7954330730438,265.6320506531,144.7954330730438,0.4389505684375763,-4.59276819229126,10,0.3086932668695688,0,0,0,prediction_stale,0,0.0
1740,627.968000,31.890,1,0,0.017210,orb,1,0.7689873417721519,0.9868446180555556,22,0,1,,,585.566650390625,325.4797668457031,585.6456614929438,324.65306857109067,265.64566149294376,144.65306857109067,0.4389505684375763,-4.59276819229126,11,0.2844052179534713,0,0,0,prediction_stale,0,0.0
1741,628.015000,20.849,1,0,0.018073,orb,1,0.933993399339934,0.996875,22,0,1,,,585.5872802734375,325.263916015625,585.6662913757563,324.43721774101255,265.66629137575626,144.43721774101255,0.4389505684375763,-4.59276819229126,12,0.24758140185479133,0,0,0,prediction_stale,0,0.0
1742,628.062000,27.452,1,0,0.027472,orb,1,0.8108552631578947,0.9920052083333334,22,0,1,,,,,,,,,0.0,0.0,13,0.0,0,0,0,lost,0,0.0
1743,628.093000,39.370,1,0,0.020289,orb,1,0.9320695102685624,0.996875,,0,0,,,,,,,,,0.0,0.0,0,0.0,0,0,0,lost,0,0.0
1744,628.140000,27.708,1,0,0.021070,orb,1,0.8424336973478939,0.9934895833333334,,0,0,,,,,,,,,0.0,0.0,0,0.0,0,0,0,lost,0,0.0
1746,628.218000,46.342,1,2,0.039492,orb,1,0.976897689768977,0.9897829861111112,23,1,0,614.0,336.0,614.0,336.0,614.0,336.0,294.0,156.0,0.0,0.0,0,0.7474247685185186,20,-20,0,tracking,0,0.0
1747,628.250000,36.210,1,2,0.024743,orb,1,0.952,0.996875,23,1,0,608.5,337.0,609.9547729492188,336.7355041503906,609.9314952856303,336.7397364529222,289.93149528563026,156.73973645292222,-0.12932035326957703,0.023512791842222214,0,0.8624816038510684,20,-20,0,tracking,0,0.0
1748,628.296000,20.349,1,1,0.017499,orb,1,0.734959349593496,0.9906076388888889,23,0,1,,,609.9488525390625,336.736572265625,609.925574875474,336.7408045681566,289.925574875474,156.7408045681566,-0.12932035326957703,0.023512791842222214,1,0.812888911629579,20,-20,0,tracking,0,0.0
1749,628.328000,32.325,1,4,0.038049,orb,1,0.9055374592833876,0.9949262152777778,23,1,0,622.0,341.0,615.135009765625,338.57257080078125,615.4083861732483,338.6816978049278,295.40838617324835,158.6816978049278,1.5187578201293945,0.606261134147644,0,0.8455040193201476,20,-20,0,tracking,0,0.0
1750,628.375000,19.132,1,6,0.061341,orb,1,0.8109965635738832,0.9969574652777777,23,1,0,602.5,329.5,611.266357421875,335.7789611816406,611.1204953444004,335.5878053164482,291.1204953444004,155.58780531644823,-0.8103448748588562,-1.0619770288467407,0,0.6404219305702252,20,-20,0,tracking,0,0.0
1751,628.421000,17.887,1,5,0.050951,orb,1,0.9437819420783645,0.9966753472222222,23,1,0,586.5,329.0,605.0562744140625,334.0501403808594,603.8839294338227,333.57962354183195,283.8839294338227,153.57962354183195,-6.513027667999268,-2.6139824390411377,0,0.6724834493155867,20,-20,0,tracking,0,0.0
1752,628.453000,43.661,1,4,0.053606,orb,1,0.8680555555555556,0.9988020833333333,23,1,0,583.0,327.0,600.2428588867188,332.4981384277344,598.0940094947815,331.71624935150146,278.0940094947815,151.71624935150146,-11.9380521774292,-4.343828201293945,0,0.6815734983008528,20,-20,0,tracking,0,0.0
1753,628.500000,29.078,1,5,0.050308,orb,1,0.9380378657487092,0.9973350694444445,23,1,0,578.0,333.5,595.4888916015625,332.5271911621094,592.1813957214356,331.8097505044937,272.1813957214356,151.8097505044937,-18.374977111816406,-3.98578143119812,0,0.7686019705536689,20,-20,0,tracking,0,0.0
1754,628.562000,22.300,1,4,0.042595,orb,1,0.9407894736842105,0.9932769097222223,23,0,1,,,594.3496704101562,332.2800598144531,591.0421745300293,331.56261915683746,271.04217453002934,151.56261915683746,-18.374977111816406,-3.98578143119812,1,0.7090353178357481,20,-20,0,tracking,0,0.0
1755,628.578000,40.243,1,5,0.053740,orb,1,0.9089376053962901,0.996875,23,0,1,,,594.0556640625,332.2162780761719,590.7481681823731,331.4988374185562,270.7481681823731,151.4988374185562,-18.374977111816406,-3.98578143119812,2,0.6936632784247106,20,-20,0,tracking,0,0.0
1757,628.656000,17.338,1,6,0.082892,orb,1,0.9418803418803419,0.9875260416666667,23,1,0,589.5,318.5,591.8208618164062,328.46405029296875,588.2303261947632,326.53145011901853,268.23032619476317,146.53145011901853,-19.947420120239258,-10.73666763305664,0,0.6672309783495689,20,-20,0,tracking,0,0.0
1758,628.703000,20.761,1,5,0.045015,orb,1,0.9288025889967637,0.9941796875,23,1,0,580.5,324.0,588.4341430664062,327.0254821777344,583.9834109115601,324.7648669815064,263.9834109115601,144.76486698150637,-24.726289749145508,-12.55897331237793,0,0.853820745377154,20,-20,0,tracking,0,0.0
1759,628.734000,51.064,1,3,0.024343,orb,1,0.9786259541984733,0.996875,23,1,0,587.0,326.5,587.5272827148438,326.6075134277344,583.0275048446655,324.3368967247009,263.0275048446655,144.33689672470092,-24.99876594543457,-12.614537239074707,0,0.8531870350601964,20,-20,0,tracking,0,0.0
1760,628.781000,37.724,1,2,0.014581,orb,1,0.9903047091412742,0.996875,23,1,0,593.5,324.0,587.7916870117188,325.60894775390625,583.7891767883301,323.1981722831726,263.7891767883301,143.1981722831726,-22.236167907714844,-13.393197059631348,0,0.7610729872536347,20,-20,0,tracking,0,0.0
1762,628.859000,53.204,1,3,0.032240,orb,1,0.9798850574712644,0.9997309027777778,23,1,0,606.5,325.5,590.40771484375,324.7633972167969,587.8471938323975,322.41862623214723,267.84719383239747,142.41862623214723,-14.225116729736328,-13.026505470275879,0,0.7416386250811953,20,-20,0,tracking,0,0.0
1763,628.890000,31.379,1,1,0.005230,orb,1,0.9931972789115646,1.0,23,1,0,599.5,335.0,591.80126953125,326.4071960449219,589.8367642021179,324.72765907287595,269.83676420211793,144.72765907287595,-10.913918495178223,-9.330760955810547,0,0.7056401121332925,20,-20,0,tracking,0,0.0
1764,628.937000,27.133,1,0,0.002912,orb,1,0.997289972899729,1.0,23,0,1,,,591.288330078125,325.9686584472656,589.3238247489929,324.2891214752197,269.32382474899293,144.2891214752197,-10.913918495178223,-9.330760955810547,1,0.6641837555454391,20,-20,0,tracking,0,0.0
1765,628.984000,35.666,1,0,0.003568,orb,1,0.996,1.0,23,0,1,,,590.775390625,325.5301208496094,588.8108852958679,323.85058387756345,268.81088529586793,143.85058387756345,-10.913918495178223,-9.330760955810547,2,0.6227273989575857,20,-20,0,tracking,0,0.0
1766,629.015000,20.201,1,0,0.002904,orb,1,0.9931129476584022,1.0,23,0,1,,,590.4370727539062,325.2408752441406,588.4725674247742,323.5613382720947,268.4725674247742,143.5613382720947,-10.913918495178223,-9.330760955810547,3,0.5953838446124655,20,-20,0,tracking,0,0.0
1767,629.062000,18.496,1,0,0.002027,orb,1,1.0,1.0,23,0,1,,,589.9241333007812,324.8023376464844,587.9596279716492,323.12280067443845,267.9596279716492,143.12280067443845,-10.913918495178223,-9.330760955810547,4,0.5539274880246121,20,-20,0,tracking,0,0.0
1768,629.093000,37.469,1,0,0.001421,orb,1,0.975,0.998828125,23,0,1,,,589.5858154296875,324.5130920410156,587.6213101005554,322.8335550689697,267.62131010055543,142.8335550689697,-10.913918495178223,-9.330760955810547,5,0.526583933679492,20,-20,0,tracking,0,0.0
1769,629.125000,18.413,1,1,0.026736,orb,1,0.9494290375203915,0.9967534722222222,23,0,1,,,589.236572265625,324.2145080566406,587.2720669364929,322.5349710845947,267.27206693649293,142.5349710845947,-10.913918495178223,-9.330760955810547,6,0.49835832919412576,20,-20,0,tracking,0,0.0
1770,629.187000,17.644,1,1,0.016180,orb,1,0.9642276422764228,0.9960112847222222,23,0,1,,,588.5599365234375,323.635986328125,586.5954311943054,321.9564493560791,266.59543119430543,141.95644935607908,-10.913918495178223,-9.330760955810547,7,0.44367122050378516,20,-20,0,tracking,0,0.0
1771,629.218000,45.361,1,2,0.020435,orb,1,0.9429477020602218,0.99953125,23,0,1,,,588.2216186523438,323.34674072265625,586.2571133232117,321.6672037506103,266.2571133232117,141.66720375061033,-10.913918495178223,-9.330760955810547,8,0.416327666158665,0,0,0,prediction_stale,0,0.0
1772,629.250000,21.686,1,2,0.018064,orb,1,0.8851674641148325,0.9920920138888889,23,0,1,,,587.8723754882812,323.04815673828125,585.9078701591492,321.3686197662353,265.9078701591492,141.36861976623533,-10.913918495178223,-9.330760955810547,9,0.3881020616732988,0,0,0,prediction_stale,0,0.0
1773,629.296000,19.352,1,1,0.016928,orb,1,0.9678972712680578,0.996875,23,0,1,,,587.370361328125,322.6189270019531,585.4058559989929,320.9393900299072,265.40585599899293,140.9393900299072,-10.913918495178223,-9.330760955810547,10,0.3475277552255912,0,0,0,prediction_stale,0,0.0
1774,629.343000,43.368,1,1,0.013231,orb,1,0.9477848101265823,0.9978993055555555,23,0,1,,,586.857421875,322.1803894042969,584.8929165458679,320.50085243225095,264.89291654586793,140.50085243225095,-10.913918495178223,-9.330760955810547,11,0.30607139863783805,0,0,0,prediction_stale,0,0.0
1775,629.375000,17.763,1,0,0.009098,orb,1,0.8690095846645367,0.9946440972222222,23,0,1,,,586.5081787109375,321.8818054199219,584.5436733818054,320.20226844787595,264.54367338180543,140.20226844787595,-10.913918495178223,-9.330760955810547,12,0.2778457941524719,0,0,0,prediction_stale,0,0.0
1776,629.421000,20.907,1,2,0.020521,orb,1,0.834920634920635,0.9902517361111111,23,0,1,,,,,,,,,0.0,0.0,13,0.0,0,0,0,lost,0,0.0
1777,629.453000,49.038,1,1,0.020449,orb,1,0.9264705882352942,0.9984288194444444,24,1,0,177.0,19.0,177.0,19.0,177.0,19.0,-143.0,-161.0,0.0,0.0,0,0.8069444444444445,-16,20,0,tracking,0,0.0
1778,629.500000,37.787,1,2,0.019783,orb,1,0.9282371294851794,0.9940972222222222,24,1,0,67.5,19.5,96.43829345703125,19.367860794067383,95.75817614555359,19.370966352559627,-224.2418238544464,-160.62903364744037,-3.7784295082092285,0.017253102734684944,0,0.2705254318062764,-20,20,0,tracking,0,0.0
1779,629.531000,22.278,1,1,0.016802,orb,1,0.9449685534591195,0.9986805555555556,24,1,0,67.5,20.0,84.05885314941406,19.63711929321289,83.01957878112793,19.64809564754367,-236.98042121887207,-160.35190435245633,-5.773746490478516,0.06097974628210068,0,0.7486276833052532,-20,20,0,tracking,0,0.0
1780,629.578000,19.270,1,1,0.011003,orb,1,0.926905132192846,0.996015625,24,1,0,67.0,19.5,78.67354583740234,19.597341537475586,77.21563554763794,19.60482700750232,-242.78436445236207,-160.3951729924977,-8.099501609802246,0.04158594459295273,0,0.844034454855906,-20,20,0,tracking,0,0.0
1781,629.625000,39.393,1,0,0.010525,orb,1,0.8665620094191523,0.99921875,24,0,1,,,78.2928695678711,19.59929656982422,76.8349592781067,19.606782039850952,-243.16504072189332,-160.39321796014906,-8.099501609802246,0.04158594459295273,1,0.7944474306330946,-20,20,0,tracking,0,0.0
1782,629.656000,18.134,1,1,0.018019,orb,1,0.8839137645107794,0.9931163194444445,24,1,0,67.5,19.5,75.34999084472656,19.574901580810547,73.39443490982056,19.577638693973423,-246.60556509017943,-160.42236130602657,-10.8641996383667,0.01520618423819542,0,0.8449626092518557,-20,20,0,tracking,0,0.0
1783,629.703000,20.708,1,1,0.016373,orb,1,0.9098228663446055,0.9967100694444444,24,1,0,67.5,18.0,73.20781707763672,19.22535514831543,70.85497560501099,19.142802966833116,-249.145024394989,-160.85719703316687,-13.071341514587402,-0.4586232304573059,0,0.9004215969093651,-20,20,0,tracking,0,0.0
1784,629.734000,44.736,1,0,0.012968,orb,1,0.9484702093397746,0.9950651041666667,24,0,1,,,72.80260467529297,19.211137771606445,70.44976320266724,19.128585590124132,-249.55023679733276,-160.87141440987585,-13.071341514587402,-0.4586232304573059,1,0.8655302600290565,-20,20,0,tracking,0,0.0
1785,629.796000,21.356,1,2,0.035211,orb,1,0.8381877022653722,0.9991840277777778,24,1,0,67.5,17.0,70.95516967773438,18.678831100463867,68.2688543510437,18.43424743413925,-251.7311456489563,-161.56575256586075,-14.92397403717041,-1.3587981462478638,0,0.8893352531546107,-20,20,0,tracking,0,0.0
1786,629.812000,20.210,1,3,0.039781,orb,1,0.8620689655172413,0.9900130208333333,24,0,1,,,70.71638488769531,18.65709114074707,68.03006956100464,18.412507474422455,-251.96993043899536,-161.58749252557755,-14.92397403717041,-1.3587981462478638,1,0.8715485480915599,-20,20,0,tracking,0,0.0
1787,629.875000,36.048,1,5,0.046220,orb,1,0.8172757475083057,0.9909678819444444,24,1,0,101.0,12.5,77.1729507446289,17.133180618286133,77.0387356877327,16.392339811325073,-242.9612643122673,-163.6076601886749,-0.7456392049789429,-4.115782260894775,0,0.657806987892597,-20,20,0,tracking,0,0.0
1788,629.890000,24.589,1,3,0.052978,orb,1,0.9574803149606299,0.9940842013888889,24,0,1,,,77.1617660522461,17.071443557739258,77.02755099534988,16.330602750778198,-242.97244900465012,-163.6693972492218,-0.7456392049789429,-4.115782260894775,1,0.645473106869622,-20,20,0,tracking,0,0.0
1789,629.937000,25.724,1,4,0.057294,orb,1,0.8042071197411004,0.9967013888888889,24,1,0,75.5,26.5,76.75031280517578,19.104454040527344,76.4854018998146,19.136673110723496,-243.5145981001854,-160.8633268892765,-1.4717272520065308,0.17899483442306519,0,0.6737257628026629,-20,20,0,tracking,0,0.0
1790,629.984000,47.432,1,4,0.045860,orb,1,0.9237012987012987,0.9933637152777778,24,1,0,65.5,17.0,74.2538070678711,18.6541805267334,73.15347386360169,18.528532359600067,-246.84652613639832,-161.47146764039994,-6.112962245941162,-0.6980453729629517,0,0.8246003816578383,-20,20,0,tracking,0,0.0
1791,630.015000,17.794,1,5,0.077299,orb,1,0.8016528925619835,0.9895789930555555,24,1,0,69.0,62.0,73.06990814208984,27.147972106933594,71.62995878219604,29.9305765914917,-248.37004121780396,-150.0694234085083,-7.99971866607666,15.458913803100586,0,0.5290980719644398,-20,20,0,tracking,0,0.0
1792,630.062000,18.680,1,4,0.032458,orb,1,0.8932038834951457,0.9935286458333333,24,1,0,65.5,17.5,71.32762908935547,25.904176712036133,69.42824831008912,28.024223556518553,-250.57175168991088,-151.97577644348144,-10.552115440368652,11.778038024902344,0,0.7761112669302337,-20,20,0,tracking,0,0.0
1793,630.093000,41.970,1,2,0.017604,orb,1,0.9510791366906475,1.0,24,0,1,,,71.0005111694336,26.269296646118164,69.10113039016724,28.389343490600584,-250.89886960983276,-151.6106565093994,-10.552115440368652,11.778038024902344,1,0.7460369553367365,-20,20,0,tracking,0,0.0
1794,630.140000,31.573,1,1,0.015035,orb,1,0.9580514208389715,0.9982638888888888,24,0,1,,,70.50456237792969,26.822864532470703,68.60518159866334,28.942911376953123,-251.39481840133666,-151.05708862304687,-10.552115440368652,11.778038024902344,2,0.7004404184045606,-20,20,0,tracking,0,0.0
1795,630.171000,23.876,1,1,0.012973,orb,1,0.979757085020243,0.9973003472222223,24,0,1,,,70.17744445800781,27.187984466552734,68.27806367874146,29.308031311035155,-251.72193632125854,-150.69196868896483,-10.552115440368652,11.778038024902344,3,0.6703661068109532,-20,20,0,tracking,0,0.0
1796,630.218000,36.807,1,1,0.012010,orb,1,0.9839142091152815,0.9978298611111112,24,0,1,,,69.6814956665039,27.741552352905273,67.78211488723755,29.861599197387694,-252.21788511276245,-150.1384008026123,-10.552115440368652,11.778038024902344,4,0.6247695698788875,-20,20,0,tracking,0,0.0
1797,630.265000,28.703,1,1,0.007918,orb,1,0.9840213049267643,0.9982465277777778,24,0,1,,,69.185546875,28.295120239257812,67.28616609573365,30.415167083740233,-252.71383390426635,-149.58483291625976,-10.552115440368652,11.778038024902344,5,0.5791730329467116,-20,20,0,tracking,0,0.0
1798,630.296000,20.889,1,0,0.009170,orb,1,0.9877049180327869,0.9977690972222222,24,0,1,,,68.85842895507812,28.660240173339844,66.95904817581177,30.780287017822264,-253.04095182418823,-149.21971298217773,-10.552115440368652,11.778038024902344,6,0.5490987213531041,-20,20,0,tracking,0,0.0
1799,630.359000,39.547,1,0,0.006289,orb,1,0.9943502824858758,0.9993836805555556,24,0,1,,,68.19364929199219,29.40225601196289,66.29426851272584,31.52230285644531,-253.70573148727416,-148.47769714355468,-10.552115440368652,11.778038024902344,7,0.48797995908235975,-20,20,0,tracking,0,0.0
1800,630.375000,38.785,1,0,0.003556,orb,1,0.9873617693522907,0.9985416666666667,24,0,1,,,68.02481842041016,29.5907039642334,66.1254376411438,31.71075080871582,-253.8745623588562,-148.28924919128417,-10.552115440368652,11.778038024902344,8,0.47245773374379124,0,0,0,prediction_stale,0,0.0
1801,630.421000,22.207,1,0,0.000069,orb,1,0.992503748125937,1.0,24,0,1,,,67.53942108154297,30.13249397277832,65.64004030227662,32.252540817260744,-254.35995969772338,-147.74745918273925,-10.552115440368652,11.778038024902344,9,0.4278313358952551,0,0,0,prediction_stale,0,0.0
1802,630.453000,23.683,1,0,0.000069,orb,1,0.9838945827232797,1.0,24,0,1,,,67.20175170898438,30.50939178466797,65.30237092971802,32.62943862915039,-254.69762907028198,-147.3705613708496,-10.552115440368652,11.778038024902344,10,0.39678688521811817,0,0,0,prediction_stale,0,0.0
1803,630.500000,39.935,1,0,0.001813,orb,1,0.9831546707503829,0.9959201388888889,24,0,1,,,66.70580291748047,31.062959671020508,64.80642213821412,33.18300651550293,-255.19357786178588,-146.81699348449706,-10.552115440368652,11.778038024902344,11,0.3511903482859422,0,0,0,prediction_stale,0,0.0
1804,630.546000,38.201,1,2,0.011689,orb,1,0.9029733959311425,0.9940451388888889,24,1,0,63.0,19.5,64.76605987548828,26.138195037841797,62.56319414138794,27.11751323699951,-257.43680585861205,-152.8824867630005,-12.238142967224121,5.440656661987305,0,0.8223310058853937,-20,20,0,tracking,0,0.0
1805,630.578000,24.904,1,0,0.005263,orb,1,0.9758842443729904,0.9912152777777777,24,0,1,,,64.37444305419922,26.31229591369629,62.171577320098876,27.291614112854003,-257.8284226799011,-152.708385887146,-12.238142967224121,5.440656661987305,1,0.7894377656500545,-20,20,0,tracking,0,0.0
1806,630.625000,17.329,1,1,0.019305,orb,1,0.9797191887675507,0.9907899305555555,24,1,0,191.0,22.0,108.34620666503906,24.968246459960938,114.80538688659668,25.636495060920716,-205.1946131134033,-154.3635049390793,35.884334564208984,3.7124922275543213,0,0.2113299169988503,-20,20,0,tracking,0,0.0
1807,630.656000,55.558,1,2,0.042543,orb,1,0.9258649093904449,0.9930729166666666,24,0,1,,,109.4586181640625,25.08333396911621,115.91779838562012,25.75158257007599,-204.08220161437987,-154.24841742992402,35.884334564208984,3.7124922275543213,1,0.2031408827151583,-20,20,0,tracking,0,0.0
1808,630.703000,22.261,1,1,0.053996,orb,1,0.8452950558213717,0.9898263888888889,24,0,1,,,111.14517974853516,25.257822036743164,117.60435997009277,25.926070637702942,-202.3956400299072,-154.07392936229706,35.884334564208984,3.7124922275543213,2,0.19072525009146912,-20,20,0,tracking,0,0.0
1809,630.734000,24.938,1,2,0.032498,orb,1,0.867741935483871,0.9905772569444444,24,1,0,99.5,25.0,108.36621856689453,25.25916290283203,114.13058769226075,25.90710190296173,-205.86941230773925,-154.09289809703827,32.02427291870117,3.599661111831665,0,0.6630482519059897,-20,20,0,tracking,0,0.0
1810,630.781000,41.337,1,2,0.038565,orb,1,0.9357495881383855,0.9912934027777778,24,1,0,215.0,76.5,136.2125701904297,38.224945068359375,146.52948692321777,41.08451873779297,-173.47051307678223,-138.91548126220704,57.31620407104492,15.886520385742188,0,0.13291933670863654,-19,20,0,tracking,0,0.0
1811,630.812000,24.846,1,0,0.025708,orb,1,0.928343949044586,0.9933897569444444,24,0,1,,,137.9893798828125,38.71742630004883,148.3062966156006,41.57699996948242,-171.6937033843994,-138.42300003051758,57.31620407104492,15.886520385742188,1,0.12776871241116644,-19,20,0,tracking,0,0.0
1812,630.859000,38.531,1,1,0.014989,orb,1,0.9210110584518167,0.9931814236111111,24,1,0,190.0,18.5,151.7703399658203,34.75107192993164,163.9123048400879,36.83483436584473,-156.0876951599121,-143.16516563415527,67.45536041259766,11.576457977294922,0,0.5047073342508925,-17,20,0,tracking,0,0.0
1813,630.890000,25.953,1,0,0.018745,orb,1,0.9559543230016313,0.99515625,24,0,1,,,153.8614501953125,35.10994338989258,166.0034150695801,37.193705825805665,-153.9965849304199,-142.80629417419433,67.45536041259766,11.576457977294922,1,0.4851499250487026,-17,20,0,tracking,0,0.0
1814,630.953000,34.167,1,0,0.018925,orb,1,0.9592476489028213,0.9912109375,24,0,1,,,158.11114501953125,35.83926010131836,170.25310989379884,37.92302253723145,-149.74689010620116,-142.07697746276855,67.45536041259766,11.576457977294922,2,0.4454042224764522,-16,20,0,tracking,0,0.0
1815,630.984000,24.906,1,0,0.019877,orb,1,0.8578352180936996,0.9939409722222222,24,0,1,,,160.20225524902344,36.1981315612793,172.34422012329102,38.281893997192384,-147.65577987670898,-141.71810600280762,67.45536041259766,11.576457977294922,3,0.4258468132741906,-16,20,0,tracking,0,0.0
1816,631.015000,40.169,1,1,0.015333,orb,1,0.9594383775351014,0.9912717013888889,24,1,0,183.5,18.0,167.12855529785156,32.3259391784668,179.99712158203124,33.7738843536377,-140.00287841796876,-146.2261156463623,71.49203491210938,8.044139862060547,0,0.7337129607269902,-15,20,0,tracking,0,0.0
1817,631.062000,19.495,1,1,0.018592,orb,1,0.9561815336463224,0.9923741319444445,24,1,0,183.0,18.5,172.9618377685547,29.896259307861328,186.19275375366212,30.932831897735596,-133.80724624633788,-149.06716810226442,73.50508880615234,5.758736610412598,0,0.7501509129622324,-15,20,0,tracking,0,0.0
1818,631.109000,74.185,1,1,0.015790,orb,1,0.901743264659271,0.9917708333333334,24,1,0,195.5,20.0,179.770263671875,28.380207061767578,193.48137145996094,29.16095175743103,-126.51862854003906,-150.83904824256896,76.17282104492188,4.337470531463623,0,0.6731643430437161,-14,20,0,tracking,0,0.0
1820,631.187000,38.736,1,1,0.041482,orb,1,0.8589951377633711,0.9879296875,24,1,0,280.0,20.5,201.33018493652344,27.357166290283203,217.20024627685547,27.949728274345397,-102.79975372314453,-152.0502717256546,88.16700744628906,3.292011022567749,0,0.4471459982527821,-11,20,0,tracking,0,0.0
1821,631.234000,25.878,1,1,0.019018,orb,1,0.8580246913580247,0.9950260416666666,24,0,1,,,205.47402954101562,27.511890411376953,221.34409088134765,28.104452395439147,-98.65590911865235,-151.89554760456085,88.16700744628906,3.292011022567749,1,0.42087617085541695,-11,20,0,tracking,0,0.0
1822,631.265000,38.836,1,0,0.000391,orb,1,0.9924698795180723,0.9997743055555556,24,0,1,,,208.20721435546875,27.613943099975586,224.07727569580078,28.20650508403778,-95.92272430419922,-151.7934949159622,88.16700744628906,3.292011022567749,2,0.4035492634231501,-10,20,0,tracking,0,0.0
1823,631.312000,21.060,1,0,0.000933,orb,1,0.9917355371900827,1.0,24,0,1,,,212.35105895996094,27.768667221069336,228.22112030029297,28.36122920513153,-91.77887969970703,-151.63877079486846,88.16700744628906,3.292011022567749,3,0.3772794360257849,-10,20,0,tracking,0,0.0
1824,631.343000,18.361,1,0,0.002938,orb,1,0.9930651872399445,1.0,24,0,1,,,215.084228515625,27.87071990966797,230.95428985595703,28.463281893730162,-89.04571014404297,-151.53671810626983,88.16700744628906,3.292011022567749,4,0.35995252859351806,-10,20,0,tracking,0,0.0
1825,631.390000,43.524,1,0,0.001671,orb,1,0.9918367346938776,1.0,24,0,1,,,219.2280731201172,28.02544403076172,235.09813446044922,28.618006014823912,-84.90186553955078,-151.38199398517608,88.16700744628906,3.292011022567749,5,0.3336827011961529,-9,20,0,tracking,0,0.0
1826,631.421000,39.504,1,1,0.010045,orb,1,0.8944881889763779,0.9929079861111111,24,1,0,59.0,19.5,191.15603637695312,26.496606826782227,203.19284561157227,26.8862287569046,-116.80715438842773,-153.1137712430954,66.87116241455078,2.1645662784576416,0,0.37150411354704427,-13,20,0,tracking,0,0.0
1827,631.468000,36.616,1,2,0.024232,orb,1,0.9124203821656051,0.9920920138888889,24,1,0,190.0,19.0,193.57772827148438,25.32354736328125,205.5265850830078,25.557715947628022,-114.4734149169922,-154.44228405237197,66.38253784179688,1.3009365797042847,0,0.8427545530433256,-13,20,0,tracking,0,0.0
1828,631.500000,52.636,1,1,0.024773,orb,1,0.9162790697674419,0.9909548611111111,24,1,0,189.0,19.0,194.70301818847656,24.41643524169922,206.53157608032225,24.536349543333053,-113.46842391967775,-155.46365045666695,65.7142105102539,0.6661905646324158,0,0.781173780349421,-12,20,0,tracking,0,0.0
1830,631.593000,37.328,1,2,0.048666,orb,1,0.8294314381270903,0.9858463541666667,24,1,0,279.5,20.5,212.15866088867188,23.904821395874023,225.30848266601564,23.957931762933733,-94.69151733398436,-156.04206823706627,73.0545654296875,0.29505759477615356,0,0.5001612669796649,-10,20,0,tracking,0,0.0
1831,631.625000,35.431,1,1,0.017005,orb,1,0.9540983606557377,0.9921180555555555,24,1,0,183.0,18.0,210.38259887695312,23.141786575317383,223.05829467773438,23.105867507755757,-96.94170532226562,-156.89413249224424,70.4205322265625,-0.19955037534236908,0,0.7708608195790578,-11,20,0,tracking,0,0.0
1832,631.656000,32.098,1,1,0.011625,orb,1,0.9444444444444444,0.9990625,24,0,1,,,212.5656280517578,23.135601043701172,225.24132385253907,23.099681976139546,-94.75867614746093,-156.90031802386045,70.4205322265625,-0.19955037534236908,1,0.7409899628204184,-10,20,0,tracking,0,0.0
1833,631.703000,29.150,1,1,0.018071,orb,1,0.8811074918566775,0.9917057291666667,24,1,0,195.5,19.5,213.30810546875,22.66931915283203,225.6949089050293,22.58198576748371,-94.30509109497069,-157.4180142325163,68.8155746459961,-0.4851854741573334,0,0.7690822958060798,-10,20,0,tracking,0,0.0
1835,631.781000,27.101,1,4,0.045293,orb,1,0.734959349593496,0.9967013888888889,24,0,1,,,218.67572021484375,22.6314754486084,231.06252365112306,22.54414206326008,-88.93747634887694,-157.45585793673993,68.8155746459961,-0.4851854741573334,1,0.6940967719650115,-10,20,0,tracking,0,0.0
1836,631.812000,44.123,1,0,0.005807,orb,1,0.9621451104100947,1.0,24,0,1,,,220.8090057373047,22.61643409729004,233.195809173584,22.52910071194172,-86.804190826416,-157.4708992880583,68.8155746459961,-0.4851854741573334,2,0.6642948330024656,-9,20,0,tracking,0,0.0
1837,631.859000,28.988,1,0,0.007144,orb,1,0.9658385093167702,0.9975694444444444,24,0,1,,,224.0433349609375,22.593629837036133,236.4301383972168,22.506296451687813,-83.56986160278319,-157.4937035483122,68.8155746459961,-0.4851854741573334,3,0.6191112481238339,-9,20,0,tracking,0,0.0
1838,631.906000,34.001,1,1,0.012244,orb,1,0.9488,1.0,24,0,1,,,227.2776641845703,22.570825576782227,239.66446762084962,22.483492191433907,-80.33553237915038,-157.5165078085661,68.8155746459961,-0.4851854741573334,4,0.5739276632453115,-9,20,0,tracking,0,0.0
1839,631.937000,54.557,1,2,0.013977,orb,1,0.8878357030015798,0.993046875,24,1,0,65.5,19.5,205.9395294189453,22.118207931518555,215.87133003234862,21.985106045007704,-104.12866996765138,-158.0148939549923,55.17667007446289,-0.7394549250602722,0,0.3577272352959837,-11,20,0,tracking,0,0.0
1841,632.015000,35.179,1,7,0.065065,orb,1,0.6640502354788069,0.998203125,24,1,0,167.5,24.0,204.45553588867188,22.323148727416992,213.79626724243164,22.21686650633812,-106.20373275756836,-157.78313349366186,51.89295196533203,-0.5904567837715149,0,0.6712419772736217,-12,20,0,tracking,0,0.0
1842,632.062000,30.431,1,3,0.015136,orb,1,0.983206106870229,0.9944444444444445,24,0,1,,,206.89450073242188,22.29539680480957,216.23523208618164,22.1891145837307,-103.76476791381836,-157.8108854162693,51.89295196533203,-0.5904567837715149,1,0.6318065111087751,-11,20,0,tracking,0,0.0
1843,632.093000,30.916,1,2,0.016873,orb,1,0.986046511627907,0.9990711805555555,24,0,1,,,208.50318908691406,22.27709197998047,217.84392044067383,22.170809758901598,-102.15607955932617,-157.8291902410984,51.89295196533203,-0.5904567837715149,2,0.605795884489465,-11,20,0,tracking,0,0.0
1844,632.140000,22.624,1,1,0.008907,orb,1,0.9859375,0.9984895833333334,24,0,1,,,210.94215393066406,22.249340057373047,220.28288528442383,22.143057836294176,-99.71711471557617,-157.8569421637058,51.89295196533203,-0.5904567837715149,3,0.5663604183246183,-11,20,0,tracking,0,0.0
1845,632.187000,29.810,1,1,0.005616,orb,1,0.9652567975830816,0.99765625,24,0,1,,,213.38111877441406,22.221588134765625,222.72185012817383,22.115305913686754,-97.27814987182617,-157.88469408631323,51.89295196533203,-0.5904567837715149,4,0.5269249521597716,-11,20,0,tracking,0,0.0
1846,632.218000,46.652,1,1,0.003615,orb,1,0.9865269461077845,1.0,24,0,1,,,214.98980712890625,22.203283309936523,224.33053848266601,22.097001088857652,-95.66946151733399,-157.90299891114233,51.89295196533203,-0.5904567837715149,5,0.5009143255404616,-10,20,0,tracking,0,0.0
1848,632.296000,24.553,1,1,0.007215,orb,1,0.9783950617283951,0.9944444444444445,24,0,1,,,219.03746032714844,22.157228469848633,228.3781916809082,22.050946248769762,-91.6218083190918,-157.94905375123022,51.89295196533203,-0.5904567837715149,6,0.4354682327562094,-10,20,0,tracking,0,0.0
1849,632.343000,40.357,1,0,0.002143,orb,1,0.9731343283582089,0.9944444444444445,24,0,1,,,221.47642517089844,22.12947654724121,230.8171565246582,22.02319432616234,-89.1828434753418,-157.97680567383765,51.89295196533203,-0.5904567837715149,7,0.39603276659145814,0,0,0,prediction_stale,0,0.0
1850,632.375000,26.738,1,0,0.000499,orb,1,0.9698795180722891,1.0,24,0,1,,,223.13699340820312,22.11058235168457,232.4777247619629,22.0043001306057,-87.52227523803711,-157.9956998693943,51.89295196533203,-0.5904567837715149,8,0.36918308750048046,0,0,0,prediction_stale,0,0.0
1851,632.421000,17.417,1,0,0.000122,orb,1,0.9834586466165414,1.0,24,0,1,,,225.52406311035156,22.08342170715332,234.86479446411133,21.97713948607445,-85.13520553588867,-158.02286051392554,51.89295196533203,-0.5904567837715149,9,0.330586673807206,0,0,0,prediction_stale,0,0.0
1852,632.453000,53.657,1,0,0.000636,orb,1,0.9803030303030303,0.9969791666666666,24,0,1,,,227.18463134765625,22.06452751159668,236.52536270141601,21.95824529051781,-83.47463729858399,-158.04175470948218,51.89295196533203,-0.5904567837715149,10,0.3037369947163237,0,0,0,prediction_stale,0,0.0
1853,632.500000,18.118,1,0,0.000000,orb,1,0.963963963963964,0.9990625,24,0,1,,,229.62359619140625,22.036775588989258,238.96432754516601,21.930493367910387,-81.03567245483399,-158.0695066320896,51.89295196533203,-0.5904567837715149,11,0.2643015285514771,0,0,0,prediction_stale,0,0.0
1854,632.531000,20.610,1,0,0.000391,orb,1,0.9832572298325722,1.0,24,0,1,,,231.23228454589844,22.018470764160156,240.5730158996582,21.912188543081285,-79.4269841003418,-158.0878114569187,51.89295196533203,-0.5904567837715149,12,0.23829090193216698,0,0,0,prediction_stale,0,0.0
1855,632.578000,48.675,1,0,0.001163,orb,1,0.9823008849557522,1.0,24,0,1,,,,,,,,,0.0,0.0,13,0.0,0,0,0,lost,0,0.0
1856,632.625000,30.050,1,0,0.000864,orb,1,0.9893778452200304,1.0,,0,0,,,,,,,,,0.0,0.0,0,0.0,0,0,0,lost,0,0.0
1857,632.656000,56.270,1,0,0.006901,orb,1,0.9831804281345565,1.0,,0,0,,,,,,,,,0.0,0.0,0,0.0,0,0,0,lost,0,0.0
1859,632.734000,17.343,1,0,0.005775,orb,1,0.9051321928460342,0.9965885416666667,,0,0,,,,,,,,,0.0,0.0,0,0.0,0,0,0,lost,0,0.0
1860,632.781000,23.482,1,0,0.000069,orb,1,0.9482496194824962,1.0,,0,0,,,,,,,,,0.0,0.0,0,0.0,0,0,0,lost,0,0.0
1861,632.812000,45.446,1,0,0.000000,orb,1,0.9751166407465007,1.0,,0,0,,,,,,,,,0.0,0.0,0,0.0,0,0,0,lost,0,0.0
1862,632.859000,28.062,1,0,0.002928,orb,1,0.9346811819595645,0.9947482638888889,,0,0,,,,,,,,,0.0,0.0,0,0.0,0,0,0,lost,0,0.0
1863,632.921000,57.394,1,0,0.000000,orb,1,0.9772036474164134,0.9986024305555555,,0,0,,,,,,,,,0.0,0.0,0,0.0,0,0,0,lost,0,0.0
1865,632.968000,24.872,1,0,0.002417,orb,1,0.9253499222395023,0.9965190972222222,,0,0,,,,,,,,,0.0,0.0,0,0.0,0,0,0,lost,0,0.0
1866,633.031000,43.678,1,0,0.002100,orb,1,0.9832572298325722,0.9959722222222223,,0,0,,,,,,,,,0.0,0.0,0,0.0,0,0,0,lost,0,0.0
1867,633.062000,20.073,1,0,0.000226,orb,1,0.9742813918305597,0.9977517361111111,,0,0,,,,,,,,,0.0,0.0,0,0.0,0,0,0,lost,0,0.0
1868,633.093000,26.302,1,0,0.000000,orb,1,0.9871428571428571,1.0,,0,0,,,,,,,,,0.0,0.0,0,0.0,0,0,0,lost,0,0.0
1869,633.156000,33.381,1,0,0.000000,orb,1,0.9819277108433735,1.0,,0,0,,,,,,,,,0.0,0.0,0,0.0,0,0,0,lost,0,0.0
1870,633.187000,24.317,1,0,0.000000,orb,1,0.9698340874811463,0.9975260416666667,,0,0,,,,,,,,,0.0,0.0,0,0.0,0,0,0,lost,0,0.0
1871,633.234000,23.672,1,0,0.000000,orb,1,0.9884559884559885,1.0,,0,0,,,,,,,,,0.0,0.0,0,0.0,0,0,0,lost,0,0.0
1872,633.250000,43.777,1,0,0.000000,orb,1,0.9918918918918919,1.0,,0,0,,,,,,,,,0.0,0.0,0,0.0,0,0,0,lost,0,0.0
1873,633.296000,21.366,1,0,0.000000,orb,1,0.9960159362549801,1.0,,0,0,,,,,,,,,0.0,0.0,0,0.0,0,0,0,lost,0,0.0
1874,633.343000,48.624,1,0,0.000000,orb,1,0.9973368841544608,1.0,,0,0,,,,,,,,,0.0,0.0,0,0.0,0,0,0,lost,0,0.0
1876,633.421000,21.947,1,0,0.000313,orb,1,0.9946308724832215,1.0,,0,0,,,,,,,,,0.0,0.0,0,0.0,0,0,0,lost,0,0.0
1877,633.453000,19.131,1,0,0.000000,orb,1,1.0,1.0,,0,0,,,,,,,,,0.0,0.0,0,0.0,0,0,0,lost,0,0.0
1878,633.500000,28.756,1,0,0.000000,orb,1,0.9974126778783958,1.0,,0,0,,,,,,,,,0.0,0.0,0,0.0,0,0,0,lost,0,0.0
1879,633.562000,18.967,1,0,0.000000,orb,1,1.0,1.0,,0,0,,,,,,,,,0.0,0.0,0,0.0,0,0,0,lost,0,0.0
1880,633.578000,19.641,1,0,0.000000,orb,1,0.9948453608247423,1.0,,0,0,,,,,,,,,0.0,0.0,0,0.0,0,0,0,lost,0,0.0
1881,633.609000,44.498,1,0,0.000000,orb,1,1.0,1.0,,0,0,,,,,,,,,0.0,0.0,0,0.0,0,0,0,lost,0,0.0
1882,633.656000,34.410,1,1,0.007478,orb,1,0.9987080103359173,1.0,25,1,0,445.5,18.5,445.5,18.5,445.5,18.5,125.5,-161.5,0.0,0.0,0,0.8885218365061591,14,20,0,tracking,0,0.0
1883,633.703000,23.466,1,0,0.000000,orb,1,0.9987244897959183,1.0,25,0,1,,,445.5,18.5,445.5,18.5,125.5,-161.5,0.0,0.0,1,0.836321178611394,14,20,0,tracking,0,0.0
1884,633.734000,22.157,1,0,0.000000,orb,1,1.0,1.0,25,0,1,,,445.5,18.5,445.5,18.5,125.5,-161.5,0.0,0.0,2,0.8018909574467106,14,20,0,tracking,0,0.0
1885,633.781000,39.901,1,0,0.000000,orb,1,0.9973890339425587,1.0,25,0,1,,,445.5,18.5,445.5,18.5,125.5,-161.5,0.0,0.0,3,0.7496902995520718,14,20,0,tracking,0,0.0
1886,633.812000,19.330,1,0,0.000000,orb,1,0.9987046632124352,1.0,25,0,1,,,445.5,18.5,445.5,18.5,125.5,-161.5,0.0,0.0,4,0.7152600783873884,14,20,0,tracking,0,0.0
1887,633.859000,19.462,1,0,0.000000,orb,1,0.9986996098829649,1.0,25,0,1,,,445.5,18.5,445.5,18.5,125.5,-161.5,0.0,0.0,5,0.6630594204926232,14,20,0,tracking,0,0.0
1888,633.921000,35.395,1,0,0.000000,orb,1,0.9973958333333334,1.0,25,0,1,,,445.5,18.5,445.5,18.5,125.5,-161.5,0.0,0.0,6,0.5941989781633829,14,20,0,tracking,0,0.0
1889,633.937000,27.166,1,0,0.000000,orb,1,1.0,1.0,25,0,1,,,445.5,18.5,445.5,18.5,125.5,-161.5,0.0,0.0,7,0.576428541433301,14,20,0,tracking,0,0.0
1890,633.968000,48.880,1,0,0.000000,orb,1,0.9987179487179487,1.0,25,0,1,,,445.5,18.5,445.5,18.5,125.5,-161.5,0.0,0.0,8,0.541998320268744,0,0,0,prediction_stale,0,0.0
1891,634.031000,22.273,1,0,0.000000,orb,1,0.9974489795918368,1.0,25,0,1,,,445.5,18.5,445.5,18.5,125.5,-161.5,0.0,0.0,9,0.47202722564389704,0,0,0,prediction_stale,0,0.0
1892,634.062000,20.515,1,0,0.000000,orb,1,0.9987096774193548,1.0,25,0,1,,,445.5,18.5,445.5,18.5,125.5,-161.5,0.0,0.0,10,0.4375970044792137,0,0,0,prediction_stale,0,0.0
1893,634.093000,34.217,1,0,0.000000,orb,1,0.9974059662775616,1.0,25,0,1,,,445.5,18.5,445.5,18.5,125.5,-161.5,0.0,0.0,11,0.40316678331465655,0,0,0,prediction_stale,0,0.0
1894,634.140000,17.687,1,0,0.000000,orb,1,0.9986962190352021,1.0,25,0,1,,,445.5,18.5,445.5,18.5,125.5,-161.5,0.0,0.0,12,0.3509661254198914,0,0,0,prediction_stale,0,0.0
1895,634.171000,23.001,1,0,0.000000,orb,1,0.9986962190352021,1.0,25,0,1,,,,,,,,,0.0,0.0,13,0.0,0,0,0,lost,0,0.0
1896,634.218000,36.942,1,2,0.012886,orb,1,0.9986928104575163,1.0,26,1,0,142.5,41.0,142.5,41.0,142.5,41.0,-177.5,-139.0,0.0,0.0,0,0.7696220930232558,-19,20,0,tracking,0,0.0
1897,634.281000,19.610,1,4,0.017921,orb,1,1.0,1.0,26,1,0,144.0,40.0,143.60409545898438,40.26393508911133,143.6165686415136,40.25561963431537,-176.3834313584864,-139.74438036568463,0.06929545849561691,-0.04619697108864784,0,0.8943178688492093,-19,20,0,tracking,0,0.0
1898,634.296000,17.844,1,2,0.010937,orb,1,0.9934640522875817,1.0,26,1,0,146.0,38.5,144.6221160888672,39.51448059082031,144.65635487854482,39.49014002680779,-175.34364512145518,-140.50985997319222,0.19021549820899963,-0.1352253556251526,0,0.8778015085815808,-19,20,0,tracking,0,0.0
1899,634.343000,47.524,1,0,0.002023,orb,1,1.0,1.0,26,0,1,,,144.6310577392578,39.50812530517578,144.66529652893544,39.483784741163255,-175.33470347106456,-140.51621525883675,0.19021549820899963,-0.1352253556251526,1,0.8262306699525097,-19,20,0,tracking,0,0.0
1900,634.375000,23.014,1,0,0.001233,orb,1,0.9850968703427719,1.0,26,0,1,,,144.63714599609375,39.50379943847656,144.67138478577138,39.47945887446404,-175.32861521422862,-140.52054112553597,0.19021549820899963,-0.1352253556251526,2,0.7911186096092035,-19,20,0,tracking,0,0.0
1901,634.437000,20.198,1,1,0.007023,orb,1,0.9892037786774629,1.0,26,0,1,,,144.64894104003906,39.49541473388672,144.6831798297167,39.47107416987419,-175.3168201702833,-140.52892583012581,0.19021549820899963,-0.1352253556251526,3,0.7230889926941181,-19,20,0,tracking,0,0.0
1902,634.453000,36.743,1,1,0.010317,orb,1,0.9929971988795518,1.0,26,0,1,,,144.6519775390625,39.49325180053711,144.68621632874013,39.46891123652458,-175.31378367125987,-140.53108876347542,0.19021549820899963,-0.1352253556251526,4,0.7055329625225274,-19,20,0,tracking,0,0.0
1903,634.500000,18.011,1,1,0.010009,orb,1,0.9902912621359223,1.0,26,0,1,,,144.66091918945312,39.48689651489258,144.69515797913076,39.46255595088005,-175.30484202086924,-140.53744404911996,0.19021549820899963,-0.1352253556251526,5,0.6539621238933315,-19,20,0,tracking,0,0.0
1904,634.531000,20.294,1,2,0.012739,orb,1,0.979108635097493,1.0,26,0,1,,,144.66680908203125,39.482704162597656,144.70104787170888,39.45836359858513,-175.29895212829112,-140.54163640141488,0.19021549820899963,-0.1352253556251526,6,0.6199473154358512,-19,20,0,tracking,0,0.0
1905,634.578000,44.661,1,2,0.016116,orb,1,0.9725433526011561,0.9991493055555556,26,0,1,,,144.67575073242188,39.476348876953125,144.7099895220995,39.4520083129406,-175.2900104779005,-140.5479916870594,0.19021549820899963,-0.1352253556251526,7,0.5683764768066554,-19,20,0,tracking,0,0.0
1906,634.625000,62.065,1,2,0.022630,orb,1,0.9562594268476622,1.0,26,0,1,,,144.6846923828125,39.469993591308594,144.71893117249013,39.44565302729607,-175.28106882750987,-140.55434697270394,0.19021549820899963,-0.1352253556251526,8,0.5168056381774596,0,0,0,prediction_stale,0,0.0
1908,634.703000,37.165,1,3,0.064514,orb,1,0.9139414802065404,0.9941493055555556,26,1,0,261.5,20.5,200.80059814453125,30.352930068969727,213.6984196472168,28.240529537200928,-106.30158035278319,-151.75947046279907,71.6545639038086,-11.73555850982666,0,0.5378943337258223,-12,20,0,tracking,0,0.0
1909,634.734000,100.296,1,2,0.046443,orb,1,0.9175911251980983,0.9989322916666666,26,0,1,,,203.0218963623047,29.98912811279297,215.91971786499025,27.87672758102417,-104.08028213500975,-152.12327241897583,71.6545639038086,-11.73555850982666,1,0.5170509282939045,-11,20,0,tracking,0,0.0
1912,634.859000,44.513,1,7,0.148576,orb,1,0.8775933609958506,0.9933159722222222,26,1,0,136.5,131.5,180.3536376953125,71.66919708251953,185.89366668701172,79.59524780273438,-134.10633331298828,-100.40475219726562,30.777938842773438,44.03361511230469,0,0.19488676850622721,-15,20,0,tracking,0,0.0
1914,634.937000,50.658,1,7,0.128973,orb,1,0.9768270944741533,0.999921875,26,1,0,153.5,40.0,172.83641052246094,63.202796936035156,176.07033920288086,68.36163467407226,-143.92966079711914,-111.63836532592774,17.966270446777344,28.66020965576172,0,0.6462373480901561,-16,20,0,tracking,0,0.0
1915,634.968000,51.445,1,7,0.078971,orb,1,0.9489164086687306,1.0,26,1,0,151.0,129.5,167.37673950195312,81.66522216796875,169.2043732070923,90.9317031097412,-150.7956267929077,-89.0682968902588,10.153520584106445,51.48044967651367,0,0.49107142026422923,-16,17,0,tracking,0,0.0
1917,635.062000,53.084,1,4,0.124542,orb,1,0.9487632508833922,0.9987673611111111,26,0,1,,,168.3311767578125,86.50438690185547,170.15881046295166,95.77086784362793,-149.84118953704834,-84.22913215637207,10.153520584106445,51.48044967651367,1,0.43337052838315104,-16,16,0,tracking,0,0.0
1918,635.125000,21.332,1,2,0.065231,orb,1,0.967016491754123,0.9951996527777778,26,0,1,,,168.97085571289062,89.7476577758789,170.7984894180298,99.01413871765136,-149.2015105819702,-80.98586128234864,10.153520584106445,51.48044967651367,2,0.3946986540373502,-16,16,0,tracking,0,0.0
1919,635.156000,30.532,1,4,0.066898,orb,1,0.971830985915493,0.9975173611111111,26,1,0,199.0,132.0,178.34542846679688,103.73956298828125,182.23740489959718,115.83056228637696,-137.76259510040282,-64.16943771362304,21.62209129333496,67.1722183227539,0,0.5077631651983465,-15,12,0,tracking,0,0.0
1920,635.171000,48.098,1,4,0.067934,orb,1,0.9580093312597201,1.0,26,1,0,147.5,161.0,171.173095703125,118.27656555175781,173.36387699127198,133.43775466918945,-146.63612300872802,-46.562245330810555,12.17100715637207,84.22882843017578,0,0.5131183199624021,-16,9,0,tracking,0,0.0
1922,635.250000,68.373,1,8,0.153828,orb,1,0.8299595141700404,0.9926388888888888,26,1,0,138.0,109.5,164.39569091796875,121.4322509765625,164.85884035110473,135.81245910644532,-155.14115964889527,-44.18754089355468,2.573052406311035,79.89004516601562,0,0.5738291659529366,-17,9,0,tracking,0,0.0
1924,635.343000,38.199,1,7,0.150982,orb,1,0.8306772908366534,0.9928949652777778,26,1,0,188.0,21.5,169.81365966796875,105.0660171508789,171.3994824028015,114.287553024292,-148.6005175971985,-65.712446975708,8.810126304626465,51.23075485229492,0,0.1724901561926817,-16,13,0,tracking,0,0.0
1925,635.375000,36.275,1,7,0.107350,orb,1,0.8626760563380281,0.9924652777777778,26,1,0,162.0,56.5,168.5323028564453,97.0106201171875,169.78265917778015,104.151734085083,-150.21734082221985,-75.848265914917,6.9464240074157715,39.672855377197266,0,0.501396404089992,-16,15,0,tracking,0,0.0
1926,635.421000,54.746,1,4,0.087867,orb,1,0.9394957983193277,0.9995746527777778,26,0,1,,,168.85183715820312,98.8355712890625,170.10219347953796,105.976685256958,-149.89780652046204,-74.023314743042,6.9464240074157715,39.672855377197266,1,0.47256611085478667,-16,14,0,tracking,0,0.0
1928,635.500000,43.803,1,3,0.176560,orb,1,0.7359855334538878,0.9942838541666666,26,1,0,61.0,18.5,147.1274871826172,84.81917572021484,143.8219729614258,88.45221641540527,-176.1780270385742,-91.54778358459473,-18.363967895507812,20.18355941772461,0,0.1347318743731143,-19,18,0,tracking,0,0.0
1929,635.531000,19.912,1,4,0.068908,orb,1,0.9820359281437125,0.9944357638888889,26,0,1,,,146.55819702148438,85.44486236572266,143.25268280029297,89.07790306091309,-176.74731719970703,-90.92209693908691,-18.363967895507812,20.18355941772461,1,0.12951101424116468,-19,18,0,tracking,0,0.0
1930,635.578000,39.928,1,5,0.075043,orb,1,0.9858156028368794,0.9985069444444444,26,1,0,226.5,170.5,161.5747528076172,102.92198181152344,161.40099128246308,109.81473541259766,-158.59900871753692,-70.18526458740234,-0.9653418064117432,38.29307556152344,0,0.17599757426663365,-17,14,0,tracking,0,0.0
1931,635.625000,36.007,1,5,0.068824,orb,1,0.9813084112149533,0.9970920138888889,26,1,0,232.5,167.0,174.213134765625,115.85202026367188,176.4883339691162,124.89378959655761,-143.5116660308838,-55.10621040344239,12.639995574951172,50.232051849365234,0,0.3288479783271089,-16,11,0,tracking,0,0.0
1932,635.656000,32.727,1,4,0.057271,orb,1,0.975767366720517,0.9958854166666666,26,1,0,224.0,161.0,182.5240478515625,124.3977279663086,186.30932678222655,134.77213272094727,-133.69067321777345,-45.22786727905273,21.029327392578125,57.635581970214844,0,0.38594005418755795,-15,9,0,tracking,0,0.0
1933,635.703000,49.687,1,4,0.060762,orb,1,0.9754500818330606,0.9971006944444445,26,1,0,217.0,168.0,188.5474853515625,133.2551727294922,193.2764685821533,144.78198287963866,-126.72353141784669,-35.21801712036134,26.27212905883789,64.03783416748047,0,0.5844093863337951,-14,7,0,tracking,0,0.0
1935,635.781000,45.292,1,4,0.110645,orb,1,0.9530685920577617,0.9944444444444445,26,0,1,,,190.59671020507812,138.2501220703125,195.32569343566894,149.77693222045897,-124.67430656433106,-30.223067779541026,26.27212905883789,64.03783416748047,1,0.5274294711662687,-14,6,0,tracking,0,0.0
1936,635.843000,49.619,1,2,0.070691,orb,1,0.9735099337748344,0.9980295138888889,26,0,1,,,192.2255859375,142.22047424316406,196.9545691680908,153.74728439331054,-123.04543083190919,-26.252715606689463,26.27212905883789,64.03783416748047,2,0.482137743725391,-13,5,0,tracking,0,0.0
1938,635.890000,47.985,1,6,0.106489,orb,1,0.8267857142857142,0.9942534722222223,26,1,0,195.5,20.0,193.8263702392578,122.75884246826172,198.61829036712646,130.42141700744628,-121.38170963287354,-49.57858299255372,26.62177848815918,42.56985855102539,0,0.2531110937865546,-13,10,0,tracking,0,0.0
1939,635.937000,49.233,1,3,0.052192,orb,1,0.9853420195439739,1.0,26,0,1,,,195.0775909423828,124.75962829589844,199.86951107025146,132.422202835083,-120.13048892974854,-47.577797164917,26.62177848815918,42.56985855102539,1,0.23824081702658648,-13,9,0,tracking,0,0.0
1941,636.015000,27.526,1,4,0.067574,orb,1,0.953405017921147,0.998515625,26,0,1,,,197.15408325195312,128.080078125,201.94600337982178,135.74265266418456,-118.05399662017822,-44.25734733581544,26.62177848815918,42.56985855102539,2,0.21356248538240546,-13,9,0,tracking,0,0.0
1942,636.062000,32.455,1,3,0.028355,orb,1,0.9747899159663865,1.0,26,1,0,297.0,238.0,217.8519287109375,151.3666229248047,225.69098693847656,162.36451416015626,-94.30901306152344,-17.63548583984374,43.550323486328125,61.099395751953125,0,0.3150404004304115,-10,0,0,tracking,0,0.0
1943,636.093000,21.143,1,2,0.027303,orb,1,0.9571209800918836,0.9987934027777777,26,0,1,,,219.20199584960938,153.26071166992188,227.04105407714843,164.25860290527345,-92.95894592285157,-15.741397094726551,43.550323486328125,61.099395751953125,1,0.3028325849137531,-10,0,0,tracking,0,0.0
1944,636.140000,33.373,1,4,0.027394,orb,1,0.9421487603305785,0.9991145833333334,26,1,0,294.5,271.5,234.7183074951172,177.3462371826172,244.58272277832032,191.5339840698242,-75.41727722167968,11.533984069824214,54.80230712890625,78.82081604003906,0,0.16855904421663037,-8,0,0,tracking,0,0.0
1945,636.171000,19.820,1,5,0.034543,orb,1,0.9247491638795987,0.9985416666666667,26,1,0,242.0,174.5,237.32261657714844,178.93177795410156,247.3211460876465,192.9924528503418,-72.6788539123535,12.992452850341806,55.547386169433594,78.11486053466797,0,0.848281429451134,-8,0,0,tracking,0,0.0
1946,636.218000,36.775,1,4,0.023555,orb,1,0.9728434504792333,0.9987065972222222,26,1,0,299.0,257.5,248.7342987060547,193.76283264160156,260.00947731018067,209.44230590820314,-59.99052268981933,29.44230590820314,62.6398811340332,87.10818481445312,0,0.34911737548457755,-7,-6,0,tracking,0,0.0
1947,636.265000,37.968,1,3,0.022730,orb,1,0.9806259314456036,1.0,26,1,0,301.5,266.0,258.5729064941406,207.28684997558594,270.82898498535155,224.3079406738281,-49.17101501464845,44.307940673828114,68.08932495117188,94.56161499023438,0,0.44736402235866435,-5,-9,0,tracking,0,0.0
1948,636.296000,57.448,1,3,0.015699,orb,1,0.9908675799086758,1.0,26,1,0,309.5,278.5,266.8765869140625,218.88055419921875,280.0034033203125,237.11958786010743,-39.996596679687514,57.11958786010743,72.9267578125,101.32796478271484,0,0.4373127065567308,-4,-11,0,tracking,0,0.0
1950,636.375000,65.239,1,9,0.060459,orb,1,0.8809946714031972,0.9908289930555556,26,1,0,248.5,199.0,269.6127624511719,223.39077758789062,282.3262594604492,241.1523193359375,-37.673740539550806,61.152319335937506,70.63053894042969,98.67523193359375,0,0.6590605728503811,-4,-12,0,tracking,0,0.0
1952,636.453000,62.068,1,5,0.045382,orb,1,0.8683333333333333,0.9903385416666667,26,1,0,344.0,217.0,283.6257629394531,229.3481903076172,297.46930541992185,246.87860717773438,-22.530694580078148,66.87860717773438,76.9085693359375,97.39120483398438,0,0.512381856853431,0,-13,0,tracking,0,0.0
1954,636.531000,62.355,1,3,0.027007,orb,1,0.9313725490196079,0.996875,26,1,0,330.5,205.5,294.5915222167969,233.12376403808594,309.0774243164062,250.16002548217773,-10.922575683593777,70.16002548217773,80.47723388671875,94.6458969116211,0,0.5538866453692695,0,-14,0,tracking,0,0.0
1956,636.625000,30.971,1,4,0.018122,orb,1,0.9745627980922098,0.9997048611111111,26,1,0,307.0,257.0,302.7467041015625,243.84616088867188,317.3065551757812,261.1111178588867,-2.6934448242187727,81.1111178588867,80.8880615234375,95.91642761230469,0,0.7566194487047971,0,-16,0,tracking,0,0.0
1957,636.656000,59.724,1,3,0.016988,orb,1,0.9838709677419355,1.0,26,1,0,308.0,257.5,305.56414794921875,248.0250244140625,320.16243606567383,265.43949157714843,0.1624360656738304,85.43949157714843,81.10160064697266,96.74703979492188,0,0.7676044779728615,0,-17,0,tracking,0,0.0
1959,636.734000,58.933,1,3,0.011931,orb,1,0.9733727810650887,1.0,26,1,0,306.0,258.5,311.23321533203125,255.8979034423828,325.751937713623,273.35193237304685,5.751937713623022,93.35193237304685,80.6595687866211,96.96682739257812,0,0.8465780912140775,0,-18,0,tracking,0,0.0
1961,636.812000,44.422,1,2,0.015890,orb,1,0.9944211994421199,1.0,26,1,0,360.0,274.5,322.2010803222656,264.6766357421875,337.27341751098635,282.27454025268554,17.27341751098635,102.27454025268554,83.7352066040039,97.7661361694336,0,0.6245568629680291,0,-20,0,tracking,0,0.0
1963,636.890000,43.912,1,1,0.010447,orb,1,0.992867332382311,1.0,26,1,0,350.5,317.5,331.0968322753906,277.2118225097656,346.44295288085937,295.3782049560547,26.442952880859366,115.37820495605467,85.2562255859375,100.92434692382812,0,0.5722527340840442,3,-20,0,tracking,0,0.0
1964,636.937000,23.903,1,0,0.006029,orb,1,0.9946452476572959,1.0,26,0,1,,,335.1038818359375,281.95526123046875,350.45000244140624,300.1216436767578,30.45000244140624,120.1216436767578,85.2562255859375,100.92434692382812,1,0.5386328859565884,3,-20,0,tracking,0,0.0
1965,636.984000,43.203,1,0,0.003086,orb,1,0.9920212765957447,1.0,26,0,1,,,339.1109313964844,286.6986999511719,354.4570520019531,304.8650823974609,34.457052001953116,124.86508239746092,85.2562255859375,100.92434692382812,2,0.5050130378291325,4,-20,0,tracking,0,0.0
1966,637.015000,26.509,1,0,0.002066,orb,1,0.9973082099596231,1.0,26,0,1,,,341.7538757324219,289.8273620605469,357.0999963378906,307.9937445068359,37.099996337890616,127.99374450683592,85.2562255859375,100.92434692382812,3,0.4828382443834123,4,-20,0,tracking,0,0.0
1967,637.062000,22.745,1,1,0.006319,orb,1,0.9916083916083916,1.0,26,1,0,342.0,317.5,345.31414794921875,297.29461669921875,360.6111019897461,315.7607514953613,40.61110198974609,135.76075149536132,84.98307800292969,102.58963775634766,0,0.7326446863747131,4,-20,0,tracking,0,0.0
1968,637.093000,57.949,1,2,0.008190,orb,1,0.994535519125683,1.0,26,1,0,344.5,317.0,347.5699157714844,302.2895812988281,362.82557220458983,320.95360595703124,42.82557220458983,140.95360595703124,84.75364685058594,103.68902587890625,0,0.8275526705916691,5,-20,0,tracking,0,0.0
1969,637.140000,22.199,1,1,0.005247,orb,1,0.994535519125683,1.0,26,1,0,356.0,284.0,352.01629638671875,304.7514953613281,367.3217950439453,323.1558869934082,47.321795043945315,143.15588699340822,85.03054809570312,102.24662017822266,0,0.7066360893247021,5,-20,0,tracking,0,0.0
1970,637.187000,30.943,1,1,0.008867,orb,1,0.9945130315500685,1.0,26,1,0,353.0,269.5,355.71392822265625,305.58441162109375,370.9876365661621,323.5661289978027,50.98763656616211,143.5661289978027,84.85393524169922,99.89842987060547,0,0.6376373320820122,6,-20,0,tracking,0,0.0
1971,637.218000,35.046,1,1,0.010590,orb,1,0.9932249322493225,1.0,26,1,0,350.0,269.0,357.56610107421875,304.980224609375,372.7576000976562,322.5709989929199,52.75760009765622,142.5709989929199,84.397216796875,97.72652435302734,0,0.6708028554697154,6,-20,0,tracking,0,0.0
1972,637.265000,20.738,1,1,0.008485,orb,1,0.9931972789115646,1.0,26,1,0,347.0,273.0,360.2292785644531,306.2929382324219,375.2844757080078,323.540693359375,55.28447570800779,143.54069335937498,83.63998413085938,95.82086181640625,0,0.6823759726203854,6,-20,0,tracking,0,0.0
1973,637.296000,35.894,1,0,0.004618,orb,1,0.9904891304347826,1.0,26,0,1,,,362.8221130371094,309.2633972167969,377.87731018066404,326.51115234375,57.87731018066404,146.51115234374998,83.63998413085938,95.82086181640625,1,0.6559339036812919,6,-20,0,tracking,0,0.0
1974,637.343000,57.180,1,0,0.003368,orb,1,0.995945945945946,1.0,26,0,1,,,366.7532043457031,313.7669677734375,381.8084014892578,331.0147229003906,61.80840148925779,151.0147229003906,83.63998413085938,95.82086181640625,2,0.6158443152899196,7,-20,0,tracking,0,0.0
1976,637.421000,26.592,1,0,0.007687,orb,1,0.9942938659058488,1.0,26,0,1,,,373.2771301269531,321.2409973144531,388.3323272705078,338.48875244140623,68.33232727050779,158.48875244140623,83.63998413085938,95.82086181640625,3,0.5493126579593567,7,-20,0,tracking,0,0.0
1977,637.453000,38.157,1,0,0.001337,orb,1,0.9959731543624161,1.0,26,0,1,,,375.95361328125,324.3072509765625,391.00881042480466,341.5550061035156,71.00881042480466,161.5550061035156,83.63998413085938,95.82086181640625,4,0.522017619054605,8,-20,0,tracking,0,0.0
1978,637.500000,25.447,1,0,0.003898,orb,1,0.9931506849315068,1.0,26,0,1,,,379.88470458984375,328.8108215332031,394.9399017333984,346.05857666015623,74.93990173339841,166.05857666015623,83.63998413085938,95.82086181640625,5,0.48192803066313555,8,-20,0,tracking,0,0.0
1979,637.546000,34.151,1,0,0.002339,orb,1,0.9986648865153538,1.0,26,0,1,,,383.7321472167969,333.21856689453125,398.78734436035154,350.46632202148436,78.78734436035154,170.46632202148436,83.63998413085938,95.82086181640625,6,0.4426914122374215,9,-20,0,tracking,0,0.0
1980,637.578000,77.225,1,0,0.000742,orb,1,0.9917355371900827,1.0,26,0,1,,,386.40863037109375,336.2848205566406,401.4638275146484,353.53257568359373,81.46382751464841,173.53257568359373,83.63998413085938,95.82086181640625,7,0.4153963733326697,0,0,0,prediction_stale,0,0.0
1982,637.656000,69.054,1,6,0.023602,orb,1,0.9931412894375857,1.0,26,1,0,378.0,318.5,391.1167907714844,340.6874084472656,405.99988708496096,357.6440492248535,85.99988708496096,177.64404922485352,82.68386840820312,94.20355987548828,0,0.7803044004576213,9,-20,0,tracking,0,0.0
1984,637.750000,35.262,1,3,0.013715,orb,1,0.990450204638472,1.0,26,1,0,342.0,275.0,392.16253662109375,340.7286682128906,406.42296630859374,356.8694189453125,86.42296630859374,176.86941894531247,79.224609375,89.67083740234375,0,0.40658857250285174,9,-20,0,tracking,0,0.0
1986,637.812000,47.738,1,3,0.017543,orb,1,0.9888111888111888,1.0,26,1,0,325.5,313.5,389.0669250488281,342.6200256347656,402.5962255859375,358.42584579467774,82.59622558593747,178.42584579467774,75.16278076171875,87.81011199951172,0,0.44867832584317247,9,-20,0,tracking,0,0.0
1987,637.859000,31.729,1,2,0.010082,orb,1,0.9839650145772595,1.0,26,0,1,,,392.5995788574219,346.7471008300781,406.1288793945312,362.55292098999024,86.12887939453122,182.55292098999024,75.16278076171875,87.81011199951172,1,0.4223184741998718,9,-20,0,tracking,0,0.0
1988,637.906000,67.503,1,0,0.005425,orb,1,1.0,1.0,26,0,1,,,396.1322326660156,350.8741760253906,409.661533203125,366.67999618530274,89.66153320312497,186.67999618530274,75.16278076171875,87.81011199951172,2,0.3959586225566349,10,-20,0,tracking,0,0.0
1990,637.968000,20.275,1,0,0.001693,orb,1,0.956390977443609,0.9974131944444444,26,0,1,,,400.7923278808594,356.3183898925781,414.3216284179687,372.12421005249024,94.32162841796872,192.12421005249024,75.16278076171875,87.81011199951172,3,0.3611860523037824,10,-20,0,tracking,0,0.0
1991,638.015000,34.458,1,0,0.002804,orb,1,0.9911634756995582,1.0,26,0,1,,,404.3249816894531,360.4454650878906,417.8542822265625,376.25128524780274,97.85428222656247,196.25128524780274,75.16278076171875,87.81011199951172,4,0.33482620066048174,11,-20,0,tracking,0,0.0
1992,638.062000,20.120,1,0,0.004887,orb,1,0.9956204379562044,1.0,26,0,1,,,407.8576354980469,364.5725402832031,421.3869360351562,380.37836044311524,101.38693603515622,200.37836044311524,75.16278076171875,87.81011199951172,5,0.30846634901718106,11,-20,0,tracking,0,0.0
1993,638.093000,18.644,1,0,0.011838,orb,1,0.9745889387144993,0.9990625,26,0,1,,,410.18768310546875,367.2946472167969,423.7169836425781,383.100467376709,103.7169836425781,203.100467376709,75.16278076171875,87.81011199951172,6,0.2910800638907867,11,-20,0,tracking,0,0.0
1994,638.140000,42.198,1,1,0.008208,orb,1,0.9270516717325228,0.99671875,26,0,1,,,413.7203369140625,371.4217224121094,427.24963745117185,387.2275425720215,107.24963745117185,207.2275425720215,75.16278076171875,87.81011199951172,7,0.26472021224748604,0,0,0,prediction_stale,0,0.0
1995,638.171000,21.009,1,1,0.008027,orb,1,0.9913669064748202,0.9981857638888889,26,0,1,,,416.0503845214844,374.1438293457031,429.5796850585937,389.94964950561524,109.57968505859372,209.94964950561524,75.16278076171875,87.81011199951172,8,0.24733392712102792,0,0,0,prediction_stale,0,0.0
1996,638.218000,27.071,1,1,0.005430,orb,1,0.9753086419753086,1.0,26,0,1,,,419.5830383300781,378.2709045410156,433.1123388671875,394.07672470092774,113.11233886718747,214.07672470092774,75.16278076171875,87.81011199951172,9,0.220974075477791,0,0,0,prediction_stale,0,0.0
1997,638.281000,37.438,1,0,0.004822,orb,1,0.8611111111111112,0.9990538194444445,26,0,1,,,424.31829833984375,383.8029479980469,437.8475988769531,399.608768157959,117.8475988769531,219.608768157959,75.16278076171875,87.81011199951172,10,0.1856406573176478,0,0,0,prediction_stale,0,0.0
1998,638.296000,23.570,1,0,0.000716,orb,1,0.9742033383915023,0.9995659722222222,26,0,1,,,425.44573974609375,385.1200866699219,438.9750402832031,400.925906829834,118.9750402832031,220.925906829834,75.16278076171875,87.81011199951172,11,0.17722793870803222,0,0,0,prediction_stale,0,0.0
1999,638.343000,24.796,1,0,0.000000,orb,1,0.9925816023738873,1.0,26,0,1,,,428.9783935546875,389.2471618652344,442.50769409179685,405.0529820251465,122.50769409179685,225.0529820251465,75.16278076171875,87.81011199951172,12,0.15086808706479532,0,0,0,prediction_stale,0,0.0
2000,638.375000,21.286,1,0,0.001380,orb,1,0.9789473684210527,1.0,26,0,1,,,,,,,,,0.0,0.0,13,0.0,0,0,0,lost,0,0.0
2001,638.421000,43.813,1,0,0.001580,orb,1,0.9773755656108597,1.0,,0,0,,,,,,,,,0.0,0.0,0,0.0,0,0,0,lost,0,0.0
2002,638.453000,20.091,1,0,0.003539,orb,1,0.9246987951807228,0.9946961805555555,,0,0,,,,,,,,,0.0,0.0,0,0.0,0,0,0,lost,0,0.0
2003,638.500000,20.502,1,0,0.000968,orb,1,0.9916434540389972,1.0,,0,0,,,,,,,,,0.0,0.0,0,0.0,0,0,0,lost,0,0.0
2004,638.531000,45.563,1,0,0.000360,orb,1,0.997289972899729,1.0,,0,0,,,,,,,,,0.0,0.0,0,0.0,0,0,0,lost,0,0.0
2005,638.578000,25.508,1,0,0.000000,orb,1,0.9945872801082544,1.0,,0,0,,,,,,,,,0.0,0.0,0,0.0,0,0,0,lost,0,0.0
2006,638.609000,17.169,1,0,0.002751,orb,1,0.9785932721712538,0.9986111111111111,,0,0,,,,,,,,,0.0,0.0,0,0.0,0,0,0,lost,0,0.0
2007,638.656000,40.480,1,0,0.005735,orb,1,0.971830985915493,0.99828125,,0,0,,,,,,,,,0.0,0.0,0,0.0,0,0,0,lost,0,0.0
2008,638.687000,24.551,1,0,0.001787,orb,1,0.9761194029850746,0.9981510416666667,,0,0,,,,,,,,,0.0,0.0,0,0.0,0,0,0,lost,0,0.0
2009,638.734000,25.460,1,0,0.000196,orb,1,0.9884057971014493,0.9990277777777777,,0,0,,,,,,,,,0.0,0.0,0,0.0,0,0,0,lost,0,0.0
2010,638.781000,42.993,1,0,0.001670,orb,1,0.98,0.9956076388888889,,0,0,,,,,,,,,0.0,0.0,0,0.0,0,0,0,lost,0,0.0
2011,638.812000,22.661,1,0,0.004241,orb,1,0.978021978021978,0.9998263888888889,,0,0,,,,,,,,,0.0,0.0,0,0.0,0,0,0,lost,0,0.0
2012,638.859000,24.137,1,0,0.000000,orb,1,0.9883381924198251,1.0,,0,0,,,,,,,,,0.0,0.0,0,0.0,0,0,0,lost,0,0.0
2013,638.890000,50.034,1,0,0.000000,orb,1,0.9841726618705036,0.9994444444444445,,0,0,,,,,,,,,0.0,0.0,0,0.0,0,0,0,lost,0,0.0
2014,638.937000,29.234,1,0,0.000000,orb,1,0.9759398496240601,0.9983420138888889,,0,0,,,,,,,,,0.0,0.0,0,0.0,0,0,0,lost,0,0.0
2015,638.968000,66.857,1,0,0.000000,orb,1,0.9815950920245399,1.0,,0,0,,,,,,,,,0.0,0.0,0,0.0,0,0,0,lost,0,0.0
2017,639.078000,26.848,1,0,0.000599,orb,1,0.9957924263674615,1.0,,0,0,,,,,,,,,0.0,0.0,0,0.0,0,0,0,lost,0,0.0
2018,639.093000,22.033,1,0,0.000000,orb,1,0.9974025974025974,1.0,,0,0,,,,,,,,,0.0,0.0,0,0.0,0,0,0,lost,0,0.0
2019,639.156000,34.179,1,0,0.000000,orb,1,0.9973544973544973,1.0,,0,0,,,,,,,,,0.0,0.0,0,0.0,0,0,0,lost,0,0.0
2020,639.171000,36.633,1,0,0.000000,orb,1,0.9986666666666667,1.0,,0,0,,,,,,,,,0.0,0.0,0,0.0,0,0,0,lost,0,0.0
2021,639.218000,49.256,1,0,0.000000,orb,1,0.9946380697050938,1.0,,0,0,,,,,,,,,0.0,0.0,0,0.0,0,0,0,lost,0,0.0
2023,639.296000,27.970,1,0,0.004427,orb,1,0.9945504087193461,1.0,,0,0,,,,,,,,,0.0,0.0,0,0.0,0,0,0,lost,0,0.0
2024,639.343000,18.848,1,0,0.001072,orb,1,0.9916782246879334,1.0,,0,0,,,,,,,,,0.0,0.0,0,0.0,0,0,0,lost,0,0.0
2025,639.375000,43.955,1,0,0.000777,orb,1,0.994535519125683,1.0,,0,0,,,,,,,,,0.0,0.0,0,0.0,0,0,0,lost,0,0.0
2026,639.421000,30.150,1,0,0.002253,orb,1,0.993234100135318,1.0,,0,0,,,,,,,,,0.0,0.0,0,0.0,0,0,0,lost,0,0.0
2027,639.453000,33.437,1,0,0.005768,orb,1,0.9917695473251029,1.0,,0,0,,,,,,,,,0.0,0.0,0,0.0,0,0,0,lost,0,0.0
2028,639.500000,21.906,1,0,0.004453,orb,1,0.9945054945054945,1.0,,0,0,,,,,,,,,0.0,0.0,0,0.0,0,0,0,lost,0,0.0
2029,639.531000,20.386,1,0,0.002283,orb,1,0.9904240766073872,1.0,,0,0,,,,,,,,,0.0,0.0,0,0.0,0,0,0,lost,0,0.0
2030,639.578000,38.673,1,0,0.003229,orb,1,0.9946380697050938,1.0,,0,0,,,,,,,,,0.0,0.0,0,0.0,0,0,0,lost,0,0.0
2031,639.625000,24.399,1,0,0.004193,orb,1,0.9986091794158554,1.0,,0,0,,,,,,,,,0.0,0.0,0,0.0,0,0,0,lost,0,0.0
2032,639.656000,28.733,1,0,0.006211,orb,1,0.994572591587517,1.0,,0,0,,,,,,,,,0.0,0.0,0,0.0,0,0,0,lost,0,0.0
2033,639.703000,57.988,1,0,0.004878,orb,1,0.9902370990237099,1.0,,0,0,,,,,,,,,0.0,0.0,0,0.0,0,0,0,lost,0,0.0
2035,639.781000,50.754,1,1,0.015556,orb,1,0.9879336349924586,1.0,27,1,0,88.0,149.5,88.0,149.5,88.0,149.5,-232.0,-30.5,0.0,0.0,0,0.7502732240437159,-20,6,0,tracking,0,0.0
2036,639.812000,51.621,1,1,0.005569,orb,1,0.9973297730307076,1.0,27,1,0,88.0,132.0,88.0,136.62908935546875,88.0,136.5573354846239,-232.0,-43.442664515376094,0.0,-0.39863261580467224,0,0.6482440476190476,-20,8,0,tracking,0,0.0
2038,639.906000,45.666,1,1,0.012626,orb,1,0.9958448753462604,1.0,27,1,0,98.0,136.0,92.33202362060547,136.3353271484375,92.62159936904908,136.2464415794611,-227.37840063095092,-43.753558420538894,1.6087541580200195,-0.49380871653556824,0,0.8019545897961866,-20,9,0,tracking,0,0.0
2039,639.937000,37.785,1,0,0.003464,orb,1,1.0,1.0,27,0,1,,,92.38189697265625,136.3200225830078,92.67147272109986,136.23113701403142,-227.32852727890014,-43.76886298596858,1.6087541580200195,-0.49380871653556824,1,0.7708788494415215,-20,9,0,tracking,0,0.0
2041,640.015000,54.151,1,1,0.008281,orb,1,0.9972413793103448,1.0,27,1,0,109.5,137.5,98.17720031738281,136.68807983398438,99.40188081741333,136.6662478582561,-220.5981191825867,-43.3337521417439,6.803780555725098,-0.12128875404596329,0,0.742806501889781,-20,8,0,tracking,0,0.0
2042,640.062000,19.746,1,0,0.000382,orb,1,0.9959946595460614,1.0,27,0,1,,,98.49697875976562,136.682373046875,99.72165925979614,136.66054107114672,-220.27834074020387,-43.339458928853276,6.803780555725098,-0.12128875404596329,1,0.6991666199037327,-20,8,0,tracking,0,0.0
2043,640.125000,17.913,1,0,0.000794,orb,1,0.9960681520314548,1.0,27,0,1,,,98.92561340332031,136.6747283935547,100.15029390335083,136.6528964178264,-219.8497060966492,-43.34710358217359,6.803780555725098,-0.12128875404596329,2,0.6406706078799235,-20,8,0,tracking,0,0.0
2044,640.140000,50.759,1,0,0.000477,orb,1,1.0,1.0,27,0,1,,,99.02767181396484,136.67291259765625,100.25235231399536,136.65108062192797,-219.74764768600465,-43.348919378072026,6.803780555725098,-0.12128875404596329,3,0.6267429859695027,-20,8,0,tracking,0,0.0
2045,640.187000,34.516,1,0,0.000655,orb,1,0.9973753280839895,1.0,27,0,1,,,99.34745025634766,136.66720581054688,100.57213075637817,136.6453738348186,-219.42786924362184,-43.3546261651814,6.803780555725098,-0.12128875404596329,4,0.5831031039834544,-20,8,0,tracking,0,0.0
2046,640.218000,50.201,1,0,0.000195,orb,1,0.9960578186596584,1.0,27,0,1,,,99.55836486816406,136.6634521484375,100.78304536819458,136.64162017270922,-219.21695463180544,-43.358379827290776,6.803780555725098,-0.12128875404596329,5,0.5543193520352727,-20,8,0,tracking,0,0.0
2048,640.296000,22.371,1,0,0.004032,orb,1,0.9931972789115646,1.0,27,0,1,,,100.08905792236328,136.65399169921875,101.3137384223938,136.63215972349047,-218.68626157760622,-43.367840276509526,6.803780555725098,-0.12128875404596329,6,0.4818957181009372,-20,8,0,tracking,0,0.0
2049,640.343000,40.719,1,0,0.001324,orb,1,0.9947089947089947,1.0,27,0,1,,,100.4088363647461,136.64828491210938,101.63351686477661,136.6264529363811,-218.3664831352234,-43.3735470636189,6.803780555725098,-0.12128875404596329,7,0.43825583611499447,0,0,0,prediction_stale,0,0.0
2050,640.375000,18.578,1,0,0.001554,orb,1,0.9912023460410557,1.0,27,0,1,,,100.62655639648438,136.6444091796875,101.85123689651489,136.62257720395922,-218.14876310348512,-43.377422796040776,6.803780555725098,-0.12128875404596329,8,0.4085435760393669,0,0,0,prediction_stale,0,0.0
2051,640.421000,21.395,1,0,0.000534,orb,1,0.994729907773386,1.0,27,0,1,,,100.93952941894531,136.63882446289062,102.16420991897583,136.61699248716235,-217.8357900810242,-43.38300751283765,6.803780555725098,-0.12128875404596329,9,0.36583220218065887,0,0,0,prediction_stale,0,0.0
2052,640.453000,43.212,1,0,0.001988,orb,1,0.9933598937583001,1.0,27,0,1,,,101.1572494506836,136.63494873046875,102.38192995071411,136.61311675474047,-217.6180700492859,-43.386883245259526,6.803780555725098,-0.12128875404596329,10,0.3361199421051369,0,0,0,prediction_stale,0,0.0
2053,640.500000,19.581,1,0,0.007487,orb,1,0.9959623149394348,1.0,27,0,1,,,101.4770278930664,136.62924194335938,102.70170839309692,136.6074099676311,-217.2982916069031,-43.3925900323689,6.803780555725098,-0.12128875404596329,11,0.2924800601190886,0,0,0,prediction_stale,0,0.0
2054,640.531000,38.786,1,4,0.015056,orb,1,0.9821428571428571,1.0,27,1,0,288.5,275.5,208.6813507080078,216.16348266601562,233.55459533691408,233.7217938232422,-86.44540466308592,53.721793823242194,138.1846923828125,97.54617309570312,0,0.37389277688784406,-9,-10,0,tracking,0,0.0
2055,640.578000,35.403,1,5,0.020837,orb,1,0.9905913978494624,0.9996006944444444,27,1,0,317.0,252.0,254.98890686035156,232.967529296875,288.4692034912109,253.16751953125,-31.53079650878908,73.16751953125001,186.00164794921875,112.22216796875,0,0.28761455180196116,-3,-14,0,tracking,0,0.0
2056,640.625000,30.896,1,4,0.024666,orb,1,0.994535519125683,1.0,27,1,0,305.5,289.5,276.4438781738281,253.84295654296875,312.646106262207,277.38324096679685,-7.353893737792987,97.38324096679685,201.1234893798828,130.77935791015625,0,0.5381360704608766,0,-19,0,tracking,0,0.0
2057,640.656000,19.507,1,5,0.036070,orb,1,0.9899425287356322,0.9986197916666667,27,1,0,306.5,245.5,288.5577697753906,254.8375244140625,326.01868225097655,277.72276275634766,6.018682250976553,97.72276275634766,208.11618041992188,127.14021301269531,0,0.7036256110145748,0,-19,0,tracking,0,0.0
2058,640.703000,31.659,1,5,0.040102,orb,1,0.971830985915493,0.9969270833333334,27,1,0,309.0,254.0,300.6459045410156,259.3389587402344,338.6033248901367,281.9068872070313,18.60332489013672,101.90688720703128,210.8745574951172,125.37738037109375,0,0.7940069147109106,0,-20,0,tracking,0,0.0
2059,640.734000,22.238,1,7,0.067204,orb,1,0.8754098360655738,0.994140625,27,1,0,306.0,253.5,306.95941162109375,261.38726806640625,344.86843170166014,283.5572950744629,24.868431701660143,103.5572950744629,210.6056671142578,123.16681671142578,0,0.819888866513772,0,-20,0,tracking,0,0.0
2060,640.781000,34.142,1,8,0.094962,orb,1,0.8705501618122977,0.9907986111111111,27,1,0,284.5,288.5,311.2027282714844,270.9028625488281,347.87669006347653,293.8867951965332,27.87669006347653,113.88679519653323,203.74423217773438,127.68851470947266,0,0.676840688486051,3,-20,0,tracking,0,0.0
2061,640.812000,28.385,1,10,0.091139,orb,1,0.8758278145695364,0.9926475694444444,27,1,0,310.0,254.0,316.3264465332031,271.552978515625,352.73856567382813,293.8104168701172,32.738565673828134,113.8104168701172,202.28955078125,123.65243530273438,0,0.6839777330646201,4,-20,0,tracking,0,0.0
2062,640.859000,31.652,1,9,0.111883,orb,1,0.8848684210526315,0.9910416666666667,27,1,0,348.5,312.0,329.258056640625,282.5968322753906,366.42704040527343,306.01081787109376,46.42704040527343,126.01081787109376,206.49435424804688,130.07769775390625,0,0.6598605311264687,5,-20,0,tracking,0,0.0
2063,640.890000,56.130,1,8,0.097087,orb,1,0.9591836734693877,0.9953168402777778,27,1,0,341.0,310.0,336.4080505371094,289.90545654296875,373.7429965209961,314.0456988525391,53.74299652099609,134.0456988525391,207.41636657714844,134.11245727539062,0,0.6744864241141897,6,-20,0,tracking,0,0.0
2065,640.984000,38.052,1,3,0.191227,orb,1,0.9083333333333333,0.9951041666666667,27,1,0,357.0,281.0,356.069580078125,299.28173828125,393.440671081543,322.71176666259765,73.44067108154297,142.71176666259765,207.61717224121094,130.1668243408203,0,0.5871392885765297,8,-20,0,tracking,0,0.0
2066,641.015000,61.442,1,5,0.102649,orb,1,0.8597449908925319,0.9941059027777778,27,1,0,279.0,269.5,350.8675842285156,298.6038513183594,385.6971447753906,321.0046488952637,65.6971447753906,141.0046488952637,193.49755859375,124.4488754272461,0,0.2869773869417458,7,-20,0,tracking,0,0.0
2068,641.109000,35.165,1,8,0.156478,orb,1,0.9169811320754717,0.9943793402777777,27,1,0,371.0,256.5,369.34527587890625,302.3049621582031,404.2360906982422,323.0101614379883,84.23609069824221,143.0101614379883,193.83786010742188,115.02888488769531,0,0.512371770968727,9,-20,0,tracking,0,0.0
2069,641.140000,30.540,1,11,0.059783,orb,1,0.9348914858096828,0.9954296875,27,1,0,371.0,267.0,374.75421142578125,300.5141296386719,409.5192904663086,320.09686676025393,89.51929046630858,140.09686676025393,193.1393280029297,108.79298400878906,0,0.5090786239390415,10,-20,0,tracking,0,0.0
2070,641.171000,17.849,1,4,0.078862,orb,1,0.8887096774193548,0.9907118055555556,27,0,1,,,380.74151611328125,303.88671875,415.5065951538086,323.46945587158206,95.50659515380858,143.46945587158206,193.1393280029297,108.79298400878906,1,0.48935182726136367,10,-20,0,tracking,0,0.0
2071,641.218000,30.995,1,5,0.043295,orb,1,0.9539877300613497,0.9997916666666666,27,1,0,357.5,273.5,385.2462158203125,303.97705078125,419.0835186767578,322.540697479248,99.08351867675782,142.54069747924802,187.98501586914062,103.1313705444336,0,0.6537940262219715,11,-20,0,tracking,0,0.0
2072,641.250000,24.691,1,5,0.047309,orb,1,0.9707174231332357,1.0,27,1,0,352.0,276.5,386.08135986328125,303.2163391113281,418.8822262573242,320.9675248718262,98.88222625732419,140.96752487182619,182.22703552246094,98.6176986694336,0,0.6076156819184242,11,-20,0,tracking,0,0.0
2073,641.296000,17.758,1,6,0.053503,orb,1,0.9775449101796407,1.0,27,1,0,346.5,279.0,388.3528137207031,304.08941650390625,419.9547833251953,321.1219027709961,99.95478332519531,141.1219027709961,175.56649780273438,94.62492370605469,0,0.561561406787694,11,-20,0,tracking,0,0.0
2074,641.343000,31.748,1,6,0.049475,orb,1,0.9865671641791045,1.0,27,1,0,342.5,280.5,389.9178771972656,305.0718078613281,420.23436126708987,321.43815872192386,100.23436126708987,141.43815872192386,168.42491149902344,90.9241714477539,0,0.5404787792960408,11,-20,0,tracking,0,0.0
2075,641.375000,21.135,1,4,0.037530,orb,1,0.9850074962518741,1.0,27,1,0,337.5,280.5,388.55450439453125,304.77105712890625,417.5902160644531,320.52853469848634,97.5902160644531,140.52853469848634,161.30950927734375,87.54154205322266,0,0.5207166392644832,11,-20,0,tracking,0,0.0
2076,641.421000,17.789,1,5,0.035172,orb,1,0.9823529411764705,0.9995399305555556,27,1,0,334.0,281.0,388.9132080078125,305.630615234375,416.6351388549805,320.7988122558594,96.63513885498048,140.7988122558594,154.01072692871094,84.26776123046875,0,0.5069735560538093,11,-20,0,tracking,0,0.0
2077,641.453000,48.125,1,4,0.033190,orb,1,0.9721407624633431,1.0,27,1,0,330.5,281.5,386.97015380859375,305.4169006347656,413.43046966552737,320.05076385498046,93.43046966552737,140.05076385498046,147.0017547607422,81.29924011230469,0,0.5042689267534568,10,-20,0,tracking,0,0.0
2078,641.500000,21.073,1,3,0.028018,orb,1,0.9668587896253602,0.9994704861111111,27,1,0,326.5,283.0,386.6980895996094,306.44158935546875,411.86516632080077,320.5718557739258,91.86516632080077,140.5718557739258,139.8170928955078,78.50148010253906,0,0.4919518077756575,10,-20,0,tracking,0,0.0
2079,641.531000,37.675,1,4,0.034873,orb,1,0.9673105497771174,0.998046875,27,0,1,,,391.03240966796875,308.8751220703125,416.19948638916014,323.00538848876954,96.19948638916014,143.00538848876954,139.8170928955078,78.50148010253906,1,0.4728886752243821,11,-20,0,tracking,0,0.0
2080,641.578000,38.941,1,4,0.041564,orb,1,0.9510961214165261,0.9950477430555555,27,0,1,,,397.60382080078125,312.564697265625,422.77089752197264,326.69496368408204,102.77089752197264,146.69496368408204,139.8170928955078,78.50148010253906,2,0.44398650651754656,11,-20,0,tracking,0,0.0
2081,641.609000,30.327,1,3,0.026502,orb,1,0.966996699669967,0.9978645833333334,27,0,1,,,401.9381408691406,314.99822998046875,427.105217590332,329.1284963989258,107.10521759033202,149.1284963989258,139.8170928955078,78.50148010253906,3,0.4249233739662012,12,-20,0,tracking,0,0.0
2083,641.703000,47.322,1,4,0.060760,orb,1,0.9166666666666666,1.0,27,1,0,315.5,281.0,401.56744384765625,316.7623291015625,424.53583084106447,329.97900680541994,104.53583084106447,149.97900680541994,127.6021499633789,73.42598724365234,0,0.4397759077917549,11,-20,0,tracking,0,0.0
