frame_id,capture_time,processing_ms,detection_ok,detection_count,changed_pixel_ratio,compensation_mode,compensation_ok,inlier_ratio,overlap_ratio,track_id,visible,prediction_only,measured_x,measured_y,filtered_x,filtered_y,predicted_x,predicted_y,center_error_x,center_error_y,velocity_x,velocity_y,miss_count,confidence,pan,tilt,zoom,command_reason,captured,sharpness
0,348.531000,28.266,0,0,0.000000,none,0,,,,0,0,,,,,,,,,0.0,0.0,0,0.0,0,0,0,lost,0,0.0
14,348.578000,5.705,1,9,0.137010,identity,1,,1.0,1,1,0,108.5,105.0,108.5,105.0,108.5,105.0,-211.5,-75.0,0.0,0.0,0,0.7181357839459865,-20,15,0,tracking,0,0.0
15,348.609000,3.595,1,2,0.021445,identity,1,,1.0,1,0,1,,,108.5,105.0,108.5,105.0,-211.5,-75.0,0.0,0.0,1,0.6903080223180742,-20,15,0,tracking,0,0.0
16,348.656000,3.645,1,0,0.000395,identity,1,,1.0,1,0,1,,,108.5,105.0,108.5,105.0,-211.5,-75.0,0.0,0.0,2,0.6481175450112246,-20,15,0,tracking,0,0.0
17,348.687000,3.381,1,0,0.000378,identity,1,,1.0,1,0,1,,,108.5,105.0,108.5,105.0,-211.5,-75.0,0.0,0.0,3,0.6202897833833124,-20,15,0,tracking,0,0.0
18,348.734000,3.401,1,0,0.000000,identity,1,,1.0,1,0,1,,,108.5,105.0,108.5,105.0,-211.5,-75.0,0.0,0.0,4,0.5780993060765138,-20,15,0,tracking,0,0.0
19,348.765000,3.426,1,0,0.000113,identity,1,,1.0,1,0,1,,,108.5,105.0,108.5,105.0,-211.5,-75.0,0.0,0.0,5,0.5502715444486016,-20,15,0,tracking,0,0.0
20,348.812000,3.607,1,0,0.000286,identity,1,,1.0,1,0,1,,,108.5,105.0,108.5,105.0,-211.5,-75.0,0.0,0.0,6,0.508081067141752,-20,15,0,tracking,0,0.0
21,348.875000,6.766,1,0,0.000000,identity,1,,1.0,1,0,1,,,108.5,105.0,108.5,105.0,-211.5,-75.0,0.0,0.0,7,0.4515278741560162,-20,15,0,tracking,0,0.0
22,348.890000,5.748,1,0,0.000000,identity,1,,1.0,1,0,1,,,108.5,105.0,108.5,105.0,-211.5,-75.0,0.0,0.0,8,0.4380628282070412,0,0,0,prediction_stale,0,0.0
23,348.937000,4.330,1,0,0.000000,identity,1,,1.0,1,0,1,,,108.5,105.0,108.5,105.0,-211.5,-75.0,0.0,0.0,9,0.3958723509001916,0,0,0,prediction_stale,0,0.0
24,348.984000,3.229,1,0,0.002287,identity,1,,1.0,1,0,1,,,108.5,105.0,108.5,105.0,-211.5,-75.0,0.0,0.0,10,0.35368187359339304,0,0,0,prediction_stale,0,0.0
25,349.015000,4.389,1,0,0.001801,identity,1,,1.0,1,0,1,,,108.5,105.0,108.5,105.0,-211.5,-75.0,0.0,0.0,11,0.32585411196548075,0,0,0,prediction_stale,0,0.0
26,349.062000,3.199,1,0,0.001124,identity,1,,1.0,1,0,1,,,108.5,105.0,108.5,105.0,-211.5,-75.0,0.0,0.0,12,0.2836636346586312,0,0,0,prediction_stale,0,0.0
27,349.093000,3.565,1,0,0.002040,identity,1,,1.0,1,0,1,,,,,,,,,0.0,0.0,13,0.0,0,0,0,lost,0,0.0
28,349.140000,3.932,1,0,0.001089,identity,1,,1.0,,0,0,,,,,,,,,0.0,0.0,0,0.0,0,0,0,lost,0,0.0
29,349.171000,3.431,1,0,0.000391,identity,1,,1.0,,0,0,,,,,,,,,0.0,0.0,0,0.0,0,0,0,lost,0,0.0
30,349.218000,3.778,1,0,0.000612,identity,1,,1.0,,0,0,,,,,,,,,0.0,0.0,0,0.0,0,0,0,lost,0,0.0
31,349.250000,5.127,1,0,0.000642,identity,1,,1.0,,0,0,,,,,,,,,0.0,0.0,0,0.0,0,0,0,lost,0,0.0
32,349.296000,6.564,1,0,0.000000,identity,1,,1.0,,0,0,,,,,,,,,0.0,0.0,0,0.0,0,0,0,lost,0,0.0
33,349.343000,4.020,1,0,0.000000,identity,1,,1.0,,0,0,,,,,,,,,0.0,0.0,0,0.0,0,0,0,lost,0,0.0
34,349.375000,5.613,1,0,0.000000,identity,1,,1.0,,0,0,,,,,,,,,0.0,0.0,0,0.0,0,0,0,lost,0,0.0
35,349.421000,4.778,1,0,0.000000,identity,1,,1.0,,0,0,,,,,,,,,0.0,0.0,0,0.0,0,0,0,lost,0,0.0
36,349.453000,3.499,1,0,0.000000,identity,1,,1.0,,0,0,,,,,,,,,0.0,0.0,0,0.0,0,0,0,lost,0,0.0
37,349.515000,7.655,1,0,0.000000,identity,1,,1.0,,0,0,,,,,,,,,0.0,0.0,0,0.0,0,0,0,lost,0,0.0
38,349.531000,4.909,1,0,0.000000,identity,1,,1.0,,0,0,,,,,,,,,0.0,0.0,0,0.0,0,0,0,lost,0,0.0
39,349.578000,3.241,1,0,0.000000,identity,1,,1.0,,0,0,,,,,,,,,0.0,0.0,0,0.0,0,0,0,lost,0,0.0
40,349.609000,6.402,1,0,0.001115,identity,1,,1.0,,0,0,,,,,,,,,0.0,0.0,0,0.0,0,0,0,lost,0,0.0
41,349.656000,4.389,1,0,0.000595,identity,1,,1.0,,0,0,,,,,,,,,0.0,0.0,0,0.0,0,0,0,lost,0,0.0
42,349.703000,4.546,1,0,0.000677,identity,1,,1.0,,0,0,,,,,,,,,0.0,0.0,0,0.0,0,0,0,lost,0,0.0
43,349.734000,3.602,1,0,0.000720,identity,1,,1.0,,0,0,,,,,,,,,0.0,0.0,0,0.0,0,0,0,lost,0,0.0
44,349.781000,3.133,1,0,0.000773,identity,1,,1.0,,0,0,,,,,,,,,0.0,0.0,0,0.0,0,0,0,lost,0,0.0
45,349.812000,4.440,1,0,0.000742,identity,1,,1.0,,0,0,,,,,,,,,0.0,0.0,0,0.0,0,0,0,lost,0,0.0
46,349.859000,4.513,1,0,0.000243,identity,1,,1.0,,0,0,,,,,,,,,0.0,0.0,0,0.0,0,0,0,lost,0,0.0
47,349.890000,4.585,1,0,0.000000,identity,1,,1.0,,0,0,,,,,,,,,0.0,0.0,0,0.0,0,0,0,lost,0,0.0
48,349.937000,7.321,1,0,0.000000,identity,1,,1.0,,0,0,,,,,,,,,0.0,0.0,0,0.0,0,0,0,lost,0,0.0
49,349.968000,5.616,1,0,0.000000,identity,1,,1.0,,0,0,,,,,,,,,0.0,0.0,0,0.0,0,0,0,lost,0,0.0
50,350.015000,7.754,1,0,0.000000,identity,1,,1.0,,0,0,,,,,,,,,0.0,0.0,0,0.0,0,0,0,lost,0,0.0
51,350.046000,5.453,1,0,0.000638,identity,1,,1.0,,0,0,,,,,,,,,0.0,0.0,0,0.0,0,0,0,lost,0,0.0
52,350.093000,5.981,1,0,0.000000,identity,1,,1.0,,0,0,,,,,,,,,0.0,0.0,0,0.0,0,0,0,lost,0,0.0
53,350.125000,7.585,1,0,0.000113,identity,1,,1.0,,0,0,,,,,,,,,0.0,0.0,0,0.0,0,0,0,lost,0,0.0
54,350.187000,3.261,1,0,0.000000,identity,1,,1.0,,0,0,,,,,,,,,0.0,0.0,0,0.0,0,0,0,lost,0,0.0
55,350.218000,5.242,1,0,0.000000,identity,1,,1.0,,0,0,,,,,,,,,0.0,0.0,0,0.0,0,0,0,lost,0,0.0
56,350.250000,5.606,1,0,0.000000,identity,1,,1.0,,0,0,,,,,,,,,0.0,0.0,0,0.0,0,0,0,lost,0,0.0
57,350.296000,6.970,1,0,0.000000,identity,1,,1.0,,0,0,,,,,,,,,0.0,0.0,0,0.0,0,0,0,lost,0,0.0
58,350.328000,6.483,1,0,0.000000,identity,1,,1.0,,0,0,,,,,,,,,0.0,0.0,0,0.0,0,0,0,lost,0,0.0
59,350.375000,3.839,1,0,0.000000,identity,1,,1.0,,0,0,,,,,,,,,0.0,0.0,0,0.0,0,0,0,lost,0,0.0
60,350.406000,7.230,1,0,0.000699,identity,1,,1.0,,0,0,,,,,,,,,0.0,0.0,0,0.0,0,0,0,lost,0,0.0
61,350.453000,3.896,1,0,0.001059,identity,1,,1.0,,0,0,,,,,,,,,0.0,0.0,0,0.0,0,0,0,lost,0,0.0
62,350.484000,2.524,1,0,0.000113,identity,1,,1.0,,0,0,,,,,,,,,0.0,0.0,0,0.0,0,0,0,lost,0,0.0
63,350.531000,3.094,1,0,0.000972,identity,1,,1.0,,0,0,,,,,,,,,0.0,0.0,0,0.0,0,0,0,lost,0,0.0
64,350.578000,2.636,1,0,0.000000,identity,1,,1.0,,0,0,,,,,,,,,0.0,0.0,0,0.0,0,0,0,lost,0,0.0
65,350.609000,2.752,1,0,0.001102,identity,1,,1.0,,0,0,,,,,,,,,0.0,0.0,0,0.0,0,0,0,lost,0,0.0
66,350.656000,2.722,1,0,0.000000,identity,1,,1.0,,0,0,,,,,,,,,0.0,0.0,0,0.0,0,0,0,lost,0,0.0
67,350.687000,2.500,1,0,0.000000,identity,1,,1.0,,0,0,,,,,,,,,0.0,0.0,0,0.0,0,0,0,lost,0,0.0
68,350.734000,3.225,1,0,0.000000,identity,1,,1.0,,0,0,,,,,,,,,0.0,0.0,0,0.0,0,0,0,lost,0,0.0
69,350.781000,4.676,1,0,0.000000,identity,1,,1.0,,0,0,,,,,,,,,0.0,0.0,0,0.0,0,0,0,lost,0,0.0
70,350.812000,3.023,1,0,0.000000,identity,1,,1.0,,0,0,,,,,,,,,0.0,0.0,0,0.0,0,0,0,lost,0,0.0
71,350.859000,2.638,1,0,0.000000,identity,1,,1.0,,0,0,,,,,,,,,0.0,0.0,0,0.0,0,0,0,lost,0,0.0
72,350.890000,2.463,1,0,0.000000,identity,1,,1.0,,0,0,,,,,,,,,0.0,0.0,0,0.0,0,0,0,lost,0,0.0
73,350.937000,3.243,1,0,0.000000,identity,1,,1.0,,0,0,,,,,,,,,0.0,0.0,0,0.0,0,0,0,lost,0,0.0
74,350.968000,2.467,1,0,0.000000,identity,1,,1.0,,0,0,,,,,,,,,0.0,0.0,0,0.0,0,0,0,lost,0,0.0
75,351.015000,4.055,1,0,0.000000,identity,1,,1.0,,0,0,,,,,,,,,0.0,0.0,0,0.0,0,0,0,lost,0,0.0
76,351.046000,2.679,1,0,0.000000,identity,1,,1.0,,0,0,,,,,,,,,0.0,0.0,0,0.0,0,0,0,lost,0,0.0
77,351.093000,2.371,1,0,0.000000,identity,1,,1.0,,0,0,,,,,,,,,0.0,0.0,0,0.0,0,0,0,lost,0,0.0
78,351.140000,3.918,1,0,0.000000,identity,1,,1.0,,0,0,,,,,,,,,0.0,0.0,0,0.0,0,0,0,lost,0,0.0
79,351.171000,2.577,1,1,0.006280,identity,1,,1.0,2,1,0,471.0,61.0,471.0,61.0,471.0,61.0,151.0,-119.0,0.0,0.0,0,0.6884322478991597,17,20,0,tracking,0,0.0
80,351.218000,4.486,1,0,0.000000,identity,1,,1.0,2,0,1,,,471.0,61.0,471.0,61.0,151.0,-119.0,0.0,0.0,1,0.6479868533350621,17,20,0,tracking,0,0.0
81,351.250000,2.639,1,0,0.000490,identity,1,,1.0,2,0,1,,,471.0,61.0,471.0,61.0,151.0,-119.0,0.0,0.0,2,0.6204495634191111,17,20,0,tracking,0,0.0
82,351.296000,2.406,1,0,0.000000,identity,1,,1.0,2,0,1,,,471.0,61.0,471.0,61.0,151.0,-119.0,0.0,0.0,3,0.580864709164916,17,20,0,tracking,0,0.0
83,351.328000,2.612,1,0,0.000000,identity,1,,1.0,2,0,1,,,471.0,61.0,471.0,61.0,151.0,-119.0,0.0,0.0,4,0.5533274192489649,17,20,0,tracking,0,0.0
84,351.375000,3.036,1,0,0.000343,identity,1,,1.0,2,0,1,,,471.0,61.0,471.0,61.0,151.0,-119.0,0.0,0.0,5,0.5128820246848673,17,20,0,tracking,0,0.0
85,351.406000,3.939,1,0,0.000000,identity,1,,1.0,2,0,1,,,471.0,61.0,471.0,61.0,151.0,-119.0,0.0,0.0,6,0.4862052750787698,17,20,0,tracking,0,0.0
106,352.250000,3.513,1,1,0.009605,identity,1,,1.0,2,0,1,,,,,,,,,0.0,0.0,7,0.0,0,0,0,lost,0,0.0
107,352.296000,2.722,1,0,0.000000,identity,1,,1.0,,0,0,,,,,,,,,0.0,0.0,0,0.0,0,0,0,lost,0,0.0
108,352.328000,2.470,1,0,0.000000,identity,1,,1.0,,0,0,,,,,,,,,0.0,0.0,0,0.0,0,0,0,lost,0,0.0
109,352.375000,3.721,1,0,0.000000,identity,1,,1.0,,0,0,,,,,,,,,0.0,0.0,0,0.0,0,0,0,lost,0,0.0
110,352.421000,3.918,1,0,0.000000,identity,1,,1.0,,0,0,,,,,,,,,0.0,0.0,0,0.0,0,0,0,lost,0,0.0
111,352.453000,2.705,1,0,0.000000,identity,1,,1.0,,0,0,,,,,,,,,0.0,0.0,0,0.0,0,0,0,lost,0,0.0
112,352.500000,2.410,1,0,0.000000,identity,1,,1.0,,0,0,,,,,,,,,0.0,0.0,0,0.0,0,0,0,lost,0,0.0
113,352.531000,2.453,1,0,0.000000,identity,1,,1.0,,0,0,,,,,,,,,0.0,0.0,0,0.0,0,0,0,lost,0,0.0
114,352.578000,2.604,1,0,0.000000,identity,1,,1.0,,0,0,,,,,,,,,0.0,0.0,0,0.0,0,0,0,lost,0,0.0
115,352.609000,3.869,1,0,0.001168,identity,1,,1.0,,0,0,,,,,,,,,0.0,0.0,0,0.0,0,0,0,lost,0,0.0
116,352.656000,2.704,1,0,0.001328,identity,1,,1.0,,0,0,,,,,,,,,0.0,0.0,0,0.0,0,0,0,lost,0,0.0
117,352.687000,2.794,1,1,0.007188,identity,1,,1.0,3,1,0,447.5,126.5,447.5,126.5,447.5,126.5,127.5,-53.5,0.0,0.0,0,0.6595880149812734,14,10,0,tracking,0,0.0
118,352.734000,2.611,1,1,0.010851,identity,1,,1.0,3,1,0,444.0,110.5,444.9249572753906,114.72842407226562,444.90321836560963,114.62904620051384,124.90321836560963,-65.37095379948616,-0.12077172100543976,-0.5520992875099182,0,0.6481130992435427,14,13,0,tracking,0,0.0
119,352.765000,2.716,1,1,0.012682,identity,1,,1.0,3,1,0,440.5,107.0,443.0401611328125,111.4304428100586,442.96332705616953,111.23496983289719,122.96332705616953,-68.76503016710281,-0.42685598134994507,-1.0859609842300415,0,0.6962011788987287,13,13,0,tracking,0,0.0
120,352.812000,3.031,1,2,0.014844,identity,1,,1.0,3,1,0,437.0,115.5,441.18621826171875,112.63465118408203,440.95925842523576,112.54193509340286,120.95925842523576,-67.45806490659714,-1.2608879804611206,-0.5150893926620483,0,0.7823815513361703,13,13,0,tracking,0,0.0
121,352.859000,2.730,1,4,0.017140,identity,1,,1.0,3,1,0,436.0,116.0,439.8731994628906,113.4393310546875,439.4599045276642,113.46980576097965,119.45990452766421,-66.53019423902035,-2.2960829734802246,0.16930392384529114,0,0.8156510905975598,13,13,0,tracking,0,0.0
122,352.890000,2.636,1,4,0.017799,identity,1,,1.0,3,1,0,433.0,121.5,438.39996337890625,115.10498809814453,437.7094950580597,115.4637100148201,117.7094950580597,-64.5362899851799,-3.835935115814209,1.9928995370864868,0,0.8110996653902297,13,13,0,tracking,0,0.0
123,352.937000,3.691,1,4,0.015933,identity,1,,1.0,3,1,0,423.5,139.0,435.43621826171875,119.69941711425781,433.99467348098756,121.2726117515564,113.99467348098756,-58.7273882484436,-8.00858211517334,8.739970207214355,0,0.6264516859283288,12,11,0,tracking,0,0.0
124,352.968000,2.767,1,2,0.022843,identity,1,,1.0,3,1,0,420.0,148.5,432.5614013671875,124.90416717529297,430.3020954322815,128.01347553253174,110.30209543228148,-51.98652446746826,-12.5516996383667,17.273935317993164,0,0.5565119527865118,12,10,0,tracking,0,0.0
125,353.015000,4.406,1,2,0.037700,identity,1,,1.0,3,1,0,402.5,59.0,426.92950439453125,114.30231475830078,422.8557852554321,113.30424495697021,102.85578525543212,-66.69575504302979,-22.631772994995117,-5.544832229614258,0,0.4590700049905979,11,13,0,tracking,0,0.0
126,353.046000,2.722,1,2,0.052266,identity,1,,1.0,3,1,0,409.0,66.0,423.4230651855469,106.29437255859375,418.2783768081665,102.30428443908691,98.27837680816651,-77.69571556091309,-28.581602096557617,-22.167156219482422,0,0.5504767251182797,11,15,0,tracking,0,0.0
127,353.093000,2.597,1,2,0.082079,identity,1,,1.0,3,1,0,419.0,65.0,421.5664978027344,98.54427337646484,416.21597438812256,91.86390335083007,96.21597438812256,-88.13609664916993,-29.725130081176758,-37.11316680908203,0,0.559197382508935,11,17,0,tracking,0,0.0
128,353.140000,2.963,1,4,0.113581,identity,1,,1.0,3,1,0,451.0,78.5,425.4335632324219,93.67533111572266,422.2172301864624,85.72818115234375,102.21723018646242,-94.27181884765625,-17.86851692199707,-44.15083312988281,0,0.5245008883928928,11,18,0,tracking,0,0.0
129,353.171000,2.728,1,2,0.139392,identity,1,,1.0,3,1,0,485.0,99.5,434.7450866699219,93.48704528808594,435.50925840377806,86.01615882873536,115.50925840377806,-93.98384117126464,4.24539852142334,-41.50492477416992,0,0.39525764979977573,13,18,0,tracking,0,0.0
130,353.218000,4.615,1,1,0.126141,identity,1,,1.0,3,1,0,499.0,152.0,445.7210998535156,101.70854949951172,450.7464468383789,98.25990608215332,130.74644683837892,-81.74009391784668,27.918594360351562,-19.159130096435547,0,0.23887020839944417,14,16,0,tracking,0,0.0
131,353.250000,2.711,1,2,0.090347,identity,1,,1.0,3,1,0,498.5,179.0,455.0225524902344,113.71989440917969,463.3067478942871,115.16431589126587,143.30674789428713,-64.83568410873413,46.02330780029297,8.024563789367676,0,0.309853190002916,16,13,0,tracking,0,0.0
132,353.296000,4.036,1,5,0.061658,identity,1,,1.0,3,1,0,477.5,178.0,460.48968505859375,124.60482025146484,470.028035736084,129.98601818084717,150.028035736084,-50.01398181915283,52.99083709716797,29.895544052124023,0,0.382062245244561,16,10,0,tracking,0,0.0
133,353.328000,3.535,1,4,0.040243,identity,1,,1.0,3,1,0,448.5,176.0,460.0231018066406,133.5307159423828,468.7733908081055,141.81637252807616,148.7733908081055,-38.18362747192384,48.61271667480469,46.03142547607422,0,0.4883162831682868,16,7,0,tracking,0,0.0
134,353.375000,4.409,1,3,0.029931,identity,1,,1.0,3,1,0,441.5,177.0,458.9796447753906,142.30111694335938,466.5669306945801,152.8954535675049,146.5669306945801,-27.104546432495113,42.151588439941406,58.857425689697266,0,0.46127095162754905,16,5,0,tracking,0,0.0
135,353.421000,2.667,1,2,0.032261,identity,1,,1.0,3,1,0,442.0,185.0,457.89111328125,151.40829467773438,464.4660296630859,164.142646484375,144.46602966308592,-15.857353515624993,36.527313232421875,70.74639892578125,0,0.5116431016679774,16,0,0,tracking,0,0.0
136,353.468000,4.002,1,4,0.032470,identity,1,,1.0,3,1,0,452.5,189.5,458.4739074707031,160.2800750732422,464.68674263000486,174.78545867919922,144.68674263000486,-5.214541320800777,34.515750885009766,80.58546447753906,0,0.5365880890622018,16,0,0,tracking,0,0.0
137,353.500000,2.823,1,2,0.031003,identity,1,,1.0,3,1,0,444.0,230.5,457.21978759765625,173.09986877441406,462.70253250122073,190.77529418945312,142.70253250122073,10.77529418945312,30.459693908691406,98.19680786132812,0,0.49102578582939804,16,0,0,tracking,0,0.0
138,353.531000,3.350,1,3,0.029609,identity,1,,1.0,3,1,0,446.0,236.5,456.41278076171875,184.83343505859375,461.3689128494263,205.12183090209962,141.3689128494263,25.121830902099617,27.534067153930664,112.71331024169922,0,0.5302496867697593,15,-5,0,tracking,0,0.0
139,353.578000,3.372,1,2,0.023733,identity,1,,1.0,3,1,0,428.5,240.5,453.5080871582031,197.37205505371094,457.2551697158813,219.74552963256835,137.25516971588132,39.74552963256835,20.81712532043457,124.29708099365234,0,0.46441959959677626,15,-8,0,tracking,0,0.0
140,353.609000,4.858,1,3,0.021402,identity,1,,1.0,3,1,0,459.5,249.0,454.8850402832031,207.76278686523438,458.83696670532225,231.96665374755858,138.83696670532225,51.96665374755858,21.95514678955078,134.46592712402344,0,0.619341348430624,15,-10,0,tracking,0,0.0
141,353.656000,3.018,1,3,0.022526,identity,1,,1.0,3,1,0,484.0,250.5,459.7469177246094,219.04928588867188,464.7273402404785,244.5868765258789,144.7273402404785,64.58687652587889,27.66901397705078,141.87550354003906,0,0.5738290374429607,16,-13,0,tracking,0,0.0
142,353.687000,2.759,1,3,0.018581,identity,1,,1.0,3,1,0,514.0,261.0,467.54559326171875,228.32894897460938,474.34044494628904,255.1426153564453,154.34044494628904,75.1426153564453,37.749176025390625,148.96481323242188,0,0.5170631834854802,17,-15,0,tracking,0,0.0
143,353.734000,3.328,1,3,0.016224,identity,1,,1.0,3,1,0,503.0,266.5,473.6774597167969,239.36314392089844,481.56690673828126,267.18981567382815,161.56690673828126,87.18981567382815,43.83026123046875,154.59262084960938,0,0.5491605004165916,18,-17,0,tracking,0,0.0
144,353.781000,2.723,1,2,0.009540,identity,1,,1.0,3,1,0,487.5,268.5,477.2463073730469,249.4344482421875,485.50012969970703,277.9386331176758,165.50012969970703,97.9386331176758,45.85456848144531,158.35658264160156,0,0.5490682162572964,18,-19,0,tracking,0,0.0
145,353.812000,2.961,1,1,0.009644,identity,1,,1.0,3,0,1,,,478.66778564453125,254.343505859375,486.9216079711914,282.8476907348633,166.9216079711914,102.8476907348633,45.85456848144531,158.35658264160156,1,0.5277918228773221,18,-20,0,tracking,0,0.0
146,353.859000,2.581,1,1,0.006662,identity,1,,1.0,3,0,1,,,480.82293701171875,261.7862548828125,489.0767593383789,290.2904397583008,169.0767593383789,110.2904397583008,45.85456848144531,158.35658264160156,2,0.4955340651722275,18,-20,0,tracking,0,0.0
147,353.890000,4.967,1,1,0.005621,identity,1,,1.0,3,0,1,,,482.2444152832031,266.6953125,490.4982376098633,295.1994973754883,170.49823760986328,115.1994973754883,45.85456848144531,158.35658264160156,3,0.4742576717922532,19,-20,0,tracking,0,0.0
148,353.937000,3.092,1,1,0.007370,identity,1,,1.0,3,0,1,,,484.3995666503906,274.1380615234375,492.6533889770508,302.6422463989258,172.65338897705078,122.6422463989258,45.85456848144531,158.35658264160156,4,0.4419999140871195,19,-20,0,tracking,0,0.0
149,353.968000,2.590,1,1,0.006827,identity,1,,1.0,3,0,1,,,485.821044921875,279.047119140625,494.07486724853516,307.5513040161133,174.07486724853516,127.5513040161133,45.85456848144531,158.35658264160156,5,0.42072352070714525,19,-20,0,tracking,0,0.0
150,354.015000,3.848,1,1,0.008494,identity,1,,1.0,3,0,1,,,487.9761962890625,286.4898681640625,496.23001861572266,314.9940530395508,176.23001861572266,134.9940530395508,45.85456848144531,158.35658264160156,6,0.3884657630020506,19,-20,0,tracking,0,0.0
151,354.046000,2.969,1,1,0.009301,identity,1,,1.0,3,0,1,,,489.3976745605469,291.39892578125,497.65149688720703,319.9031106567383,177.65149688720703,139.9031106567383,45.85456848144531,158.35658264160156,7,0.3671893696220763,19,-20,0,tracking,0,0.0
152,354.093000,3.070,1,1,0.010087,identity,1,,1.0,3,0,1,,,491.5528259277344,298.8416748046875,499.80664825439453,327.3458596801758,179.80664825439453,147.3458596801758,45.85456848144531,158.35658264160156,8,0.3349316119169427,0,0,0,prediction_stale,0,0.0
153,354.156000,2.923,1,1,0.009297,identity,1,,1.0,3,0,1,,,494.441650390625,308.8181457519531,502.69547271728516,337.32233062744143,182.69547271728516,157.32233062744143,45.85456848144531,158.35658264160156,9,0.2916924898866887,0,0,0,prediction_stale,0,0.0
154,354.171000,2.843,1,1,0.009280,identity,1,,1.0,3,0,1,,,495.12945556640625,311.1934814453125,503.3832778930664,339.6976663208008,183.3832778930664,159.6976663208008,45.85456848144531,158.35658264160156,10,0.2813974608318738,0,0,0,prediction_stale,0,0.0
155,354.218000,2.879,1,1,0.010356,identity,1,,1.0,3,0,1,,,497.28460693359375,318.63623046875,505.5384292602539,347.1404153442383,185.5384292602539,167.1404153442383,45.85456848144531,158.35658264160156,11,0.24913970312674014,0,0,0,prediction_stale,0,0.0
156,354.250000,4.643,1,1,0.009523,identity,1,,1.0,3,1,0,214.0,182.5,423.13348388671875,286.20574951171875,419.1242208480835,308.62887954711914,99.1242208480835,128.62887954711914,-22.273683547973633,124.57294464111328,0,0.07085124509794793,11,-20,0,tracking,0,0.0
157,354.296000,2.714,1,1,0.007096,identity,1,,1.0,3,0,1,,,422.10888671875,291.93609619140625,418.09962368011475,314.35922622680664,98.09962368011475,134.35922622680664,-22.273683547973633,124.57294464111328,1,0.06677729850481662,11,-20,0,tracking,0,0.0
158,354.328000,3.109,1,1,0.007127,identity,1,,1.0,3,0,1,,,421.3961181640625,295.92242431640625,417.38685512542725,318.34555435180664,97.38685512542725,138.34555435180664,-22.273683547973633,124.57294464111328,2,0.06394324870090026,11,-20,0,tracking,0,0.0
159,354.375000,4.712,1,2,0.008112,identity,1,,1.0,3,0,1,,,420.3492431640625,301.77734375,416.33998012542725,324.2004737854004,96.33998012542725,144.2004737854004,-22.273683547973633,124.57294464111328,3,0.05978073805139357,11,-20,0,tracking,0,0.0
160,354.421000,3.666,1,2,0.010130,identity,1,,1.0,3,0,1,,,419.32464599609375,307.5076904296875,415.3153829574585,329.9308204650879,95.3153829574585,149.9308204650879,-22.273683547973633,124.57294464111328,4,0.055706791458262246,10,-20,0,tracking,0,0.0
161,354.453000,3.614,1,2,0.010017,identity,1,,1.0,3,0,1,,,418.61187744140625,311.4940185546875,414.602614402771,333.9171485900879,94.602614402771,153.9171485900879,-22.273683547973633,124.57294464111328,5,0.052872741654345905,10,-20,0,tracking,0,0.0
162,354.500000,4.820,1,1,0.008260,identity,1,,1.0,3,0,1,,,417.56500244140625,317.34893798828125,413.555739402771,339.77206802368164,93.555739402771,159.77206802368164,-22.273683547973633,124.57294464111328,6,0.048710231004839205,10,-20,0,tracking,0,0.0
163,354.531000,2.585,1,1,0.008811,identity,1,,1.0,3,0,1,,,416.87451171875,321.210693359375,412.86524868011475,343.6338233947754,92.86524868011475,163.6338233947754,-22.273683547973633,124.57294464111328,7,0.0459647452572932,10,-20,0,tracking,0,0.0
164,354.578000,4.788,1,1,0.010260,identity,1,,1.0,3,1,0,612.0,242.5,476.6879577636719,300.8300476074219,480.5354175949097,319.86631652832034,160.5354175949097,139.86631652832034,21.37477684020996,105.75704956054688,0,0.12496872087070399,18,-20,0,tracking,0,0.0
165,354.625000,4.561,1,2,0.009323,identity,1,,1.0,3,0,1,,,477.69256591796875,305.8006286621094,481.54002574920656,324.83689758300784,161.54002574920656,144.83689758300784,21.37477684020996,105.75704956054688,1,0.11762680851954616,18,-20,0,tracking,0,0.0
166,354.656000,3.745,1,1,0.007361,identity,1,,1.0,3,0,1,,,478.3551940917969,309.0791015625,482.2026539230347,328.11537048339846,162.2026539230347,148.11537048339846,21.37477684020996,105.75704956054688,2,0.11278427058580545,18,-20,0,tracking,0,0.0
167,354.703000,5.826,1,0,0.007595,identity,1,,1.0,3,0,1,,,479.35980224609375,314.0496826171875,483.20726207733156,333.08595153808596,163.20726207733156,153.08595153808596,21.37477684020996,105.75704956054688,3,0.10544235823465649,18,-20,0,tracking,0,0.0
168,354.734000,2.648,1,1,0.008446,identity,1,,1.0,3,0,1,,,480.0224304199219,317.3281555175781,483.8698902511597,336.3644244384766,163.8698902511597,156.3644244384766,21.37477684020996,105.75704956054688,4,0.10059982030091578,18,-20,0,tracking,0,0.0
169,354.781000,2.641,1,1,0.008789,identity,1,,1.0,3,0,1,,,481.02703857421875,322.2987365722656,484.87449840545656,341.3350054931641,164.87449840545656,161.3350054931641,21.37477684020996,105.75704956054688,5,0.09325790794975795,18,-20,0,tracking,0,0.0
170,354.812000,3.511,1,1,0.008503,identity,1,,1.0,3,0,1,,,481.6896667480469,325.57720947265625,485.5371265792847,344.6134783935547,165.5371265792847,164.61347839355471,21.37477684020996,105.75704956054688,6,0.08841537001601725,18,-20,0,tracking,0,0.0
171,354.859000,2.799,1,1,0.008811,identity,1,,1.0,3,0,1,,,482.69427490234375,330.54779052734375,486.54173473358156,349.5840594482422,166.54173473358156,169.58405944824221,21.37477684020996,105.75704956054688,7,0.08107345766486829,18,-20,0,tracking,0,0.0
172,354.890000,2.704,1,0,0.008325,identity,1,,1.0,3,0,1,,,483.3569030761719,333.8262634277344,487.2043629074097,352.86253234863284,167.2043629074097,172.86253234863284,21.37477684020996,105.75704956054688,8,0.07623091973112758,0,0,0,prediction_stale,0,0.0
173,354.937000,3.255,1,0,0.006636,identity,1,,1.0,3,0,1,,,484.36151123046875,338.7968444824219,488.20897106170656,357.83311340332034,168.20897106170656,177.83311340332034,21.37477684020996,105.75704956054688,9,0.06888900737996975,0,0,0,prediction_stale,0,0.0
174,354.968000,2.767,1,0,0.006819,identity,1,,1.0,3,0,1,,,485.0241394042969,342.0753173828125,488.8715992355347,361.11158630371096,168.8715992355347,181.11158630371096,21.37477684020996,105.75704956054688,10,0.06404646944622905,0,0,0,prediction_stale,0,0.0
175,355.015000,3.003,1,2,0.011944,identity,1,,1.0,3,0,1,,,486.02874755859375,347.0458984375,489.87620738983156,366.08216735839846,169.87620738983156,186.08216735839846,21.37477684020996,105.75704956054688,11,0.056704557095080085,0,0,0,prediction_stale,0,0.0
176,355.062000,2.571,1,2,0.009618,identity,1,,1.0,3,0,1,,,487.0333557128906,352.0164794921875,490.88081554412844,371.05274841308596,170.88081554412844,191.05274841308596,21.37477684020996,105.75704956054688,12,0.04936264474392225,0,0,0,prediction_stale,0,0.0
177,355.093000,2.946,1,2,0.010642,identity,1,,1.0,3,0,1,,,,,,,,,0.0,0.0,13,0.0,0,0,0,lost,0,0.0
178,355.140000,2.941,1,2,0.014188,identity,1,,1.0,4,1,0,81.0,324.0,81.0,324.0,81.0,324.0,-239.0,144.0,0.0,0.0,0,0.734011994949495,-20,-20,0,tracking,0,0.0
179,355.171000,2.855,1,3,0.017938,identity,1,,1.0,4,1,0,84.5,313.5,83.57418060302734,316.2774353027344,83.58853137746453,316.23438298076394,-236.41146862253547,136.23438298076394,0.07972652465105057,-0.2391795665025711,0,0.8046375092920863,-20,-20,0,tracking,0,0.0
180,355.218000,2.752,1,2,0.020078,identity,1,,1.0,4,1,0,88.0,331.0,85.46405029296875,322.550537109375,85.54836280286312,322.74058854818344,-234.45163719713688,142.74058854818344,0.46840283274650574,1.055841326713562,0,0.7654231704656013,-20,-20,0,tracking,0,0.0
181,355.250000,4.372,1,3,0.020842,identity,1,,1.0,4,1,0,89.5,315.0,86.6978988647461,320.2853088378906,86.8711428630352,320.3076179356873,-233.1288571369648,140.3076179356873,0.9624666571617126,0.12393943220376968,0,0.8238458231620109,-20,-20,0,tracking,0,0.0
182,355.296000,4.726,1,2,0.022196,identity,1,,1.0,4,1,0,95.0,296.5,88.74517059326172,314.52032470703125,89.19876041889191,313.73495013237,-230.8012395811081,133.73495013237,2.5199434757232666,-4.363192081451416,0,0.6937113812130575,-20,-20,0,tracking,0,0.0
183,355.328000,3.370,1,3,0.023433,identity,1,,1.0,4,1,0,97.5,295.5,90.6014175415039,310.51580810546875,91.39631279945374,308.98753021240236,-228.60368720054626,128.98753021240236,4.4160847663879395,-8.490432739257812,0,0.7356461537505121,-20,-20,0,tracking,0,0.0
184,355.375000,2.623,1,3,0.023194,identity,1,,1.0,4,1,0,99.5,294.5,92.44026947021484,307.1855163574219,93.67036597251892,304.8752324867248,-226.32963402748106,124.87523248672483,6.833869457244873,-12.83491039276123,0,0.7566117226414284,-20,-20,0,tracking,0,0.0
185,355.406000,3.075,1,3,0.021593,identity,1,,1.0,4,1,0,102.0,293.5,94.25777435302734,304.5052490234375,95.98533067703247,301.48784610748294,-224.01466932296753,121.48784610748294,9.597535133361816,-16.763349533081055,0,0.7833879650080654,-20,-20,0,tracking,0,0.0
186,355.453000,2.901,1,3,0.020447,identity,1,,1.0,4,1,0,104.0,292.0,96.28910827636719,301.7244567871094,98.5859024810791,297.98916805267334,-221.4140975189209,117.98916805267334,12.759967803955078,-20.751604080200195,0,0.8017850651102059,-20,-20,0,tracking,0,0.0
187,355.500000,4.815,1,4,0.021102,identity,1,,1.0,4,1,0,106.5,291.5,98.53812408447266,299.1619873046875,101.47741592407226,294.8084024429321,-218.52258407592774,114.8084024429321,16.32939910888672,-24.186582565307617,0,0.8158874847252318,-20,-20,0,tracking,0,0.0
188,355.531000,2.756,1,4,0.021098,identity,1,,1.0,4,1,0,108.5,290.5,100.598388671875,297.11181640625,104.1598352432251,292.23763236999514,-215.8401647567749,112.23763236999514,19.78581428527832,-27.078800201416016,0,0.8206302382722324,-20,-20,0,tracking,0,0.0
189,355.578000,4.195,1,2,0.020052,identity,1,,1.0,4,1,0,111.5,292.0,103.21144104003906,295.19110107421875,107.45646450042724,290.05373886108396,-212.54353549957276,110.05373886108396,23.583463668823242,-28.54090118408203,0,0.8187794898200029,-20,-20,0,tracking,0,0.0
190,355.609000,2.796,1,2,0.018633,identity,1,,1.0,4,1,0,112.0,287.5,105.25242614746094,293.1998291015625,110.02766696929932,287.61457969665526,-209.97233303070067,107.61457969665526,26.529115676879883,-31.029163360595703,0,0.8129512725042678,-20,-20,0,tracking,0,0.0
191,355.656000,5.072,1,1,0.018008,identity,1,,1.0,4,0,1,,,106.49929809570312,291.741455078125,111.2745389175415,286.15620567321776,-208.72546108245848,106.15620567321776,26.529115676879883,-31.029163360595703,1,0.7651903852446161,-20,-20,0,tracking,0,0.0
192,355.687000,3.215,1,2,0.023806,identity,1,,1.0,4,0,1,,,107.32170104980469,290.779541015625,112.09694187164307,285.19429161071776,-207.90305812835692,105.19429161071776,26.529115676879883,-31.029163360595703,2,0.7336885234350699,-20,-20,0,tracking,0,0.0
193,355.734000,3.114,1,3,0.024913,identity,1,,1.0,4,0,1,,,108.56857299804688,289.3211669921875,113.34381381988526,283.73591758728026,-206.65618618011473,103.73591758728026,26.529115676879883,-31.029163360595703,3,0.6859276361754759,-20,-20,0,tracking,0,0.0
194,355.781000,2.867,1,3,0.023594,identity,1,,1.0,4,1,0,115.0,280.5,111.12164306640625,286.0078125,116.34883087158204,279.7807349395752,-203.65116912841796,99.78073493957521,29.039932250976562,-34.59487533569336,0,0.7636492108250638,-20,-19,0,tracking,0,0.0
195,355.812000,3.481,1,1,0.022478,identity,1,,1.0,4,0,1,,,112.02188110351562,284.93536376953125,117.24906890869141,278.70828620910646,-202.7509310913086,98.70828620910646,29.039932250976562,-34.59487533569336,1,0.734057803905587,-20,-19,0,tracking,0,0.0
196,355.859000,5.636,1,1,0.019349,identity,1,,1.0,4,1,0,119.5,282.0,114.92269897460938,282.9804382324219,120.63412944793701,276.64963874816897,-199.36587055206297,96.64963874816897,31.73016929626465,-35.17110824584961,0,0.801344570972717,-20,-19,0,tracking,0,0.0
197,355.890000,4.869,1,0,0.017708,identity,1,,1.0,4,0,1,,,115.90633392333984,281.89013671875,121.61776439666748,275.5593372344971,-198.3822356033325,95.5593372344971,31.73016929626465,-35.17110824584961,1,0.7702924688475183,-20,-19,0,tracking,0,0.0
198,355.937000,2.825,1,1,0.017326,identity,1,,1.0,4,0,1,,,117.39765167236328,280.2370910644531,123.10908214569092,273.9062915802002,-196.89091785430907,93.90629158020022,31.73016929626465,-35.17110824584961,2,0.7232134753028457,-20,-18,0,tracking,0,0.0
199,355.984000,6.219,1,1,0.020382,identity,1,,1.0,4,1,0,226.0,173.0,148.26837158203125,249.62347412109375,162.0061294555664,235.38077224731444,-157.9938705444336,55.38077224731444,76.32087707519531,-79.1261215209961,0,0.22192589394748796,-17,-11,0,tracking,0,0.0
200,356.015000,3.565,1,1,0.024883,identity,1,,1.0,4,0,1,,,150.6343231201172,247.17056274414062,164.37208099365233,232.92786087036131,-155.62791900634767,52.927860870361314,76.32087707519531,-79.1261215209961,1,0.21332626555702117,-17,-10,0,tracking,0,0.0
201,356.062000,3.743,1,1,0.022587,identity,1,,1.0,4,0,1,,,154.22140502929688,243.45162963867188,167.95916290283202,229.20892776489256,-152.04083709716798,49.208927764892564,76.32087707519531,-79.1261215209961,2,0.20028811928759918,-17,-10,0,tracking,0,0.0
202,356.093000,4.439,1,4,0.027444,identity,1,,1.0,4,0,1,,,156.5873565673828,240.99871826171875,170.32511444091796,226.75601638793944,-149.67488555908204,46.75601638793944,76.32087707519531,-79.1261215209961,3,0.19168849089713239,-16,-9,0,tracking,0,0.0
203,356.156000,3.336,1,4,0.030764,identity,1,,1.0,4,1,0,232.0,186.0,183.0400390625,220.68157958984375,201.7069091796875,202.94726196289062,-118.2930908203125,22.94726196289062,103.704833984375,-98.52398681640625,0,0.5149856752716253,-13,-4,0,tracking,0,0.0
204,356.171000,2.834,1,4,0.031675,identity,1,,1.0,4,0,1,,,184.59561157226562,219.20372009277344,203.26248168945312,201.4694024658203,-116.73751831054688,21.46940246582031,103.704833984375,-98.52398681640625,1,0.5053296938602911,-13,-4,0,tracking,0,0.0
205,356.218000,4.299,1,3,0.032235,identity,1,,1.0,4,0,1,,,189.46974182128906,214.57308959960938,208.13661193847656,196.83877197265625,-111.86338806152344,16.838771972656247,103.704833984375,-98.52398681640625,2,0.47507428543806673,-12,0,0,tracking,0,0.0
206,356.250000,3.618,1,4,0.028333,identity,1,,1.0,4,0,1,,,192.78829956054688,211.42031860351562,211.45516967773438,193.6860009765625,-108.54483032226562,13.686000976562497,103.704833984375,-98.52398681640625,3,0.45447485842721314,-12,0,0,tracking,0,0.0
207,356.296000,2.655,1,4,0.023945,identity,1,,1.0,4,0,1,,,197.5587158203125,206.88821411132812,216.2255859375,189.153896484375,-103.7744140625,9.153896484374997,103.704833984375,-98.52398681640625,4,0.4248631820990997,-11,0,0,tracking,0,0.0
208,356.328000,3.326,1,2,0.019983,identity,1,,1.0,4,0,1,,,200.8772735595703,203.73544311523438,219.5441436767578,186.00112548828125,-100.45585632324219,6.001125488281247,103.704833984375,-98.52398681640625,5,0.4042637550882461,-11,0,0,tracking,0,0.0
209,356.375000,2.697,1,1,0.014648,identity,1,,1.0,4,0,1,,,205.75140380859375,199.1048126220703,224.41827392578125,181.37049499511718,-95.58172607421875,1.370494995117184,103.704833984375,-98.52398681640625,6,0.3740083466660217,-10,0,0,tracking,0,0.0
210,356.421000,2.856,1,1,0.015612,identity,1,,1.0,4,1,0,420.0,200.0,285.32318115234375,196.51071166992188,317.3556555175781,179.1226789855957,-2.6443444824219,-0.8773210144042878,177.95819091796875,-96.60018157958984,0,0.10701792548539557,0,0,0,deadband,0,0.0
211,356.453000,4.665,1,0,0.012253,identity,1,,1.0,4,0,1,,,291.0178527832031,193.4195098876953,323.0503271484375,176.03147720336915,3.050327148437475,-3.9685227966308503,177.95819091796875,-96.60018157958984,1,0.10273720846598212,0,0,0,deadband,0,0.0
212,356.500000,4.926,1,0,0.003724,identity,1,,1.0,4,0,1,,,299.38189697265625,188.87930297851562,331.4143713378906,171.49127029418946,11.4143713378906,-8.508729705810538,177.95819091796875,-96.60018157958984,2,0.09644990534371173,0,0,0,deadband,0,0.0
213,356.531000,2.698,1,1,0.004683,identity,1,,1.0,4,0,1,,,304.8985900878906,185.88470458984375,336.931064453125,168.4966719055176,16.931064453124975,-11.503328094482413,177.95819091796875,-96.60018157958984,3,0.09230296073115185,0,0,0,deadband,0,0.0
214,356.578000,3.855,1,1,0.009245,identity,1,,1.0,4,0,1,,,313.26263427734375,181.34449768066406,345.2951086425781,163.9564649963379,25.2951086425781,-16.0435350036621,177.95819091796875,-96.60018157958984,4,0.08601565760888906,0,0,0,deadband,0,0.0
215,356.609000,3.780,1,2,0.009865,identity,1,,1.0,4,1,0,289.5,19.5,308.95037841796875,125.02466583251953,339.46283660888673,99.3900521850586,19.462836608886732,-80.6099478149414,169.51365661621094,-142.41452026367188,0,0.23863090620125837,0,16,0,tracking,0,0.0
216,356.656000,2.793,1,0,0.005204,identity,1,,1.0,4,0,1,,,316.9175109863281,118.33118438720703,347.4299691772461,92.6965707397461,27.429969177246107,-87.3034292602539,169.51365661621094,-142.41452026367188,1,0.22461134046192685,3,17,0,tracking,0,0.0
217,356.687000,3.496,1,1,0.008160,identity,1,,1.0,4,0,1,,,322.17242431640625,113.91633605957031,352.68488250732423,88.28172241210937,32.68488250732423,-91.71827758789063,169.51365661621094,-142.41452026367188,2,0.2153643928466263,4,18,0,tracking,0,0.0
218,356.734000,2.752,1,1,0.008672,identity,1,,1.0,4,0,1,,,330.1395568847656,107.22285461425781,360.6520150756836,81.58824096679687,40.65201507568361,-98.41175903320313,169.51365661621094,-142.41452026367188,3,0.20134482710731175,4,19,0,tracking,0,0.0
219,356.781000,3.786,1,2,0.013329,identity,1,,1.0,4,1,0,404.5,181.0,358.51458740234375,125.26433563232422,391.8421878051758,103.04175689697266,71.8421878051758,-76.95824310302734,185.15333557128906,-123.45877075195312,0,0.4024377490605733,8,15,0,tracking,0,0.0
220,356.812000,2.963,1,1,0.012582,identity,1,,1.0,4,0,1,,,364.25433349609375,121.4371109008789,397.5819338989258,99.21453216552734,77.5819338989258,-80.78546783447266,185.15333557128906,-123.45877075195312,1,0.38684328628447306,8,16,0,tracking,0,0.0
221,356.859000,2.812,1,1,0.012422,identity,1,,1.0,4,0,1,,,372.95654296875,115.63455200195312,406.28414337158205,93.41197326660156,86.28414337158205,-86.58802673339844,185.15333557128906,-123.45877075195312,2,0.3632000685271802,9,17,0,tracking,0,0.0
222,356.890000,5.623,1,2,0.021376,identity,1,,1.0,4,0,1,,,378.6962890625,111.80732727050781,412.02388946533205,89.58474853515625,92.02388946533205,-90.41525146484375,185.15333557128906,-123.45877075195312,3,0.34760560575108,10,18,0,tracking,0,0.0
223,356.937000,3.594,1,0,0.014297,identity,1,,1.0,4,0,1,,,387.39849853515625,106.00476837158203,420.7260989379883,83.78218963623047,100.7260989379883,-96.21781036376953,185.15333557128906,-123.45877075195312,4,0.32396238799375854,11,19,0,tracking,0,0.0
224,356.968000,2.855,1,0,0.013442,identity,1,,1.0,4,0,1,,,393.13824462890625,102.17754364013672,426.4658450317383,79.95496490478516,106.4658450317383,-100.04503509521484,185.15333557128906,-123.45877075195312,5,0.3083679252176583,12,19,0,tracking,0,0.0
225,357.015000,3.918,1,1,0.014206,identity,1,,1.0,4,1,0,406.5,191.0,403.2410888671875,124.81863403320312,436.73741455078124,106.02248641967773,116.73741455078124,-73.97751358032227,186.0906982421875,-104.42304229736328,0,0.5410645730094258,13,14,0,tracking,0,0.0
226,357.046000,2.989,1,0,0.006736,identity,1,,1.0,4,0,1,,,409.0098876953125,121.5815200805664,442.50621337890624,102.78537246704101,122.50621337890624,-77.21462753295899,186.0906982421875,-104.42304229736328,1,0.5200983208053065,13,15,0,tracking,0,0.0
227,357.093000,3.881,1,0,0.010916,identity,1,,1.0,4,0,1,,,417.75616455078125,116.67363739013672,451.252490234375,97.87748977661133,131.252490234375,-82.12251022338867,186.0906982421875,-104.42304229736328,2,0.48831077714098553,14,16,0,tracking,0,0.0
228,357.140000,3.725,1,0,0.008581,identity,1,,1.0,4,0,1,,,426.50244140625,111.76575469970703,459.99876708984374,92.96960708618164,139.99876708984374,-87.03039291381836,186.0906982421875,-104.42304229736328,3,0.456523233476703,15,17,0,tracking,0,0.0
229,357.171000,3.380,1,0,0.008186,identity,1,,1.0,4,0,1,,,432.271240234375,108.52864074707031,465.76756591796874,89.73249313354492,145.76756591796874,-90.26750686645508,186.0906982421875,-104.42304229736328,4,0.43555698127258374,16,18,0,tracking,0,0.0
230,357.218000,2.719,1,0,0.004271,identity,1,,1.0,4,0,1,,,441.01751708984375,103.62075805664062,474.5138427734375,84.82461044311523,154.5138427734375,-95.17538955688477,186.0906982421875,-104.42304229736328,5,0.4037694376082628,17,19,0,tracking,0,0.0
231,357.250000,2.839,1,1,0.009878,identity,1,,1.0,4,0,1,,,446.972412109375,100.27922058105469,480.46873779296874,81.4830729675293,160.46873779296874,-98.5169270324707,186.0906982421875,-104.42304229736328,6,0.38212685468789775,18,19,0,tracking,0,0.0
232,357.296000,2.627,1,2,0.012240,identity,1,,1.0,4,0,1,,,455.5325927734375,95.47576141357422,489.02891845703124,76.67961380004883,169.02891845703124,-103.32038619995117,186.0906982421875,-104.42304229736328,7,0.351015641739861,18,20,0,tracking,0,0.0
233,357.328000,3.782,1,2,0.016259,identity,1,,1.0,4,1,0,609.0,245.5,506.7652587890625,139.20860290527344,544.9282800292968,125.26432403564453,224.92828002929684,-54.735675964355465,212.01678466796875,-77.46821594238281,0,0.34842418079592286,20,11,0,tracking,0,0.0
234,357.375000,5.231,1,1,0.007708,identity,1,,1.0,4,0,1,,,516.7300415039062,135.56759643554688,554.8930627441406,121.62331756591797,234.8930627441406,-58.37668243408203,212.01678466796875,-77.46821594238281,1,0.3279542601741513,20,11,0,tracking,0,0.0
235,357.421000,3.426,1,1,0.007031,identity,1,,1.0,4,0,1,,,526.4827880859375,132.00405883789062,564.6458093261718,118.05977996826172,244.64580932617184,-61.94022003173828,212.01678466796875,-77.46821594238281,2,0.3079198697783891,20,12,0,tracking,0,0.0
236,357.453000,2.624,1,1,0.009922,identity,1,,1.0,4,0,1,,,533.267333984375,129.5250701904297,571.4303552246093,115.58079132080078,251.43035522460934,-64.41920867919922,212.01678466796875,-77.46821594238281,3,0.2939829025465599,20,13,0,tracking,0,0.0
237,357.500000,2.666,1,1,0.008789,identity,1,,1.0,4,0,1,,,543.2321166992188,125.88406372070312,581.3951379394531,111.93978485107422,261.3951379394531,-68.06021514892578,212.01678466796875,-77.46821594238281,4,0.27351298192478835,20,13,0,tracking,0,0.0
238,357.531000,3.302,1,1,0.005152,identity,1,,1.0,4,1,0,596.5,288.0,562.7473754882812,169.08258056640625,602.1331063842773,159.44615631103517,282.1331063842773,-20.553843688964832,218.8096160888672,-53.53569030761719,0,0.15724762222607958,20,4,0,tracking,0,0.0
239,357.578000,2.757,1,1,0.004536,identity,1,,1.0,4,1,0,614.5,277.5,582.3803100585938,191.57583618164062,622.6336148071289,184.26027648925782,302.6336148071289,4.260276489257819,223.6294708251953,-40.641998291015625,0,0.25000048739160596,20,0,0,tracking,0,0.0
240,357.609000,2.741,1,0,0.005052,identity,1,,1.0,4,0,1,,,589.3128051757812,190.31593322753906,629.5661099243164,183.00037353515626,309.5661099243164,3.000373535156257,223.6294708251953,-40.641998291015625,1,0.2403129685051794,20,0,0,tracking,0,0.0
241,357.656000,2.629,1,1,0.006059,identity,1,,1.0,4,1,0,581.0,293.5,596.1304931640625,209.023681640625,636.0500827026367,203.57131256103514,316.0500827026367,23.571312561035143,221.77549743652344,-30.290939331054688,0,0.2993661434018874,20,-5,0,tracking,0,0.0
242,357.687000,3.492,1,3,0.013602,identity,1,,1.0,4,1,0,594.0,259.0,601.4899291992188,216.6537628173828,641.2738348388672,211.96851375579834,321.2738348388672,31.96851375579834,221.02169799804688,-26.02916145324707,0,0.4078020438371428,20,-6,0,tracking,0,0.0
243,357.734000,2.917,1,2,0.013937,identity,1,,1.0,4,1,0,584.0,248.0,607.6995849609375,220.31192016601562,647.1141357421875,216.05818729400636,327.1141357421875,36.05818729400636,218.9697265625,-23.63184928894043,0,0.45044110843512286,20,-7,0,tracking,0,0.0
244,357.765000,2.632,1,3,0.021788,identity,1,,1.0,4,1,0,578.0,237.0,609.6048583984375,221.91058349609375,648.5909259033203,217.86142601013182,328.59092590332034,37.86142601013182,216.58926391601562,-22.495319366455078,0,0.502420419340248,20,-7,0,tracking,0,0.0
245,357.812000,2.766,1,3,0.019857,identity,1,,1.0,4,1,0,578.0,242.0,614.6510009765625,223.4513397216797,653.1909219360351,219.627971534729,333.1909219360351,39.627971534729,214.1106719970703,-21.240934371948242,0,0.5146469872016973,20,-8,0,tracking,0,0.0
246,357.859000,4.622,1,1,0.009392,identity,1,,1.0,4,1,0,558.5,226.0,617.1725463867188,222.8570098876953,655.0625189208985,219.06845840454102,335.06251892089847,39.06845840454102,210.49984741210938,-21.047508239746094,0,0.48931700404346934,20,-8,0,tracking,0,0.0
247,357.921000,3.197,1,0,0.004857,identity,1,,1.0,4,0,1,,,630.2235107421875,221.55206298828125,668.1134832763672,217.76351150512696,348.1134832763672,37.76351150512696,210.49984741210938,-21.047508239746094,1,0.45139493623009325,20,-7,0,tracking,0,0.0
248,357.937000,2.596,1,1,0.007205,identity,1,,1.0,4,0,1,,,633.5914916992188,221.21530151367188,671.4814642333985,217.42675003051758,351.48146423339847,37.42675003051758,210.49984741210938,-21.047508239746094,2,0.4416085961492119,20,-7,0,tracking,0,0.0
249,357.968000,2.736,1,0,0.004128,identity,1,,1.0,4,0,1,,,640.1170043945312,220.56283569335938,678.006976928711,216.77428421020508,358.00697692871097,36.77428421020508,210.49984741210938,-21.047508239746094,3,0.4226475622425238,20,-7,0,tracking,0,0.0
250,358.015000,3.576,1,1,0.006897,identity,1,,1.0,4,0,1,,,650.010498046875,219.5736083984375,687.9004705810547,215.7850569152832,367.9004705810547,35.78505691528321,210.49984741210938,-21.047508239746094,4,0.3939001882549892,20,-7,0,tracking,0,0.0
251,358.046000,2.583,1,0,0.008099,identity,1,,1.0,4,0,1,,,656.5360107421875,218.921142578125,694.4259832763672,215.1325910949707,374.4259832763672,35.13259109497071,210.49984741210938,-21.047508239746094,5,0.37493915434830116,20,-7,0,tracking,0,0.0
252,358.093000,4.205,1,5,0.022700,identity,1,,1.0,4,1,0,590.0,273.5,656.9322509765625,224.8369140625,694.0366296386719,221.61952976226806,374.0366296386719,41.61952976226806,206.13543701171875,-17.874357223510742,0,0.48145403829574196,20,-8,0,tracking,0,0.0
253,358.140000,2.687,1,3,0.022878,identity,1,,1.0,4,1,0,574.5,251.0,656.04248046875,227.09756469726562,692.2787716674804,224.13464126586913,372.27877166748044,44.134641265869135,201.31272888183594,-16.46068572998047,0,0.15681076622721513,20,-9,0,tracking,0,0.0
254,358.171000,2.816,1,5,0.024457,identity,1,,1.0,4,1,0,589.5,307.0,654.5946044921875,235.08181762695312,690.2027029418946,232.81293745040892,370.2027029418946,52.812937450408924,197.82276916503906,-12.604889869689941,0,0.10528274001063997,20,-10,0,tracking,0,0.0
255,358.218000,2.868,1,2,0.028429,identity,1,,1.0,4,0,1,,,663.8922729492188,234.48939514160156,699.5003713989258,232.22051496505736,379.50037139892584,52.22051496505736,197.82276916503906,-12.604889869689941,1,0.09909737903501152,20,-10,0,tracking,0,0.0
256,358.250000,2.876,1,3,0.037830,identity,1,,1.0,4,0,1,,,670.2225952148438,234.08604431152344,705.8306936645508,231.81716413497924,385.83069366455084,51.81716413497924,197.82276916503906,-12.604889869689941,2,0.09488606943458826,20,-10,0,tracking,0,0.0
257,358.312000,3.464,1,3,0.060295,identity,1,,1.0,4,0,1,,,682.4876098632812,233.30453491210938,718.0957083129883,231.03565473556517,398.09570831298834,51.035654735565174,197.82276916503906,-12.604889869689941,3,0.08672665708376211,20,-10,0,tracking,0,0.0
258,358.328000,2.743,1,2,0.092704,identity,1,,1.0,4,0,1,,,685.6527709960938,233.1028594970703,721.2608694458008,230.8339793205261,401.26086944580084,50.83397932052611,197.82276916503906,-12.604889869689941,4,0.08462100228355421,20,-10,0,tracking,0,0.0
259,358.375000,2.585,1,2,0.120495,identity,1,,1.0,4,0,1,,,694.950439453125,232.51043701171875,730.5585379028321,230.24155683517455,410.5585379028321,50.24155683517455,197.82276916503906,-12.604889869689941,5,0.07843564130792577,20,-10,0,tracking,0,0.0
260,358.421000,2.723,1,3,0.136862,identity,1,,1.0,4,1,0,568.0,336.0,688.17919921875,244.0709228515625,722.5353094482422,242.7597294807434,402.5353094482422,62.7597294807434,190.86727905273438,-7.284407615661621,0,0.33523673968342604,20,-12,0,tracking,0,0.0
261,358.453000,4.042,1,1,0.155868,identity,1,,1.0,4,0,1,,,694.2869262695312,243.8378143310547,728.6430364990234,242.5266209602356,408.6430364990234,62.52662096023559,190.86727905273438,-7.284407615661621,1,0.3218272700960964,20,-12,0,tracking,0,0.0
262,358.500000,2.818,1,1,0.122413,identity,1,,1.0,4,0,1,,,703.2576904296875,243.49545288085938,737.6138006591797,242.18425951004028,417.6138006591797,62.18425951004028,190.86727905273438,-7.284407615661621,2,0.3021321116396845,20,-12,0,tracking,0,0.0
263,358.531000,2.998,1,4,0.159722,identity,1,,1.0,4,0,1,,,709.174560546875,243.26963806152344,743.5306707763672,241.95844469070434,423.5306707763672,61.95844469070434,190.86727905273438,-7.284407615661621,3,0.2891416879769492,20,-12,0,tracking,0,0.0
264,358.578000,3.620,1,4,0.150612,identity,1,,1.0,4,0,1,,,718.1453247070312,242.92727661132812,752.5014349365234,241.61608324050903,432.5014349365234,61.61608324050903,190.86727905273438,-7.284407615661621,4,0.26944652952056114,20,-12,0,tracking,0,0.0
265,358.609000,3.884,1,4,0.108837,identity,1,,1.0,4,0,1,,,724.0621948242188,242.7014617919922,758.4183050537109,241.3902684211731,438.4183050537109,61.39026842117309,190.86727905273438,-7.284407615661621,5,0.25645610585782586,20,-12,0,tracking,0,0.0
266,358.656000,3.387,1,5,0.086029,identity,1,,1.0,4,0,1,,,733.032958984375,242.35910034179688,767.3890692138672,241.04790697097778,447.3890692138672,61.04790697097778,190.86727905273438,-7.284407615661621,6,0.23676094740141393,20,-12,0,tracking,0,0.0
267,358.703000,4.420,1,5,0.052873,identity,1,,1.0,4,1,0,529.0,318.5,714.4462280273438,251.91180419921875,746.7228927612305,251.3472774362564,426.72289276123047,71.3472774362564,179.31480407714844,-3.1362597942352295,0,0.10749818908612441,20,-14,0,tracking,0,0.0
268,358.734000,2.655,1,2,0.025334,identity,1,,1.0,4,0,1,,,720.0050048828125,251.8145751953125,752.2816696166992,251.25004843235016,432.2816696166992,71.25004843235016,179.31480407714844,-3.1362597942352295,1,0.10333263425903629,20,-14,0,tracking,0,0.0
269,358.781000,2.713,1,6,0.042370,identity,1,,1.0,4,0,1,,,728.4328002929688,251.66717529296875,760.7094650268555,251.1026485300064,440.70946502685547,71.1026485300064,179.31480407714844,-3.1362597942352295,2,0.09701711565022306,20,-14,0,tracking,0,0.0
270,358.812000,2.709,1,4,0.045234,identity,1,,1.0,4,0,1,,,733.9915771484375,251.5699462890625,766.2682418823242,251.00541952610016,446.2682418823242,71.00541952610016,179.31480407714844,-3.1362597942352295,3,0.09285156082313495,20,-14,0,tracking,0,0.0
271,358.859000,2.721,1,2,0.045881,identity,1,,1.0,4,0,1,,,742.4193725585938,251.42254638671875,774.6960372924805,250.8580196237564,454.69603729248047,70.8580196237564,179.31480407714844,-3.1362597942352295,4,0.08653604221432935,20,-14,0,tracking,0,0.0
272,358.890000,4.126,1,3,0.046949,identity,1,,1.0,4,0,1,,,747.9781494140625,251.3253173828125,780.2548141479492,250.76079061985016,460.2548141479492,70.76079061985016,179.31480407714844,-3.1362597942352295,5,0.08237048738724123,20,-14,0,tracking,0,0.0
273,358.937000,2.856,1,3,0.080629,identity,1,,1.0,4,1,0,580.5,240.5,732.5537719726562,249.7300262451172,763.0967556762695,249.06026084423064,443.0967556762695,69.06026084423064,169.68324279785156,-3.720918893814087,0,0.17028179121809262,20,-13,0,tracking,0,0.0
274,358.968000,3.360,1,2,0.109175,identity,1,,1.0,4,0,1,,,737.81396484375,249.61468505859375,768.3569485473632,248.9449196577072,448.35694854736323,68.9449196577072,169.68324279785156,-3.720918893814087,1,0.16368337180839027,20,-13,0,tracking,0,0.0
275,359.015000,5.389,1,3,0.120226,identity,1,,1.0,4,0,1,,,745.7890625,249.43980407714844,776.3320462036132,248.7700386762619,456.33204620361323,68.77003867626189,169.68324279785156,-3.720918893814087,2,0.153679316574334,20,-13,0,tracking,0,0.0
276,359.046000,3.020,1,5,0.121892,identity,1,,1.0,4,0,1,,,751.0492553710938,249.324462890625,781.592239074707,248.65469748973845,461.592239074707,68.65469748973845,169.68324279785156,-3.720918893814087,3,0.14708089716463166,20,-13,0,tracking,0,0.0
277,359.093000,5.120,1,7,0.172582,identity,1,,1.0,4,0,1,,,759.0243530273438,249.1495819091797,789.567336730957,248.47981650829314,469.567336730957,68.47981650829314,169.68324279785156,-3.720918893814087,4,0.1370768419305633,20,-13,0,tracking,0,0.0
278,359.140000,4.210,1,6,0.228828,identity,1,,1.0,4,1,0,619.0,269.5,746.6557006835938,251.79608154296875,775.76474609375,251.32518181324005,455.76474609375,71.32518181324005,161.7169189453125,-2.616109609603882,0,0.25499307132871984,20,-14,0,tracking,0,0.0
279,359.171000,2.796,1,4,0.252240,identity,1,,1.0,4,0,1,,,751.6689453125,251.71498107910156,780.7779907226562,251.24408134937286,460.7779907226562,71.24408134937286,161.7169189453125,-2.616109609603882,1,0.24511208981473007,20,-14,0,tracking,0,0.0
280,359.218000,4.327,1,7,0.277053,identity,1,,1.0,4,0,1,,,759.2696533203125,251.59202575683594,788.3786987304687,251.12112602710724,468.3786987304687,71.12112602710724,161.7169189453125,-2.616109609603882,2,0.23013124687415965,20,-14,0,tracking,0,0.0
281,359.250000,2.889,1,2,0.310317,identity,1,,1.0,4,0,1,,,764.444580078125,251.50831604003906,793.5536254882812,251.03741631031036,473.5536254882812,71.03741631031036,161.7169189453125,-2.616109609603882,3,0.2199315240210165,20,-14,0,tracking,0,0.0
282,359.296000,3.695,1,1,0.249744,identity,1,,1.0,4,0,1,,,771.883544921875,251.38796997070312,800.9925903320312,250.91707024097443,480.9925903320312,70.91707024097443,161.7169189453125,-2.616109609603882,4,0.2052694224196176,20,-14,0,tracking,0,0.0
283,359.328000,2.874,1,3,0.181558,identity,1,,1.0,4,0,1,,,777.0584716796875,251.30426025390625,806.1675170898437,250.83336052417755,486.1675170898437,70.83336052417755,161.7169189453125,-2.616109609603882,5,0.19506969956647444,20,-14,0,tracking,0,0.0
284,359.375000,4.482,1,2,0.155148,identity,1,,1.0,4,0,1,,,784.6591796875,251.18130493164062,813.7682250976562,250.71040520191193,493.7682250976562,70.71040520191193,161.7169189453125,-2.616109609603882,6,0.18008885662590404,20,-14,0,tracking,0,0.0
285,359.421000,2.966,1,6,0.141693,identity,1,,1.0,4,0,1,,,792.09814453125,251.0609588623047,821.2071899414062,250.590059132576,501.2071899414062,70.59005913257599,161.7169189453125,-2.616109609603882,7,0.16542675502450513,20,-14,0,tracking,0,0.0
286,359.453000,3.392,1,5,0.154922,identity,1,,1.0,4,1,0,586.0,141.0,765.8485717773438,234.61936950683594,792.8399502563476,233.0461283493042,472.8399502563476,53.04612834930421,149.9521026611328,-8.740228652954102,0,0.3175026073896702,20,-10,0,tracking,0,0.0
287,359.500000,3.266,1,8,0.143945,identity,1,,1.0,4,0,1,,,772.8963012695312,234.2085723876953,799.8876797485351,232.6353312301636,479.8876797485351,52.63533123016359,149.9521026611328,-8.740228652954102,1,0.29884932920551693,20,-10,0,tracking,0,0.0
288,359.531000,2.982,1,3,0.140859,identity,1,,1.0,4,0,1,,,777.5447998046875,233.9376220703125,804.5361782836914,232.36438091278077,484.53617828369136,52.364380912780774,149.9521026611328,-8.740228652954102,2,0.2865461031691649,20,-10,0,tracking,0,0.0
289,359.578000,3.785,1,5,0.140937,identity,1,,1.0,4,0,1,,,784.592529296875,233.52682495117188,811.5839077758789,231.95358379364015,491.58390777587886,51.95358379364015,149.9521026611328,-8.740228652954102,3,0.2678928249850342,20,-10,0,tracking,0,0.0
290,359.609000,3.542,1,4,0.127135,identity,1,,1.0,4,0,1,,,789.2410278320312,233.25587463378906,816.2324063110351,231.68263347625734,496.2324063110351,51.68263347625734,149.9521026611328,-8.740228652954102,4,0.25558959894868216,20,-10,0,tracking,0,0.0
291,359.656000,3.768,1,4,0.063234,identity,1,,1.0,4,0,1,,,796.2887573242188,232.84507751464844,823.2801358032226,231.2718363571167,503.2801358032226,51.27183635711671,149.9521026611328,-8.740228652954102,5,0.23693632076452892,20,-10,0,tracking,0,0.0
292,359.703000,3.216,1,3,0.035951,identity,1,,1.0,4,0,1,,,803.3364868164062,232.4342803955078,830.3278652954101,230.8610392379761,510.3278652954101,50.86103923797609,149.9521026611328,-8.740228652954102,6,0.21828304258039824,20,-10,0,tracking,0,0.0
293,359.734000,3.638,1,2,0.026784,identity,1,,1.0,4,0,1,,,807.9849853515625,232.163330078125,834.9763638305664,230.59008892059327,514.9763638305664,50.590088920593274,149.9521026611328,-8.740228652954102,7,0.20597981654404618,20,-10,0,tracking,0,0.0
294,359.781000,3.011,1,6,0.045760,identity,1,,1.0,4,0,1,,,815.03271484375,231.75253295898438,842.0240933227539,230.17929180145265,522.0240933227539,50.17929180145265,149.9521026611328,-8.740228652954102,8,0.18732653835989296,0,0,0,prediction_stale,0,0.0
295,359.812000,3.792,1,7,0.053659,identity,1,,1.0,4,0,1,,,819.6812133789062,231.48158264160156,846.6725918579101,229.90834148406984,526.6725918579101,49.90834148406984,149.9521026611328,-8.740228652954102,9,0.17502331232354087,0,0,0,prediction_stale,0,0.0
296,359.859000,5.518,1,7,0.047105,identity,1,,1.0,4,0,1,,,826.7289428710938,231.07078552246094,853.7203213500976,229.4975443649292,533.7203213500976,49.49754436492921,149.9521026611328,-8.740228652954102,10,0.15637003413941022,0,0,0,prediction_stale,0,0.0
297,359.890000,3.155,1,4,0.034683,identity,1,,1.0,4,0,1,,,831.37744140625,230.79983520507812,858.3688198852539,229.2265940475464,538.3688198852539,49.2265940475464,149.9521026611328,-8.740228652954102,11,0.14406680810305816,0,0,0,prediction_stale,0,0.0
298,359.937000,3.731,1,3,0.035460,identity,1,,1.0,4,1,0,551.5,145.0,788.3865356445312,215.4975128173828,812.229133605957,212.9871934890747,492.22913360595703,32.98719348907471,132.45887756347656,-13.946218490600586,0,0.2170064203286629,20,-6,0,tracking,0,0.0
299,359.968000,2.959,1,2,0.027036,identity,1,,1.0,4,0,1,,,792.4927368164062,215.065185546875,816.335334777832,212.5548662185669,496.33533477783203,32.5548662185669,132.45887756347656,-13.946218490600586,1,0.20859742154092561,20,-6,0,tracking,0,0.0
300,360.015000,3.739,1,3,0.032799,identity,1,,1.0,4,0,1,,,798.7183227539062,214.4097137451172,822.560920715332,211.8993944168091,502.56092071533203,31.899394416809088,132.45887756347656,-13.946218490600586,2,0.19584829434662518,20,-6,0,tracking,0,0.0
301,360.062000,4.007,1,1,0.025273,identity,1,,1.0,4,0,1,,,804.9439086914062,213.75424194335938,828.786506652832,211.24392261505128,508.78650665283203,31.243922615051275,132.45887756347656,-13.946218490600586,3,0.18309916715230934,20,-6,0,tracking,0,0.0
302,360.093000,2.842,1,2,0.019887,identity,1,,1.0,4,0,1,,,809.0501098632812,213.32191467285156,832.892707824707,210.81159534454346,512.892707824707,30.811595344543463,132.45887756347656,-13.946218490600586,4,0.17469016836457205,20,-6,0,tracking,0,0.0
303,360.156000,3.592,1,1,0.018073,identity,1,,1.0,4,0,1,,,817.39501953125,212.44329833984375,841.2376174926758,209.93297901153565,521.2376174926758,29.93297901153565,132.45887756347656,-13.946218490600586,5,0.15760091276369304,20,-6,0,tracking,0,0.0
304,360.171000,2.721,1,2,0.017283,identity,1,,1.0,4,0,1,,,819.3818969726562,212.23410034179688,843.224494934082,209.72378101348878,523.224494934082,29.723781013488775,132.45887756347656,-13.946218490600586,6,0.15353204238253432,20,-6,0,tracking,0,0.0
305,360.218000,4.004,1,1,0.016871,identity,1,,1.0,4,0,1,,,825.6074829101562,211.57862854003906,849.450080871582,209.06830921173096,529.450080871582,29.068309211730963,132.45887756347656,-13.946218490600586,7,0.14078291518821845,20,-6,0,tracking,0,0.0
306,360.250000,3.955,1,1,0.010521,identity,1,,1.0,4,0,1,,,829.84619140625,211.13235473632812,853.6887893676758,208.62203540802003,533.6887893676758,28.622035408020025,132.45887756347656,-13.946218490600586,8,0.13210265837507676,0,0,0,prediction_stale,0,0.0
307,360.296000,3.204,1,0,0.006949,identity,1,,1.0,4,0,1,,,835.9392700195312,210.49082946777344,859.781867980957,207.98051013946534,539.781867980957,27.980510139465338,132.45887756347656,-13.946218490600586,9,0.11962478920618073,0,0,0,prediction_stale,0,0.0
308,360.328000,3.426,1,0,0.003103,identity,1,,1.0,4,0,1,,,840.177978515625,210.0445556640625,864.0205764770508,207.5342363357544,544.0205764770508,27.5342363357544,132.45887756347656,-13.946218490600586,10,0.11094453239303903,0,0,0,prediction_stale,0,0.0
309,360.375000,3.061,1,0,0.001901,identity,1,,1.0,4,0,1,,,846.403564453125,209.3890838623047,870.2461624145508,206.8787645339966,550.2461624145508,26.878764533996588,132.45887756347656,-13.946218490600586,11,0.09819540519872318,0,0,0,prediction_stale,0,0.0
310,360.421000,2.753,1,0,0.001931,identity,1,,1.0,4,0,1,,,852.4966430664062,208.74755859375,876.339241027832,206.2372392654419,556.339241027832,26.2372392654419,132.45887756347656,-13.946218490600586,12,0.08571753602982715,0,0,0,prediction_stale,0,0.0
311,360.453000,3.850,1,0,0.002248,identity,1,,1.0,4,0,1,,,,,,,,,0.0,0.0,13,0.0,0,0,0,lost,0,0.0
312,360.500000,5.363,1,0,0.000872,identity,1,,1.0,,0,0,,,,,,,,,0.0,0.0,0,0.0,0,0,0,lost,0,0.0
313,360.531000,2.710,1,0,0.000195,identity,1,,1.0,,0,0,,,,,,,,,0.0,0.0,0,0.0,0,0,0,lost,0,0.0
314,360.578000,2.975,1,0,0.000694,identity,1,,1.0,,0,0,,,,,,,,,0.0,0.0,0,0.0,0,0,0,lost,0,0.0
315,360.609000,2.747,1,0,0.001957,identity,1,,1.0,,0,0,,,,,,,,,0.0,0.0,0,0.0,0,0,0,lost,0,0.0
316,360.656000,3.483,1,0,0.000000,identity,1,,1.0,,0,0,,,,,,,,,0.0,0.0,0,0.0,0,0,0,lost,0,0.0
317,360.703000,2.674,1,0,0.000000,identity,1,,1.0,,0,0,,,,,,,,,0.0,0.0,0,0.0,0,0,0,lost,0,0.0
318,360.734000,3.801,1,0,0.000000,identity,1,,1.0,,0,0,,,,,,,,,0.0,0.0,0,0.0,0,0,0,lost,0,0.0
319,360.781000,5.173,1,0,0.000000,identity,1,,1.0,,0,0,,,,,,,,,0.0,0.0,0,0.0,0,0,0,lost,0,0.0
320,360.812000,3.077,1,0,0.000000,identity,1,,1.0,,0,0,,,,,,,,,0.0,0.0,0,0.0,0,0,0,lost,0,0.0
321,360.859000,2.522,1,0,0.000000,identity,1,,1.0,,0,0,,,,,,,,,0.0,0.0,0,0.0,0,0,0,lost,0,0.0
322,360.890000,2.683,1,0,0.000000,identity,1,,1.0,,0,0,,,,,,,,,0.0,0.0,0,0.0,0,0,0,lost,0,0.0
323,360.937000,2.396,1,0,0.000000,identity,1,,1.0,,0,0,,,,,,,,,0.0,0.0,0,0.0,0,0,0,lost,0,0.0
324,360.984000,5.663,1,0,0.002882,identity,1,,1.0,,0,0,,,,,,,,,0.0,0.0,0,0.0,0,0,0,lost,0,0.0
325,361.015000,3.608,1,1,0.009193,identity,1,,1.0,5,1,0,502.5,332.5,502.5,332.5,502.5,332.5,182.5,152.5,0.0,0.0,0,0.6569767441860466,20,-20,0,tracking,0,0.0
326,361.062000,4.716,1,5,0.028155,identity,1,,1.0,5,1,0,504.5,332.0,503.971435546875,332.13214111328125,503.98385778084395,332.129035554789,183.98385778084395,152.12903555478903,0.06901241093873978,-0.017253102734684944,0,0.8666727939671126,20,-20,0,tracking,0,0.0
327,361.093000,3.075,1,6,0.044414,identity,1,,1.0,5,1,0,504.0,329.0,503.98480224609375,330.7992248535156,503.99755381777885,330.75709472328424,183.99755381777885,150.75709472328424,0.07084206491708755,-0.2340562790632248,0,0.7981711446752146,20,-20,0,tracking,0,0.0
328,361.140000,5.374,1,6,0.052717,identity,1,,1.0,5,1,0,505.0,327.5,504.29638671875,329.78656005859375,504.3343717041612,329.6624298930168,184.33437170416119,149.6624298930168,0.21102769672870636,-0.6896120309829712,0,0.7724755571319368,20,-20,0,tracking,0,0.0
329,361.171000,3.019,1,6,0.059857,identity,1,,1.0,5,1,0,488.0,325.5,500.3896484375,328.74139404296875,499.9293236064911,328.48689611673353,179.9293236064911,148.48689611673353,-2.5573601722717285,-1.4138773679733276,0,0.6054075434457908,20,-20,0,tracking,0,0.0
330,361.218000,3.778,1,7,0.072977,identity,1,,1.0,5,1,0,480.5,326.5,496.1656188964844,328.22344970703125,494.86846442222594,327.8768883252144,174.86846442222594,147.8768883252144,-7.206413745880127,-1.925341010093689,0,0.6077784952946237,19,-20,0,tracking,0,0.0
331,361.250000,3.290,1,9,0.089631,identity,1,,1.0,5,1,0,490.0,326.5,494.8436279296875,327.8562316894531,493.2680187034607,327.4317017316818,173.2680187034607,147.4317017316818,-8.753384590148926,-2.358499765396118,0,0.7508829959315986,19,-20,0,tracking,0,0.0
332,361.296000,2.890,1,9,0.101988,identity,1,,1.0,5,1,0,496.5,326.0,494.80291748046875,327.4405212402344,493.3427491569519,326.9180024623871,173.34274915695192,146.9180024623871,-8.112046241760254,-2.9028820991516113,0,0.7959390513033944,19,-20,0,tracking,0,0.0
333,361.328000,3.410,1,8,0.124683,identity,1,,1.0,5,1,0,498.5,326.0,495.1978454589844,327.12469482421875,493.9690680885315,326.5233651065826,173.96906808853151,146.52336510658262,-6.826540946960449,-3.3407206535339355,0,0.804833839803792,19,-20,0,tracking,0,0.0
334,361.375000,3.964,1,8,0.145043,identity,1,,1.0,5,1,0,495.5,326.0,494.98126220703125,326.8056945800781,493.79293864250184,326.1415311336517,173.79293864250184,146.1415311336517,-6.601797580718994,-3.6897969245910645,0,0.8197453615657829,19,-20,0,tracking,0,0.0
335,361.421000,5.230,1,7,0.150143,identity,1,,1.0,5,1,0,470.5,320.0,490.56219482421875,325.50640869140625,487.71406461715696,324.3866825580597,167.71406461715696,144.3866825580597,-15.822945594787598,-6.220700740814209,0,0.7125054262987007,18,-20,0,tracking,0,0.0
336,361.453000,5.285,1,8,0.141185,identity,1,,1.0,5,1,0,577.5,330.0,504.4256591796875,326.0784912109375,507.42540466308594,325.2725891113281,187.42540466308594,145.2725891113281,16.665252685546875,-4.47723388671875,0,0.24811327867972077,20,-20,0,tracking,0,0.0
337,361.500000,2.665,1,7,0.132227,identity,1,,1.0,5,1,0,586.5,330.5,518.9406127929688,326.6505126953125,527.4930435180664,326.1609999799728,207.49304351806643,146.16099997997281,47.51350402832031,-2.719515085220337,0,0.31152357516155516,20,-20,0,tracking,0,0.0
338,361.531000,3.176,1,4,0.106415,identity,1,,1.0,5,1,0,536.0,321.5,522.9462280273438,325.74298095703125,532.5095739746093,324.9248828315735,212.50957397460934,144.92488283157348,53.12969970703125,-4.544989585876465,0,0.612388122223718,20,-20,0,tracking,0,0.0
339,361.593000,3.587,1,6,0.095655,identity,1,,1.0,5,1,0,543.0,321.5,529.1818237304688,324.7659606933594,539.8700721740722,323.68199016571043,219.87007217407222,143.68199016571043,59.37915802001953,-6.022058486938477,0,0.6091296091059156,20,-20,0,tracking,0,0.0
340,361.609000,3.977,1,4,0.107760,identity,1,,1.0,5,1,0,550.5,322.5,533.3519897460938,324.32659912109375,545.2561363220215,323.1131107711792,225.25613632202146,143.1131107711792,66.13414764404297,-6.741601943969727,0,0.626727193613634,20,-20,0,tracking,0,0.0
341,361.656000,2.970,1,5,0.109293,identity,1,,1.0,5,1,0,551.0,321.5,538.801025390625,323.6056823730469,551.5556373596191,322.2453932476044,231.55563735961914,142.2453932476044,70.85895538330078,-7.557161808013916,0,0.7269593880846883,20,-20,0,tracking,0,0.0
342,361.687000,2.765,1,8,0.095404,identity,1,,1.0,5,1,0,553.5,319.5,542.9241333007812,322.7748718261719,556.3598454284668,321.2036768722534,236.35984542846677,141.20367687225342,74.6428451538086,-8.728860855102539,0,0.7487880603583095,20,-20,0,tracking,0,0.0
343,361.734000,2.754,1,7,0.075074,identity,1,,1.0,5,1,0,551.5,227.0,547.2222290039062,307.5009765625,560.9254046630859,300.8965447235107,240.92540466308594,120.89654472351071,76.12875366210938,-36.691287994384766,0,0.23936242036910782,20,-20,0,tracking,0,0.0
344,361.781000,3.578,1,4,0.062535,identity,1,,1.0,5,1,0,603.5,214.0,559.0389404296875,291.42889404296875,575.408352355957,280.1812149047852,255.40835235595705,100.18121490478518,90.94117736816406,-62.48710632324219,0,0.24665970319369668,20,-19,0,tracking,0,0.0
345,361.812000,3.410,1,4,0.053455,identity,1,,1.0,5,0,1,,,561.8580932617188,289.4917907714844,578.2275051879883,278.2441116333008,258.2275051879883,98.2441116333008,90.94117736816406,-62.48710632324219,1,0.2371016396949391,20,-19,0,tracking,0,0.0
346,361.859000,2.988,1,5,0.040599,identity,1,,1.0,5,0,1,,,566.13232421875,286.5549011230469,582.5017361450195,275.3072219848633,262.50173614501955,95.3072219848633,90.94117736816406,-62.48710632324219,2,0.2226103821323191,20,-19,0,tracking,0,0.0
347,361.890000,2.719,1,4,0.030990,identity,1,,1.0,5,1,0,457.5,183.0,548.3624267578125,265.8453674316406,558.785467300415,249.17598205566406,238.785467300415,69.17598205566406,57.90578079223633,-92.60769653320312,0,0.1781521994874472,20,-13,0,tracking,0,0.0
348,361.937000,2.912,1,3,0.022695,identity,1,,1.0,5,0,1,,,551.083984375,261.4927978515625,561.5070249176025,244.82341247558594,241.5070249176025,64.82341247558594,57.90578079223633,-92.60769653320312,1,0.167685757767554,20,-13,0,tracking,0,0.0
349,361.968000,2.903,1,3,0.020768,identity,1,,1.0,5,0,1,,,552.8790893554688,258.6219482421875,563.3021298980713,241.95256286621094,243.30212989807126,61.95256286621094,57.90578079223633,-92.60769653320312,2,0.1607823600374141,20,-12,0,tracking,0,0.0
350,362.015000,2.940,1,2,0.014214,identity,1,,1.0,5,0,1,,,555.6006469726562,254.26939392089844,566.0236875152588,237.60000854492188,246.02368751525876,57.60000854492188,57.90578079223633,-92.60769653320312,3,0.15031591831753358,20,-11,0,tracking,0,0.0
351,362.062000,2.773,1,1,0.007188,identity,1,,1.0,5,1,0,471.5,105.5,537.9826049804688,216.08468627929688,543.5194139480591,191.28772521972655,223.51941394805908,11.287725219726553,30.76004981994629,-137.76089477539062,0,0.13768568532347236,20,0,0,tracking,0,0.0
352,362.093000,2.941,1,1,0.008416,identity,1,,1.0,5,0,1,,,538.9361572265625,211.81410217285156,544.4729661941528,187.01714111328124,224.47296619415283,7.017141113281241,30.76004981994629,-137.76089477539062,1,0.13235036501718678,20,0,0,tracking,0,0.0
353,362.156000,2.801,1,1,0.007990,identity,1,,1.0,5,1,0,626.5,96.0,560.5160522460938,178.55906677246094,570.3518474578857,148.3832159423828,250.3518474578857,-31.616784057617195,54.643306732177734,-167.64361572265625,0,0.08887111569658379,20,6,0,tracking,0,0.0
354,362.171000,2.673,1,1,0.007587,identity,1,,1.0,5,0,1,,,561.335693359375,176.04441833496094,571.171488571167,145.8685675048828,251.17148857116695,-34.131432495117195,54.643306732177734,-167.64361572265625,1,0.08720478227727436,20,7,0,tracking,0,0.0
355,362.218000,3.354,1,0,0.003941,identity,1,,1.0,5,0,1,,,563.9039306640625,168.1651611328125,573.7397258758544,137.98931030273437,253.73972587585445,-42.01068969726563,54.643306732177734,-167.64361572265625,2,0.08198360423009723,20,8,0,tracking,0,0.0
356,362.250000,2.689,1,0,0.003819,identity,1,,1.0,5,0,1,,,565.6525268554688,162.80056762695312,575.4883220672607,132.624716796875,255.4883220672607,-47.37528320312501,54.643306732177734,-167.64361572265625,3,0.07842875960223586,20,9,0,tracking,0,0.0
357,362.296000,2.565,1,0,0.003793,identity,1,,1.0,5,0,1,,,568.1661376953125,155.08895874023438,578.0019329071044,124.91310791015626,258.00193290710445,-55.086892089843744,54.643306732177734,-167.64361572265625,4,0.07331867044968314,20,11,0,tracking,0,0.0
358,362.328000,3.276,1,0,0.006124,identity,1,,1.0,5,0,1,,,569.9147338867188,149.724365234375,579.7505290985107,119.54851440429688,259.7505290985107,-60.45148559570312,54.643306732177734,-167.64361572265625,5,0.06976382582182176,20,12,0,tracking,0,0.0
359,362.375000,2.963,1,0,0.001076,identity,1,,1.0,5,0,1,,,572.4829711914062,141.84512329101562,582.3187664031982,111.6692724609375,262.3187664031982,-68.3307275390625,54.643306732177734,-167.64361572265625,6,0.06454264777464463,20,13,0,tracking,0,0.0
360,362.406000,2.870,1,0,0.000195,identity,1,,1.0,5,0,1,,,574.1769409179688,136.64817810058594,584.0127361297607,106.47232727050782,264.0127361297607,-73.52767272949218,54.643306732177734,-167.64361572265625,7,0.061098892041401356,20,14,0,tracking,0,0.0
361,362.453000,3.319,1,0,0.000195,identity,1,,1.0,5,0,1,,,576.7451782226562,128.7689208984375,586.5809734344482,98.59307006835938,266.5809734344482,-81.40692993164062,54.643306732177734,-167.64361572265625,8,0.05587771399423055,20,16,0,tracking,0,0.0
362,362.484000,2.712,1,0,0.003516,identity,1,,1.0,5,0,1,,,578.4391479492188,123.57196807861328,588.2749431610107,93.39611724853516,268.2749431610107,-86.60388275146484,54.643306732177734,-167.64361572265625,9,0.05243395826098726,0,0,0,prediction_stale,0,0.0
363,362.531000,2.763,1,0,0.003030,identity,1,,1.0,5,0,1,,,581.0073852539062,115.69271850585938,590.8431804656982,85.51686767578126,270.8431804656982,-94.48313232421874,54.643306732177734,-167.64361572265625,10,0.04721278021381014,0,0,0,prediction_stale,0,0.0
364,362.562000,2.851,1,0,0.002101,identity,1,,1.0,5,0,1,,,582.7013549804688,110.49576568603516,592.5371501922607,80.31991485595704,272.5371501922607,-99.68008514404296,54.643306732177734,-167.64361572265625,11,0.04376902448056686,0,0,0,prediction_stale,0,0.0
365,362.609000,3.077,1,0,0.003155,identity,1,,1.0,5,0,1,,,585.2695922851562,102.61651611328125,595.1053874969482,72.44066528320313,275.1053874969482,-107.55933471679687,54.643306732177734,-167.64361572265625,12,0.038547846433396045,0,0,0,prediction_stale,0,0.0
366,362.640000,4.413,1,0,0.001024,identity,1,,1.0,5,0,1,,,,,,,,,0.0,0.0,13,0.0,0,0,0,lost,0,0.0
367,362.687000,2.331,1,0,0.001267,identity,1,,1.0,,0,0,,,,,,,,,0.0,0.0,0,0.0,0,0,0,lost,0,0.0
368,362.734000,3.280,1,0,0.000000,identity,1,,1.0,,0,0,,,,,,,,,0.0,0.0,0,0.0,0,0,0,lost,0,0.0
369,362.765000,2.985,1,0,0.000000,identity,1,,1.0,,0,0,,,,,,,,,0.0,0.0,0,0.0,0,0,0,lost,0,0.0
370,362.812000,3.515,1,0,0.000000,identity,1,,1.0,,0,0,,,,,,,,,0.0,0.0,0,0.0,0,0,0,lost,0,0.0
371,362.843000,3.103,1,0,0.000000,identity,1,,1.0,,0,0,,,,,,,,,0.0,0.0,0,0.0,0,0,0,lost,0,0.0
372,362.890000,2.241,1,0,0.000000,identity,1,,1.0,,0,0,,,,,,,,,0.0,0.0,0,0.0,0,0,0,lost,0,0.0
373,362.921000,2.878,1,0,0.000000,identity,1,,1.0,,0,0,,,,,,,,,0.0,0.0,0,0.0,0,0,0,lost,0,0.0
374,362.968000,3.349,1,0,0.000000,identity,1,,1.0,,0,0,,,,,,,,,0.0,0.0,0,0.0,0,0,0,lost,0,0.0
375,363.000000,2.454,1,0,0.000000,identity,1,,1.0,,0,0,,,,,,,,,0.0,0.0,0,0.0,0,0,0,lost,0,0.0
376,363.046000,3.320,1,0,0.000000,identity,1,,1.0,,0,0,,,,,,,,,0.0,0.0,0,0.0,0,0,0,lost,0,0.0
377,363.093000,2.494,1,0,0.000000,identity,1,,1.0,,0,0,,,,,,,,,0.0,0.0,0,0.0,0,0,0,lost,0,0.0
378,363.125000,2.400,1,0,0.000000,identity,1,,1.0,,0,0,,,,,,,,,0.0,0.0,0,0.0,0,0,0,lost,0,0.0
379,363.171000,3.401,1,0,0.000000,identity,1,,1.0,,0,0,,,,,,,,,0.0,0.0,0,0.0,0,0,0,lost,0,0.0
380,363.203000,2.332,1,0,0.000000,identity,1,,1.0,,0,0,,,,,,,,,0.0,0.0,0,0.0,0,0,0,lost,0,0.0
381,363.250000,2.997,1,0,0.000000,identity,1,,1.0,,0,0,,,,,,,,,0.0,0.0,0,0.0,0,0,0,lost,0,0.0
382,363.296000,2.440,1,0,0.000000,identity,1,,1.0,,0,0,,,,,,,,,0.0,0.0,0,0.0,0,0,0,lost,0,0.0
383,363.328000,3.498,1,0,0.000000,identity,1,,1.0,,0,0,,,,,,,,,0.0,0.0,0,0.0,0,0,0,lost,0,0.0
384,363.375000,3.578,1,0,0.000690,identity,1,,1.0,,0,0,,,,,,,,,0.0,0.0,0,0.0,0,0,0,lost,0,0.0
385,363.406000,2.207,1,0,0.001289,identity,1,,1.0,,0,0,,,,,,,,,0.0,0.0,0,0.0,0,0,0,lost,0,0.0
386,363.453000,3.612,1,0,0.001736,identity,1,,1.0,,0,0,,,,,,,,,0.0,0.0,0,0.0,0,0,0,lost,0,0.0
387,363.484000,3.471,1,0,0.002587,identity,1,,1.0,,0,0,,,,,,,,,0.0,0.0,0,0.0,0,0,0,lost,0,0.0
388,363.531000,3.215,1,0,0.001393,identity,1,,1.0,,0,0,,,,,,,,,0.0,0.0,0,0.0,0,0,0,lost,0,0.0
389,363.562000,2.409,1,0,0.001606,identity,1,,1.0,,0,0,,,,,,,,,0.0,0.0,0,0.0,0,0,0,lost,0,0.0
390,363.609000,2.514,1,0,0.004049,identity,1,,1.0,,0,0,,,,,,,,,0.0,0.0,0,0.0,0,0,0,lost,0,0.0
391,363.640000,2.884,1,0,0.002778,identity,1,,1.0,,0,0,,,,,,,,,0.0,0.0,0,0.0,0,0,0,lost,0,0.0
392,363.687000,1.925,1,0,0.001966,identity,1,,1.0,,0,0,,,,,,,,,0.0,0.0,0,0.0,0,0,0,lost,0,0.0
393,363.734000,2.470,1,1,0.006597,identity,1,,1.0,6,1,0,454.5,72.0,454.5,72.0,454.5,72.0,134.5,-108.0,0.0,0.0,0,0.7124742798353909,15,20,0,tracking,0,0.0
394,363.765000,2.551,1,2,0.013637,identity,1,,1.0,6,1,0,451.5,81.5,452.2935485839844,78.98706817626953,452.2812479197979,79.02602027773857,132.28124791979792,-100.97397972226143,-0.06833702325820923,0.21640056371688843,0,0.7865559414200578,14,20,0,tracking,0,0.0
395,363.812000,2.692,1,4,0.041519,identity,1,,1.0,6,1,0,421.0,26.0,438.9442443847656,56.392601013183594,438.4368983697891,55.593082399368285,118.4368983697891,-124.40691760063172,-2.818588972091675,-4.441770076751709,0,0.5918675770243964,13,20,0,tracking,0,0.0
396,363.843000,3.712,1,1,0.071706,identity,1,,1.0,6,0,1,,,438.85687255859375,56.254905700683594,438.34952654361723,55.455387086868285,118.34952654361723,-124.54461291313172,-2.818588972091675,-4.441770076751709,1,0.5689327084146967,13,20,0,tracking,0,0.0
397,363.890000,2.445,1,1,0.093047,identity,1,,1.0,6,0,1,,,438.7243957519531,56.046142578125,438.2170497369766,55.24662396430969,118.2170497369766,-124.75337603569031,-2.818588972091675,-4.441770076751709,2,0.5341604882645365,13,20,0,tracking,0,0.0
398,363.921000,2.501,1,1,0.092483,identity,1,,1.0,6,0,1,,,438.63702392578125,55.908447265625,438.12967791080473,55.10892865180969,118.12967791080473,-124.89107134819031,-2.818588972091675,-4.441770076751709,3,0.5112256196548368,13,20,0,tracking,0,0.0
399,363.968000,2.652,1,3,0.080985,identity,1,,1.0,6,1,0,373.0,197.5,416.0610046386719,104.28411865234375,411.5304207611084,112.19386497497558,91.53042076110842,-67.80613502502442,-25.169910430908203,43.94303512573242,0,0.2590576906636056,10,13,0,tracking,0,0.0
400,364.015000,2.569,1,1,0.075625,identity,1,,1.0,6,0,1,,,414.8780212402344,106.34944152832031,410.3474373626709,114.25918785095215,90.34743736267092,-65.74081214904785,-25.169910430908203,43.94303512573242,1,0.24383805133712896,10,13,0,tracking,0,0.0
401,364.046000,2.771,1,1,0.054727,identity,1,,1.0,6,0,1,,,414.0977478027344,107.71167755126953,409.5671639251709,115.62142387390136,89.56716392517092,-64.37857612609864,-25.169910430908203,43.94303512573242,2,0.23379956582391231,10,13,0,tracking,0,0.0
402,364.093000,2.736,1,1,0.037339,identity,1,,1.0,6,0,1,,,412.9147644042969,109.7770004272461,408.3841805267334,117.68674674987793,88.38418052673342,-62.313253250122074,-25.169910430908203,43.94303512573242,3,0.21857992649741725,10,12,0,tracking,0,0.0
403,364.125000,2.976,1,1,0.020924,identity,1,,1.0,6,1,0,424.5,229.0,416.3135681152344,151.15933227539062,412.8846214675903,169.5439938354492,92.8846214675903,-10.456006164550786,-19.04970359802246,102.13700866699219,0,0.40389768092456324,10,0,0,tracking,0,0.0
404,364.171000,2.851,1,1,0.018867,identity,1,,1.0,6,0,1,,,415.4372863769531,155.85763549804688,412.00833972930906,174.24229705810546,92.00833972930906,-5.757702941894536,-19.04970359802246,102.13700866699219,1,0.38067356427140475,10,0,0,tracking,0,0.0
405,364.203000,2.693,1,1,0.015694,identity,1,,1.0,6,0,1,,,414.82769775390625,159.1260223388672,411.3987511062622,177.51068389892578,91.39875110626218,-2.4893161010742233,-19.04970359802246,102.13700866699219,2,0.3645176570344312,10,0,0,tracking,0,0.0
406,364.250000,2.546,1,1,0.008485,identity,1,,1.0,6,0,1,,,413.932373046875,163.9264678955078,410.50342639923093,182.3111294555664,90.50342639923093,2.3111294555664017,-19.04970359802246,102.13700866699219,3,0.34078866828010024,10,0,0,tracking,0,0.0
407,364.281000,2.305,1,1,0.013989,identity,1,,1.0,6,0,1,,,413.3418273925781,167.09271240234375,409.91288074493406,185.47737396240234,89.91288074493406,5.477373962402339,-19.04970359802246,102.13700866699219,4,0.3251376331442704,10,0,0,tracking,0,0.0
408,364.328000,2.379,1,1,0.015994,identity,1,,1.0,6,1,0,229.5,221.5,341.643798828125,191.09165954589844,319.1432426452637,214.64768188476563,-0.8567573547363168,34.64768188476563,-125.00308990478516,130.86679077148438,0,0.23170089602869348,0,-7,0,tracking,0,0.0
409,364.359000,2.653,1,2,0.018212,identity,1,,1.0,6,1,0,245.0,214.0,310.122314453125,200.76654052734375,280.2242858886719,225.82579742431642,-39.775714111328114,45.82579742431642,-166.10015869140625,139.2180938720703,0,0.2738422883825773,-4,-9,0,tracking,0,0.0
410,364.406000,2.743,1,2,0.021168,identity,1,,1.0,6,1,0,233.5,202.0,284.7501525878906,205.95443725585938,250.16018188476562,230.65166717529297,-69.83981811523438,50.65166717529297,-192.16650390625,137.2068328857422,0,0.37862554802130555,-8,-10,0,tracking,0,0.0
411,364.453000,2.638,1,2,0.026363,identity,1,,1.0,6,1,0,235.0,231.0,266.4787292480469,216.623046875,229.42192962646484,242.44692474365235,-90.57807037353516,62.446924743652346,-205.87110900878906,143.4659881591797,0,0.5521870130144075,-10,-12,0,tracking,0,0.0
412,364.484000,2.515,1,2,0.033177,identity,1,,1.0,6,0,1,,,260.0967102050781,221.07049560546875,223.0399105834961,246.8943734741211,-96.9600894165039,66.8943734741211,-205.87110900878906,143.4659881591797,1,0.5307897662600951,-11,-13,0,tracking,0,0.0
413,364.531000,2.445,1,2,0.040477,identity,1,,1.0,6,0,1,,,250.4207763671875,227.8134002685547,213.36397674560547,253.63727813720703,-106.63602325439453,73.63727813720703,-205.87110900878906,143.4659881591797,2,0.49834877924548115,-12,-14,0,tracking,0,0.0
414,364.562000,2.979,1,2,0.042912,identity,1,,1.0,6,1,0,349.0,202.5,269.0511779785156,225.16879272460938,238.49747436523438,249.14877471923828,-81.50252563476562,69.14877471923828,-169.7427978515625,133.2221221923828,0,0.448017017475298,-9,-13,0,tracking,0,0.0
415,364.609000,2.581,1,1,0.052704,identity,1,,1.0,6,0,1,,,261.0732727050781,231.43023681640625,230.51956909179688,255.41021881103515,-89.48043090820312,75.41021881103515,-169.7427978515625,133.2221221923828,1,0.4216960176986418,-10,-15,0,tracking,0,0.0
416,364.640000,3.165,1,1,0.060109,identity,1,,1.0,6,0,1,,,255.81124877929688,235.56011962890625,225.25754516601563,259.5401016235352,-94.74245483398437,79.54010162353518,-169.7427978515625,133.2221221923828,2,0.4043353582714707,-10,-15,0,tracking,0,0.0
417,364.687000,2.834,1,1,0.066107,identity,1,,1.0,6,0,1,,,247.83334350585938,241.82156372070312,217.27963989257813,265.80154571533205,-102.72036010742187,85.80154571533205,-169.7427978515625,133.2221221923828,3,0.37801435849478265,-11,-17,0,tracking,0,0.0
418,364.718000,2.724,1,2,0.063286,identity,1,,1.0,6,1,0,380.5,156.0,279.6514892578125,221.76927185058594,257.9054768371582,240.0052375793457,-62.094523162841824,60.0052375793457,-120.8111801147461,101.31092071533203,0,0.23232632901857386,-7,-12,0,tracking,0,0.0
419,364.765000,2.912,1,2,0.053372,identity,1,,1.0,6,0,1,,,273.9733581542969,226.5308837890625,252.22734573364258,244.76684951782227,-67.77265426635742,64.76684951782227,-120.8111801147461,101.31092071533203,1,0.21867715718874176,-7,-13,0,tracking,0,0.0
420,364.812000,2.760,1,2,0.041649,identity,1,,1.0,6,0,1,,,268.29522705078125,231.29249572753906,246.54921463012695,249.52846145629883,-73.45078536987305,69.52846145629883,-120.8111801147461,101.31092071533203,2,0.20502798535889316,-8,-14,0,tracking,0,0.0
421,364.843000,2.629,1,3,0.030773,identity,1,,1.0,6,0,1,,,264.5500793457031,234.43313598632812,242.80406692504883,252.6691017150879,-77.19593307495117,72.66910171508789,-120.8111801147461,101.31092071533203,3,0.1960253401094217,-8,-14,0,tracking,0,0.0
422,364.890000,2.180,1,3,0.026267,identity,1,,1.0,6,0,1,,,258.8719482421875,239.1947479248047,237.1259358215332,257.43071365356445,-82.8740641784668,77.43071365356445,-120.8111801147461,101.31092071533203,4,0.1823761682795896,-9,-15,0,tracking,0,0.0
423,364.921000,2.716,1,2,0.019384,identity,1,,1.0,6,0,1,,,255.12680053710938,242.33538818359375,233.38078811645508,260.5713539123535,-86.61921188354492,80.57135391235352,-120.8111801147461,101.31092071533203,5,0.17337352303011813,-9,-16,0,tracking,0,0.0
424,364.968000,2.875,1,2,0.011597,identity,1,,1.0,6,0,1,,,249.44866943359375,247.0970001220703,227.70265701293945,265.3329658508301,-92.29734298706055,85.33296585083008,-120.8111801147461,101.31092071533203,6,0.15972435120026954,-10,-17,0,tracking,0,0.0
425,365.000000,2.537,1,0,0.001441,identity,1,,1.0,6,0,1,,,245.5827178955078,250.3389434814453,223.83670547485352,268.5749092102051,-96.16329452514648,88.57490921020508,-120.8111801147461,101.31092071533203,7,0.15043129803953173,-11,-17,0,tracking,0,0.0
426,365.046000,3.710,1,2,0.009822,identity,1,,1.0,6,0,1,,,240.02540588378906,254.99925231933594,218.27939346313477,273.2352180480957,-101.72060653686523,93.2352180480957,-120.8111801147461,101.31092071533203,8,0.13707253412096598,0,0,0,prediction_stale,0,0.0
427,365.093000,3.583,1,2,0.012352,identity,1,,1.0,6,0,1,,,234.34727478027344,259.7608642578125,212.60126235961914,277.99682998657227,-107.39873764038086,97.99682998657227,-120.8111801147461,101.31092071533203,9,0.12342336229111736,0,0,0,prediction_stale,0,0.0
428,365.125000,2.714,1,1,0.007921,identity,1,,1.0,6,0,1,,,230.4813232421875,263.0028076171875,208.7353108215332,281.23877334594727,-111.2646891784668,101.23877334594727,-120.8111801147461,101.31092071533203,10,0.11413030913037955,0,0,0,prediction_stale,0,0.0
429,365.171000,2.677,1,1,0.002565,identity,1,,1.0,6,0,1,,,224.92401123046875,267.6631164550781,203.17799880981445,285.8990821838379,-116.82200119018555,105.89908218383789,-120.8111801147461,101.31092071533203,11,0.1007715452118138,0,0,0,prediction_stale,0,0.0
430,365.203000,2.339,1,0,0.000000,identity,1,,1.0,6,0,1,,,221.0580596923828,270.9050598144531,199.31204727172852,289.1410255432129,-120.68795272827148,109.14102554321289,-120.8111801147461,101.31092071533203,12,0.091478492051076,0,0,0,prediction_stale,0,0.0
431,365.250000,2.357,1,0,0.000000,identity,1,,1.0,6,0,1,,,,,,,,,0.0,0.0,13,0.0,0,0,0,lost,0,0.0
432,365.281000,2.680,1,0,0.001432,identity,1,,1.0,,0,0,,,,,,,,,0.0,0.0,0,0.0,0,0,0,lost,0,0.0
433,365.328000,2.435,1,0,0.000851,identity,1,,1.0,,0,0,,,,,,,,,0.0,0.0,0,0.0,0,0,0,lost,0,0.0
434,365.375000,2.448,1,0,0.000920,identity,1,,1.0,,0,0,,,,,,,,,0.0,0.0,0,0.0,0,0,0,lost,0,0.0
435,365.406000,2.541,1,0,0.000260,identity,1,,1.0,,0,0,,,,,,,,,0.0,0.0,0,0.0,0,0,0,lost,0,0.0
436,365.453000,2.722,1,0,0.000226,identity,1,,1.0,,0,0,,,,,,,,,0.0,0.0,0,0.0,0,0,0,lost,0,0.0
437,365.484000,4.726,1,0,0.000000,identity,1,,1.0,,0,0,,,,,,,,,0.0,0.0,0,0.0,0,0,0,lost,0,0.0
438,365.531000,3.311,1,0,0.000000,identity,1,,1.0,,0,0,,,,,,,,,0.0,0.0,0,0.0,0,0,0,lost,0,0.0
439,365.562000,4.230,1,0,0.000000,identity,1,,1.0,,0,0,,,,,,,,,0.0,0.0,0,0.0,0,0,0,lost,0,0.0
440,365.609000,2.453,1,0,0.001332,identity,1,,1.0,,0,0,,,,,,,,,0.0,0.0,0,0.0,0,0,0,lost,0,0.0
441,365.640000,3.784,1,0,0.000000,identity,1,,1.0,,0,0,,,,,,,,,0.0,0.0,0,0.0,0,0,0,lost,0,0.0
442,365.687000,2.905,1,0,0.000000,identity,1,,1.0,,0,0,,,,,,,,,0.0,0.0,0,0.0,0,0,0,lost,0,0.0
443,365.734000,2.243,1,0,0.000000,identity,1,,1.0,,0,0,,,,,,,,,0.0,0.0,0,0.0,0,0,0,lost,0,0.0
444,365.765000,1.845,1,0,0.000816,identity,1,,1.0,,0,0,,,,,,,,,0.0,0.0,0,0.0,0,0,0,lost,0,0.0
445,365.812000,3.374,1,0,0.000438,identity,1,,1.0,,0,0,,,,,,,,,0.0,0.0,0,0.0,0,0,0,lost,0,0.0
446,365.843000,2.637,1,0,0.001263,identity,1,,1.0,,0,0,,,,,,,,,0.0,0.0,0,0.0,0,0,0,lost,0,0.0
447,365.890000,2.286,1,0,0.001467,identity,1,,1.0,,0,0,,,,,,,,,0.0,0.0,0,0.0,0,0,0,lost,0,0.0
448,365.921000,2.359,1,0,0.000651,identity,1,,1.0,,0,0,,,,,,,,,0.0,0.0,0,0.0,0,0,0,lost,0,0.0
449,365.968000,3.879,1,0,0.000000,identity,1,,1.0,,0,0,,,,,,,,,0.0,0.0,0,0.0,0,0,0,lost,0,0.0
450,366.015000,2.571,1,0,0.000803,identity,1,,1.0,,0,0,,,,,,,,,0.0,0.0,0,0.0,0,0,0,lost,0,0.0
451,366.046000,2.450,1,0,0.000877,identity,1,,1.0,,0,0,,,,,,,,,0.0,0.0,0,0.0,0,0,0,lost,0,0.0
452,366.093000,2.226,1,0,0.000573,identity,1,,1.0,,0,0,,,,,,,,,0.0,0.0,0,0.0,0,0,0,lost,0,0.0
453,366.125000,2.875,1,0,0.001263,identity,1,,1.0,,0,0,,,,,,,,,0.0,0.0,0,0.0,0,0,0,lost,0,0.0
454,366.187000,2.295,1,0,0.000000,identity,1,,1.0,,0,0,,,,,,,,,0.0,0.0,0,0.0,0,0,0,lost,0,0.0
455,366.203000,2.208,1,0,0.000000,identity,1,,1.0,,0,0,,,,,,,,,0.0,0.0,0,0.0,0,0,0,lost,0,0.0
456,366.250000,2.937,1,0,0.000226,identity,1,,1.0,,0,0,,,,,,,,,0.0,0.0,0,0.0,0,0,0,lost,0,0.0
457,366.281000,2.212,1,0,0.000000,identity,1,,1.0,,0,0,,,,,,,,,0.0,0.0,0,0.0,0,0,0,lost,0,0.0
458,366.328000,2.005,1,0,0.000000,identity,1,,1.0,,0,0,,,,,,,,,0.0,0.0,0,0.0,0,0,0,lost,0,0.0
459,366.375000,3.057,1,0,0.000391,identity,1,,1.0,,0,0,,,,,,,,,0.0,0.0,0,0.0,0,0,0,lost,0,0.0
460,366.406000,2.233,1,0,0.000000,identity,1,,1.0,,0,0,,,,,,,,,0.0,0.0,0,0.0,0,0,0,lost,0,0.0
461,366.453000,3.223,1,0,0.000000,identity,1,,1.0,,0,0,,,,,,,,,0.0,0.0,0,0.0,0,0,0,lost,0,0.0
462,366.484000,2.376,1,0,0.000295,identity,1,,1.0,,0,0,,,,,,,,,0.0,0.0,0,0.0,0,0,0,lost,0,0.0
463,366.531000,2.355,1,0,0.000226,identity,1,,1.0,,0,0,,,,,,,,,0.0,0.0,0,0.0,0,0,0,lost,0,0.0
464,366.562000,3.004,1,0,0.000760,identity,1,,1.0,,0,0,,,,,,,,,0.0,0.0,0,0.0,0,0,0,lost,0,0.0
465,366.609000,1.829,1,0,0.003620,identity,1,,1.0,,0,0,,,,,,,,,0.0,0.0,0,0.0,0,0,0,lost,0,0.0
466,366.656000,2.754,1,0,0.003546,identity,1,,1.0,,0,0,,,,,,,,,0.0,0.0,0,0.0,0,0,0,lost,0,0.0
467,366.687000,4.809,1,0,0.009240,identity,1,,1.0,,0,0,,,,,,,,,0.0,0.0,0,0.0,0,0,0,lost,0,0.0
468,366.718000,3.151,1,0,0.012799,identity,1,,1.0,,0,0,,,,,,,,,0.0,0.0,0,0.0,0,0,0,lost,0,0.0
469,366.765000,2.561,1,0,0.004839,identity,1,,1.0,,0,0,,,,,,,,,0.0,0.0,0,0.0,0,0,0,lost,0,0.0
470,366.812000,2.434,1,1,0.008498,identity,1,,1.0,7,1,0,481.0,86.0,481.0,86.0,481.0,86.0,161.0,-94.0,0.0,0.0,0,0.7046378968253969,18,18,0,tracking,0,0.0
471,366.843000,2.804,1,1,0.008746,identity,1,,1.0,7,1,0,474.5,100.0,476.2193603515625,96.29673767089844,476.19270891427993,96.3541407686472,156.19270891427993,-83.6458592313528,-0.1480635404586792,0.31890609860420227,0,0.7431689024365682,17,16,0,tracking,0,0.0
472,366.890000,2.282,1,1,0.012023,identity,1,,1.0,7,0,1,,,476.21240234375,96.31172943115234,476.18575090646743,96.3691325289011,156.18575090646743,-83.6308674710989,-0.1480635404586792,0.31890609860420227,1,0.699507729418449,17,16,0,tracking,0,0.0
473,366.921000,2.363,1,2,0.011879,identity,1,,1.0,7,0,1,,,476.20782470703125,96.32161712646484,476.1811732697487,96.3790202242136,156.18117326974868,-83.6209797757864,-0.1480635404586792,0.31890609860420227,2,0.6707099344490265,17,16,0,tracking,0,0.0
474,366.984000,2.444,1,2,0.011819,identity,1,,1.0,7,1,0,575.5,212.0,520.24365234375,147.64190673828125,524.3378675079346,152.49895896911622,204.33786750793456,-27.501041030883783,22.74563980102539,26.983623504638672,0,0.2333512659126944,20,5,0,tracking,0,0.0
475,367.015000,2.305,1,0,0.006141,identity,1,,1.0,7,0,1,,,520.9487915039062,148.4783935546875,525.0430066680908,153.33544578552247,205.0430066680908,-26.664554214477533,22.74563980102539,26.983623504638672,1,0.22430890435857576,20,5,0,tracking,0,0.0
476,367.046000,3.501,1,1,0.009327,identity,1,,1.0,7,0,1,,,521.6539306640625,149.31488037109375,525.7481458282471,154.17193260192872,205.74814582824706,-25.828067398071283,22.74563980102539,26.983623504638672,2,0.21526654280445712,20,5,0,tracking,0,0.0
477,367.093000,2.403,1,0,0.004271,identity,1,,1.0,7,0,1,,,522.7229614257812,150.58311462402344,526.8171765899658,155.4401668548584,206.8171765899658,-24.559833145141596,22.74563980102539,26.983623504638672,3,0.2015571559320789,20,5,0,tracking,0,0.0
478,367.125000,3.028,1,0,0.002938,identity,1,,1.0,7,0,1,,,523.4508056640625,151.44659423828125,527.5450208282471,156.30364646911622,207.54502082824706,-23.696353530883783,22.74563980102539,26.983623504638672,4,0.1922231052955763,20,5,0,tracking,0,0.0
479,367.171000,2.222,1,0,0.004193,identity,1,,1.0,7,0,1,,,524.4971313476562,152.68783569335938,528.5913465118408,157.54488792419434,208.5913465118408,-22.45511207580566,22.74563980102539,26.983623504638672,5,0.17880540750559862,20,4,0,tracking,0,0.0
480,367.203000,2.572,1,0,0.004484,identity,1,,1.0,7,0,1,,,525.2249755859375,153.5513153076172,529.3191907501221,158.40836753845215,209.31919075012206,-21.591632461547846,22.74563980102539,26.983623504638672,6,0.16947135686909603,20,4,0,tracking,0,0.0
481,367.250000,2.298,1,0,0.001406,identity,1,,1.0,7,0,1,,,526.2940063476562,154.81954956054688,530.3882215118408,159.67660179138184,210.3882215118408,-20.32339820861816,22.74563980102539,26.983623504638672,7,0.1557619699967178,20,4,0,tracking,0,0.0
482,367.296000,2.336,1,0,0.001202,identity,1,,1.0,7,0,1,,,527.34033203125,156.060791015625,531.4345471954346,160.91784324645997,211.43454719543456,-19.082156753540033,22.74563980102539,26.983623504638672,8,0.14234427220674012,0,0,0,prediction_stale,0,0.0
483,367.328000,3.734,1,0,0.000916,identity,1,,1.0,7,0,1,,,528.0681762695312,156.9242706298828,532.1623914337158,161.78132286071778,212.1623914337158,-18.21867713928222,22.74563980102539,26.983623504638672,9,0.13301022157023754,0,0,0,prediction_stale,0,0.0
484,367.375000,1.927,1,0,0.001914,identity,1,,1.0,7,0,1,,,529.13720703125,158.1925048828125,533.2314221954346,163.04955711364747,213.23142219543456,-16.950442886352533,22.74563980102539,26.983623504638672,10,0.1193008346978593,0,0,0,prediction_stale,0,0.0
485,367.421000,3.306,1,0,0.000972,identity,1,,1.0,7,0,1,,,530.1835327148438,159.43374633789062,534.2777478790283,164.2907985687256,214.2777478790283,-15.709201431274408,22.74563980102539,26.983623504638672,11,0.10588313690788163,0,0,0,prediction_stale,0,0.0
486,367.453000,2.615,1,0,0.002743,identity,1,,1.0,7,0,1,,,530.911376953125,160.29722595214844,535.0055921173096,165.1542781829834,215.00559211730956,-14.845721817016596,22.74563980102539,26.983623504638672,12,0.09654908627137904,0,0,0,prediction_stale,0,0.0
487,367.500000,3.955,1,0,0.000608,identity,1,,1.0,7,0,1,,,,,,,,,0.0,0.0,13,0.0,0,0,0,lost,0,0.0
488,367.531000,2.797,1,0,0.000634,identity,1,,1.0,,0,0,,,,,,,,,0.0,0.0,0,0.0,0,0,0,lost,0,0.0
489,367.578000,3.159,1,0,0.000304,identity,1,,1.0,,0,0,,,,,,,,,0.0,0.0,0,0.0,0,0,0,lost,0,0.0
490,367.609000,2.988,1,0,0.000464,identity,1,,1.0,,0,0,,,,,,,,,0.0,0.0,0,0.0,0,0,0,lost,0,0.0
491,367.656000,3.437,1,0,0.000269,identity,1,,1.0,,0,0,,,,,,,,,0.0,0.0,0,0.0,0,0,0,lost,0,0.0
492,367.687000,1.984,1,0,0.002839,identity,1,,1.0,,0,0,,,,,,,,,0.0,0.0,0,0.0,0,0,0,lost,0,0.0
493,367.734000,5.013,1,0,0.000000,identity,1,,1.0,,0,0,,,,,,,,,0.0,0.0,0,0.0,0,0,0,lost,0,0.0
494,367.781000,2.332,1,0,0.000000,identity,1,,1.0,,0,0,,,,,,,,,0.0,0.0,0,0.0,0,0,0,lost,0,0.0
495,367.812000,2.667,1,0,0.000000,identity,1,,1.0,,0,0,,,,,,,,,0.0,0.0,0,0.0,0,0,0,lost,0,0.0
496,367.859000,3.076,1,0,0.000000,identity,1,,1.0,,0,0,,,,,,,,,0.0,0.0,0,0.0,0,0,0,lost,0,0.0
497,367.890000,3.282,1,0,0.001367,identity,1,,1.0,,0,0,,,,,,,,,0.0,0.0,0,0.0,0,0,0,lost,0,0.0
498,367.937000,2.921,1,0,0.001497,identity,1,,1.0,,0,0,,,,,,,,,0.0,0.0,0,0.0,0,0,0,lost,0,0.0
499,367.968000,1.997,1,0,0.000000,identity,1,,1.0,,0,0,,,,,,,,,0.0,0.0,0,0.0,0,0,0,lost,0,0.0
500,368.015000,3.106,1,0,0.000000,identity,1,,1.0,,0,0,,,,,,,,,0.0,0.0,0,0.0,0,0,0,lost,0,0.0
501,368.046000,3.098,1,0,0.000000,identity,1,,1.0,,0,0,,,,,,,,,0.0,0.0,0,0.0,0,0,0,lost,0,0.0
502,368.093000,2.178,1,0,0.000000,identity,1,,1.0,,0,0,,,,,,,,,0.0,0.0,0,0.0,0,0,0,lost,0,0.0
503,368.125000,3.688,1,0,0.000720,identity,1,,1.0,,0,0,,,,,,,,,0.0,0.0,0,0.0,0,0,0,lost,0,0.0
504,368.171000,3.063,1,0,0.000000,identity,1,,1.0,,0,0,,,,,,,,,0.0,0.0,0,0.0,0,0,0,lost,0,0.0
505,368.203000,3.560,1,0,0.000195,identity,1,,1.0,,0,0,,,,,,,,,0.0,0.0,0,0.0,0,0,0,lost,0,0.0
506,368.250000,4.320,1,0,0.000000,identity,1,,1.0,,0,0,,,,,,,,,0.0,0.0,0,0.0,0,0,0,lost,0,0.0
507,368.296000,4.276,1,0,0.000243,identity,1,,1.0,,0,0,,,,,,,,,0.0,0.0,0,0.0,0,0,0,lost,0,0.0
508,368.328000,4.536,1,0,0.000660,identity,1,,1.0,,0,0,,,,,,,,,0.0,0.0,0,0.0,0,0,0,lost,0,0.0
509,368.375000,3.107,1,0,0.002036,identity,1,,1.0,,0,0,,,,,,,,,0.0,0.0,0,0.0,0,0,0,lost,0,0.0
510,368.406000,2.627,1,0,0.001528,identity,1,,1.0,,0,0,,,,,,,,,0.0,0.0,0,0.0,0,0,0,lost,0,0.0
511,368.453000,3.167,1,0,0.001480,identity,1,,1.0,,0,0,,,,,,,,,0.0,0.0,0,0.0,0,0,0,lost,0,0.0
512,368.484000,2.695,1,0,0.001523,identity,1,,1.0,,0,0,,,,,,,,,0.0,0.0,0,0.0,0,0,0,lost,0,0.0
513,368.531000,3.352,1,0,0.002747,identity,1,,1.0,,0,0,,,,,,,,,0.0,0.0,0,0.0,0,0,0,lost,0,0.0
514,368.578000,3.574,1,1,0.005022,identity,1,,1.0,8,1,0,596.0,317.0,596.0,317.0,596.0,317.0,276.0,137.0,0.0,0.0,0,0.7188538205980067,20,-20,0,tracking,0,0.0
515,368.609000,3.575,1,1,0.008750,identity,1,,1.0,8,1,0,596.0,318.0,596.0,317.7354736328125,596.0,317.7395738539845,276.0,137.7395738539845,0.0,0.022779006510972977,0,0.8817405502667952,20,-20,0,tracking,0,0.0
516,368.656000,2.707,1,1,0.005738,identity,1,,1.0,8,1,0,595.0,323.0,595.573486328125,319.9815368652344,595.5576653021574,320.06891039788724,275.5576653021574,140.06891039788724,-0.08789458870887756,0.4854085147380829,0,0.8303082657326247,20,-20,0,tracking,0,0.0
517,368.687000,3.804,1,1,0.007361,identity,1,,1.0,8,1,0,593.0,322.5,594.7919311523438,320.7550048828125,594.72013058424,320.8968919801712,274.72013058424,140.89689198017118,-0.39889204502105713,0.7882616519927979,0,0.8598821290477552,20,-20,0,tracking,0,0.0
518,368.734000,2.434,1,1,0.007934,identity,1,,1.0,8,1,0,589.0,317.0,593.3723754882812,319.8719177246094,593.1039128875732,319.8846297135949,273.1039128875732,139.8846297135949,-1.4914588928222656,0.07062216103076935,0,0.885442275405627,20,-20,0,tracking,0,0.0
519,368.781000,4.318,1,1,0.007808,identity,1,,1.0,8,1,0,588.0,317.5,592.1869506835938,319.3756103515625,591.6803673171997,319.28165275216105,271.68036731719974,139.28165275216105,-2.814352035522461,-0.5219866633415222,0,0.8815659386301126,20,-20,0,tracking,0,0.0
520,368.812000,2.613,1,1,0.006467,identity,1,,1.0,8,1,0,585.5,317.0,590.8729248046875,318.92083740234375,590.0465762901306,318.7125622200966,270.0465762901306,138.71256222009657,-4.590825080871582,-1.157084345817566,0,0.8840325189109288,20,-20,0,tracking,0,0.0
521,368.859000,3.636,1,2,0.011163,identity,1,,1.0,8,1,0,583.0,316.5,589.29296875,318.4448547363281,588.0270836830139,318.1007403230667,268.02708368301387,138.1007403230667,-7.0326948165893555,-1.9117467403411865,0,0.8712652351871311,20,-20,0,tracking,0,0.0
522,368.890000,4.371,1,3,0.011111,identity,1,,1.0,8,1,0,584.5,322.0,588.3117065429688,318.98858642578125,586.7758588981628,318.8577541816235,266.7758588981628,138.85775418162348,-8.532486915588379,-0.7268458008766174,0,0.8233577584595618,20,-20,0,tracking,0,0.0
523,368.937000,4.024,1,1,0.010226,identity,1,,1.0,8,0,1,,,587.9107055664062,318.9544372558594,586.3748579216003,318.8236050117016,266.3748579216003,138.8236050117016,-8.532486915588379,-0.7268458008766174,1,0.7749854901500364,20,-20,0,tracking,0,0.0
524,368.968000,4.673,1,2,0.010217,identity,1,,1.0,8,1,0,579.5,317.0,586.1130981445312,318.5683288574219,583.975597114563,318.2948108935356,263.975597114563,138.2948108935356,-11.875005722045898,-1.519544243812561,0,0.8873378111840442,20,-20,0,tracking,0,0.0
525,369.015000,4.205,1,1,0.006897,identity,1,,1.0,8,0,1,,,585.5549926757812,318.4969177246094,583.417491645813,318.2233997607231,263.417491645813,138.2233997607231,-11.875005722045898,-1.519544243812561,1,0.8352067147770164,20,-20,0,tracking,0,0.0
526,369.062000,4.279,1,0,0.003845,identity,1,,1.0,8,0,1,,,584.9968872070312,318.4255065917969,582.859386177063,318.1519886279106,262.859386177063,138.1519886279106,-11.875005722045898,-1.519544243812561,2,0.7830756183699256,20,-20,0,tracking,0,0.0
527,369.093000,5.156,1,1,0.009870,identity,1,,1.0,8,0,1,,,584.6287841796875,318.3783874511719,582.4912831497193,318.1048694872856,262.49128314971927,138.1048694872856,-11.875005722045898,-1.519544243812561,3,0.7486912781865372,20,-20,0,tracking,0,0.0
528,369.140000,4.945,1,2,0.015156,identity,1,,1.0,8,0,1,,,584.0706787109375,318.3069763183594,581.9331776809693,318.0334583544731,261.93317768096927,138.0334583544731,-11.875005722045898,-1.519544243812561,4,0.6965601817795095,20,-20,0,tracking,0,0.0
529,369.171000,4.761,1,2,0.018372,identity,1,,1.0,8,0,1,,,583.7025756835938,318.2598571777344,581.5650746536255,317.9863392138481,261.5650746536255,137.9863392138481,-11.875005722045898,-1.519544243812561,5,0.6621758415961212,20,-20,0,tracking,0,0.0
530,369.218000,2.647,1,3,0.025378,identity,1,,1.0,8,1,0,424.0,223.5,528.5081787109375,285.6806945800781,508.9103092956543,275.0185331726074,188.91030929565432,95.01853317260742,-108.8770523071289,-59.234230041503906,0,0.31854162934574726,20,-18,0,tracking,0,0.0
531,369.250000,4.740,1,2,0.025143,identity,1,,1.0,8,0,1,,,525.0241088867188,283.7851867675781,505.42623947143557,273.1230253601074,185.42623947143557,93.12302536010742,-108.8770523071289,-59.234230041503906,1,0.30579996417192445,20,-18,0,tracking,0,0.0
532,369.296000,3.824,1,1,0.023789,identity,1,,1.0,8,0,1,,,520.0157470703125,281.0604248046875,500.4178776550293,270.3982633972168,180.41787765502932,90.3982633972168,-108.8770523071289,-59.234230041503906,2,0.287483820484547,20,-18,0,tracking,0,0.0
533,369.328000,3.294,1,3,0.029019,identity,1,,1.0,8,0,1,,,516.5316772460938,279.1649169921875,496.93380783081057,268.5027555847168,176.93380783081057,88.5027555847168,-108.8770523071289,-59.234230041503906,3,0.2747421553107242,19,-17,0,tracking,0,0.0
534,369.375000,2.398,1,1,0.042148,identity,1,,1.0,8,0,1,,,511.4144592285156,276.38092041015625,491.81658981323244,265.71875900268554,171.81658981323244,85.71875900268554,-108.8770523071289,-59.234230041503906,4,0.2560278345866514,19,-17,0,tracking,0,0.0
535,369.406000,2.788,1,1,0.055286,identity,1,,1.0,8,0,1,,,508.0392761230469,274.5446472167969,488.4414067077637,263.88248580932617,168.4414067077637,83.88248580932617,-108.8770523071289,-59.234230041503906,5,0.24368434644950135,18,-16,0,tracking,0,0.0
536,369.453000,2.437,1,1,0.062391,identity,1,,1.0,8,0,1,,,502.92205810546875,271.7606506347656,483.32418869018557,261.0984892272949,163.32418869018557,81.09848922729492,-108.8770523071289,-59.234230041503906,6,0.2249700257254512,18,-16,0,tracking,0,0.0
537,369.500000,3.640,1,1,0.073694,identity,1,,1.0,8,0,1,,,497.8048400878906,268.9766540527344,478.20697067260744,258.31449264526367,158.20697067260744,78.31449264526367,-108.8770523071289,-59.234230041503906,7,0.2062557050013784,17,-15,0,tracking,0,0.0
538,369.531000,3.559,1,2,0.086584,identity,1,,1.0,8,1,0,525.0,236.5,508.675048828125,252.8623504638672,492.25577270507813,239.0143145751953,172.25577270507813,59.0143145751953,-91.21820068359375,-76.93353271484375,0,0.7574951931920835,19,-11,0,tracking,0,0.0
539,369.578000,3.339,1,2,0.106541,identity,1,,1.0,8,0,1,,,504.3877868652344,249.24647521972656,487.9685107421875,235.39843933105467,167.9685107421875,55.398439331054675,-91.21820068359375,-76.93353271484375,1,0.7129923505920783,18,-11,0,tracking,0,0.0
540,369.609000,3.790,1,4,0.108585,identity,1,,1.0,8,1,0,460.0,314.0,486.61566162109375,271.0035400390625,467.0979841613769,262.1608388519287,147.09798416137693,82.1608388519287,-108.4315414428711,-49.12611770629883,0,0.3887843354952232,16,-16,0,tracking,0,0.0
541,369.656000,3.419,1,2,0.094614,identity,1,,1.0,8,1,0,586.5,319.5,511.5076599121094,283.2074279785156,497.97327545166013,277.2603424835205,177.97327545166013,97.2603424835205,-75.19102478027344,-33.039363861083984,0,0.2308189583447533,19,-19,0,tracking,0,0.0
542,369.687000,2.962,1,4,0.083138,identity,1,,1.0,8,1,0,589.5,331.0,527.9848022460938,293.6138610839844,518.1207131195068,289.8974128723145,198.12071311950683,109.89741287231448,-54.80049514770508,-20.646934509277344,0,0.28559757253678686,20,-20,0,tracking,0,0.0
543,369.734000,2.946,1,5,0.065430,identity,1,,1.0,8,1,0,591.5,328.5,539.0006713867188,300.0173034667969,531.7108588409424,297.69748878479004,211.71085884094236,117.69748878479004,-40.498958587646484,-12.887859344482422,0,0.43481118263568286,20,-20,0,tracking,0,0.0
544,369.765000,2.952,1,5,0.055200,identity,1,,1.0,8,1,0,593.5,331.0,547.7763671875,305.2639465332031,542.3533182144165,303.9948607540131,222.3533182144165,123.99486075401308,-30.128049850463867,-7.050476551055908,0,0.49224339129394123,20,-20,0,tracking,0,0.0
545,369.812000,2.603,1,3,0.035616,identity,1,,1.0,8,0,1,,,546.3603515625,304.9325866699219,540.9373025894165,303.6635008907318,220.9373025894165,123.66350089073183,-30.128049850463867,-7.050476551055908,1,0.46332409205540653,20,-20,0,tracking,0,0.0
546,369.843000,6.343,1,3,0.030174,identity,1,,1.0,8,0,1,,,545.4263916015625,304.7140197753906,540.003342628479,303.4449339962006,220.003342628479,123.44493399620058,-30.128049850463867,-7.050476551055908,2,0.44424966064276267,20,-20,0,tracking,0,0.0
547,369.890000,4.247,1,3,0.033511,identity,1,,1.0,8,0,1,,,544.0103759765625,304.3826599121094,538.587327003479,303.1135741329193,218.587327003479,123.11357413291933,-30.128049850463867,-7.050476551055908,3,0.41533036140426294,20,-20,0,tracking,0,0.0
548,369.921000,3.634,1,3,0.033572,identity,1,,1.0,8,0,1,,,543.076416015625,304.1640930175781,537.6533670425415,302.8950072383881,217.6533670425415,122.89500723838808,-30.128049850463867,-7.050476551055908,4,0.39625592999161907,20,-20,0,tracking,0,0.0
549,369.968000,3.270,1,3,0.033229,identity,1,,1.0,8,0,1,,,541.660400390625,303.8327331542969,536.2373514175415,302.5636473751068,216.2373514175415,122.56364737510683,-30.128049850463867,-7.050476551055908,5,0.3673366307530843,20,-20,0,tracking,0,0.0
550,370.015000,6.209,1,3,0.031042,identity,1,,1.0,8,1,0,398.0,197.5,508.150390625,279.584716796875,497.5743592834473,274.47559768676757,177.57435928344728,94.47559768676757,-58.75572967529297,-28.383995056152344,0,0.26697481633340914,19,-18,0,tracking,0,0.0
551,370.046000,3.324,1,2,0.022348,identity,1,,1.0,8,0,1,,,506.3289489746094,278.7048034667969,495.75291763305665,273.59568435668945,175.75291763305665,93.59568435668945,-58.75572967529297,-28.383995056152344,1,0.25662954220048756,19,-18,0,tracking,0,0.0
552,370.093000,2.396,1,2,0.019036,identity,1,,1.0,8,1,0,590.5,329.0,521.42431640625,287.9759521484375,513.5882169342041,284.4940785217285,193.58821693420407,104.49407852172851,-43.53388595581055,-19.34374237060547,0,0.3575369143151873,20,-20,0,tracking,0,0.0
553,370.156000,3.274,1,2,0.018672,identity,1,,1.0,8,1,0,589.0,327.5,531.7512817382812,294.3298645019531,525.8541297912598,291.9714248085022,205.85412979125977,111.9714248085022,-32.76195526123047,-13.102442741394043,0,0.4292200502887318,20,-20,0,tracking,0,0.0
554,370.187000,2.789,1,2,0.015352,identity,1,,1.0,8,1,0,587.0,330.0,539.9378662109375,299.8240661621094,535.3854339599609,298.3278518676758,215.3854339599609,118.3278518676758,-25.291290283203125,-8.312301635742188,0,0.4978624416287979,20,-20,0,tracking,0,0.0
555,370.203000,2.385,1,2,0.014653,identity,1,,1.0,8,1,0,585.0,331.0,546.0676879882812,304.1907958984375,542.4634750747681,303.34753573417663,222.4634750747681,123.34753573417663,-20.023405075073242,-4.684778690338135,0,0.5696434554210592,20,-20,0,tracking,0,0.0
556,370.250000,2.424,1,2,0.014983,identity,1,,1.0,8,1,0,584.0,329.0,550.3411865234375,307.3281555175781,547.4796004676818,306.96304983615875,227.47960046768185,126.96304983615875,-15.897700309753418,-2.028364896774292,0,0.6450719406568353,20,-20,0,tracking,0,0.0
557,370.281000,2.184,1,1,0.013715,identity,1,,1.0,8,0,1,,,549.8483276367188,307.2652893066406,546.9867415809631,306.90018362522125,226.9867415809631,126.90018362522125,-15.897700309753418,-2.028364896774292,1,0.6200754029563781,20,-20,0,tracking,0,0.0
558,370.328000,2.474,1,1,0.017504,identity,1,,1.0,8,0,1,,,549.1011352539062,307.1699523925781,546.2395491981506,306.80484671115875,226.2395491981506,126.80484671115875,-15.897700309753418,-2.028364896774292,2,0.5821774264428143,20,-20,0,tracking,0,0.0
559,370.359000,4.238,1,1,0.017452,identity,1,,1.0,8,0,1,,,548.6082763671875,307.1070861816406,545.7466903114318,306.74198050022125,225.74669031143185,126.74198050022125,-15.897700309753418,-2.028364896774292,3,0.5571808887423573,20,-20,0,tracking,0,0.0
560,370.406000,3.103,1,0,0.010243,identity,1,,1.0,8,0,1,,,547.861083984375,307.0117492675781,544.9994979286193,306.64664358615875,224.99949792861935,126.64664358615875,-15.897700309753418,-2.028364896774292,4,0.5192829122287477,20,-20,0,tracking,0,0.0
561,370.453000,2.833,1,0,0.002865,identity,1,,1.0,8,0,1,,,547.1138916015625,306.9164123535156,544.2523055458068,306.55130667209625,224.25230554580685,126.55130667209625,-15.897700309753418,-2.028364896774292,5,0.48138493571518387,20,-20,0,tracking,0,0.0
562,370.484000,2.366,1,0,0.005946,identity,1,,1.0,8,0,1,,,546.6210327148438,306.8535461425781,543.7594466590881,306.48844046115875,223.7594466590881,126.48844046115875,-15.897700309753418,-2.028364896774292,6,0.4563883980147267,20,-20,0,tracking,0,0.0
563,370.531000,3.246,1,1,0.014080,identity,1,,1.0,8,0,1,,,545.8738403320312,306.7582092285156,543.0122542762756,306.39310354709625,223.0122542762756,126.39310354709625,-15.897700309753418,-2.028364896774292,7,0.4184904215011171,20,-20,0,tracking,0,0.0
564,370.562000,2.632,1,0,0.000838,identity,1,,1.0,8,0,1,,,545.3809814453125,306.6953430175781,542.5193953895568,306.33023733615875,222.51939538955685,126.33023733615875,-15.897700309753418,-2.028364896774292,8,0.39349388380065997,0,0,0,prediction_stale,0,0.0
565,370.609000,2.208,1,0,0.006567,identity,1,,1.0,8,0,1,,,544.6337890625,306.6000061035156,541.7722030067443,306.23490042209625,221.77220300674435,126.23490042209625,-15.897700309753418,-2.028364896774292,9,0.3555959072870962,0,0,0,prediction_stale,0,0.0
566,370.656000,2.161,1,0,0.008841,identity,1,,1.0,8,0,1,,,543.8865966796875,306.5046691894531,541.0250106239318,306.13956350803375,221.02501062393185,126.13956350803375,-15.897700309753418,-2.028364896774292,10,0.3176979307734866,0,0,0,prediction_stale,0,0.0
567,370.703000,2.421,1,1,0.003602,identity,1,,1.0,8,0,1,,,543.139404296875,306.4093322753906,540.2778182411193,306.04422659397125,220.27781824111935,126.04422659397125,-15.897700309753418,-2.028364896774292,11,0.2797999542599228,0,0,0,prediction_stale,0,0.0
568,370.734000,2.345,1,0,0.008984,identity,1,,1.0,8,0,1,,,542.6465454101562,306.3464660644531,539.7849593544006,305.98136038303375,219.7849593544006,125.98136038303375,-15.897700309753418,-2.028364896774292,12,0.2548034165594657,0,0,0,prediction_stale,0,0.0
569,370.765000,3.551,1,0,0.000000,identity,1,,1.0,8,0,1,,,,,,,,,0.0,0.0,13,0.0,0,0,0,lost,0,0.0
570,370.812000,4.758,1,1,0.003793,identity,1,,1.0,9,1,0,88.5,46.5,88.5,46.5,88.5,46.5,-231.5,-133.5,0.0,0.0,0,0.7499412110523221,-20,20,0,tracking,0,0.0
571,370.843000,3.867,1,0,0.000864,identity,1,,1.0,9,0,1,,,88.5,46.5,88.5,46.5,-231.5,-133.5,0.0,0.0,1,0.7208809891240391,-20,20,0,tracking,0,0.0
572,370.890000,2.363,1,0,0.000842,identity,1,,1.0,9,0,1,,,88.5,46.5,88.5,46.5,-231.5,-133.5,0.0,0.0,2,0.6768219429747446,-20,20,0,tracking,0,0.0
573,370.937000,6.250,1,0,0.000547,identity,1,,1.0,9,0,1,,,88.5,46.5,88.5,46.5,-231.5,-133.5,0.0,0.0,3,0.6327628968253968,-20,20,0,tracking,0,0.0
574,370.968000,2.440,1,0,0.000321,identity,1,,1.0,9,0,1,,,88.5,46.5,88.5,46.5,-231.5,-133.5,0.0,0.0,4,0.6037026748971138,-20,20,0,tracking,0,0.0
575,371.015000,2.320,1,0,0.000000,identity,1,,1.0,9,0,1,,,88.5,46.5,88.5,46.5,-231.5,-133.5,0.0,0.0,5,0.5596436287478193,-20,20,0,tracking,0,0.0
576,371.046000,2.671,1,0,0.000000,identity,1,,1.0,9,0,1,,,88.5,46.5,88.5,46.5,-231.5,-133.5,0.0,0.0,6,0.5305834068195362,-20,20,0,tracking,0,0.0
577,371.093000,4.441,1,0,0.000000,identity,1,,1.0,9,0,1,,,88.5,46.5,88.5,46.5,-231.5,-133.5,0.0,0.0,7,0.48652436067018845,-20,20,0,tracking,0,0.0
578,371.125000,4.157,1,0,0.000365,identity,1,,1.0,9,0,1,,,88.5,46.5,88.5,46.5,-231.5,-133.5,0.0,0.0,8,0.4565267122281122,0,0,0,prediction_stale,0,0.0
579,371.171000,4.764,1,0,0.001020,identity,1,,1.0,9,0,1,,,88.5,46.5,88.5,46.5,-231.5,-133.5,0.0,0.0,9,0.41340509259261093,0,0,0,prediction_stale,0,0.0
580,371.218000,6.102,1,0,0.001215,identity,1,,1.0,9,0,1,,,88.5,46.5,88.5,46.5,-231.5,-133.5,0.0,0.0,10,0.36934604644326313,0,0,0,prediction_stale,0,0.0
581,371.250000,4.408,1,0,0.000868,identity,1,,1.0,9,0,1,,,88.5,46.5,88.5,46.5,-231.5,-133.5,0.0,0.0,11,0.3393483980011869,0,0,0,prediction_stale,0,0.0
582,371.296000,3.314,1,0,0.000000,identity,1,,1.0,9,0,1,,,88.5,46.5,88.5,46.5,-231.5,-133.5,0.0,0.0,12,0.29622677836568556,0,0,0,prediction_stale,0,0.0
583,371.328000,3.836,1,0,0.000738,identity,1,,1.0,9,0,1,,,,,,,,,0.0,0.0,13,0.0,0,0,0,lost,0,0.0
584,371.375000,4.731,1,0,0.001042,identity,1,,1.0,,0,0,,,,,,,,,0.0,0.0,0,0.0,0,0,0,lost,0,0.0
585,371.421000,3.894,1,0,0.000868,identity,1,,1.0,,0,0,,,,,,,,,0.0,0.0,0,0.0,0,0,0,lost,0,0.0
586,371.453000,2.645,1,0,0.000773,identity,1,,1.0,,0,0,,,,,,,,,0.0,0.0,0,0.0,0,0,0,lost,0,0.0
587,371.500000,2.882,1,0,0.000000,identity,1,,1.0,,0,0,,,,,,,,,0.0,0.0,0,0.0,0,0,0,lost,0,0.0
588,371.531000,2.336,1,0,0.000000,identity,1,,1.0,,0,0,,,,,,,,,0.0,0.0,0,0.0,0,0,0,lost,0,0.0
589,371.578000,2.612,1,0,0.000000,identity,1,,1.0,,0,0,,,,,,,,,0.0,0.0,0,0.0,0,0,0,lost,0,0.0
590,371.609000,2.684,1,0,0.000920,identity,1,,1.0,,0,0,,,,,,,,,0.0,0.0,0,0.0,0,0,0,lost,0,0.0
591,371.656000,3.706,1,0,0.000000,identity,1,,1.0,,0,0,,,,,,,,,0.0,0.0,0,0.0,0,0,0,lost,0,0.0
592,371.687000,2.810,1,0,0.000000,identity,1,,1.0,,0,0,,,,,,,,,0.0,0.0,0,0.0,0,0,0,lost,0,0.0
593,371.734000,3.210,1,0,0.000195,identity,1,,1.0,,0,0,,,,,,,,,0.0,0.0,0,0.0,0,0,0,lost,0,0.0
594,371.781000,2.713,1,0,0.001198,identity,1,,1.0,,0,0,,,,,,,,,0.0,0.0,0,0.0,0,0,0,lost,0,0.0
595,371.812000,3.096,1,1,0.004158,identity,1,,1.0,10,1,0,204.0,239.0,204.0,239.0,204.0,239.0,-116.0,59.0,0.0,0.0,0,0.7737599206349207,-13,-11,0,tracking,0,0.0
596,371.859000,3.879,1,1,0.005907,identity,1,,1.0,10,1,0,206.5,233.0,205.8393096923828,234.58566284179688,205.85483748450875,234.54839613854884,-114.14516251549125,54.54839613854884,0.08626551181077957,-0.20703724026679993,0,0.7687081839597809,-12,-11,0,tracking,0,0.0
597,371.890000,2.680,1,1,0.009240,identity,1,,1.0,10,1,0,209.5,246.0,207.39833068847656,239.43833923339844,207.45944317936898,239.54339321732522,-112.54055682063102,59.54339321732522,0.3395138382911682,0.5836332440376282,0,0.8709078511262449,-12,-12,0,tracking,0,0.0
598,371.937000,3.853,1,1,0.010608,identity,1,,1.0,10,1,0,213.5,249.0,209.26817321777344,242.3701629638672,209.48104729413987,242.7129754972458,-110.51895270586013,62.71297549724579,1.1826337575912476,1.9045140743255615,0,0.8243017178602157,-12,-12,0,tracking,0,0.0
599,371.968000,5.089,1,1,0.010590,identity,1,,1.0,10,1,0,217.5,252.0,211.27195739746094,244.7265167236328,211.73532213687898,245.36186732292174,-108.26467786312102,65.36186732292174,2.5742485523223877,3.5297255516052246,0,0.7778479626812174,-12,-13,0,tracking,0,0.0
600,372.015000,3.840,1,1,0.011628,identity,1,,1.0,10,1,0,229.5,244.0,215.1516876220703,244.7071533203125,216.38151418685914,245.30472867488862,-103.61848581314086,65.30472867488862,6.832369804382324,3.3198630809783936,0,0.6106284722321282,-11,-13,0,tracking,0,0.0
601,372.046000,4.793,1,1,0.015378,identity,1,,1.0,10,1,0,233.5,247.5,218.69097900390625,245.3035888671875,220.76514471054077,246.02639286994935,-99.23485528945923,66.02639286994935,11.52314281463623,4.015577793121338,0,0.6480788167003861,-11,-13,0,tracking,0,0.0
602,372.093000,4.733,1,1,0.016215,identity,1,,1.0,10,1,0,242.5,244.5,223.32481384277344,245.3177947998047,226.70539318084718,245.9848820257187,-93.29460681915282,65.98488202571869,18.780996322631836,3.706040143966675,0,0.5819628214011356,-10,-13,0,tracking,0,0.0
603,372.140000,3.336,1,2,0.018416,identity,1,,1.0,10,1,0,240.0,261.0,226.95455932617188,248.1895294189453,231.3361064529419,249.83955488204955,-88.66389354705811,69.83955488204955,24.341928482055664,9.166808128356934,0,0.7434837591625454,-10,-14,0,tracking,0,0.0
604,372.171000,2.599,1,2,0.020751,identity,1,,1.0,10,1,0,247.0,266.5,230.89707946777344,251.45265197753906,236.50441791534425,254.2481164741516,-83.49558208465575,74.2481164741516,31.151880264282227,15.53035831451416,0,0.7155257589900672,-9,-14,0,tracking,0,0.0
605,372.218000,5.020,1,2,0.022834,identity,1,,1.0,10,1,0,255.0,270.0,236.1837921142578,255.19105529785156,243.32649703979493,259.19490104675293,-76.67350296020507,79.19490104675293,39.68169403076172,22.243587493896484,0,0.6898082665824068,-8,-15,0,tracking,0,0.0
606,372.250000,4.614,1,3,0.027773,identity,1,,1.0,10,1,0,259.5,275.0,241.05076599121094,259.018798828125,249.6533918762207,264.28726570129396,-70.3466081237793,84.28726570129396,47.79236602783203,29.26926040649414,0,0.664074001892055,-8,-16,0,tracking,0,0.0
607,372.296000,4.526,1,2,0.034240,identity,1,,1.0,10,1,0,269.5,277.5,247.6393280029297,263.2307434082031,258.0158352661133,269.65708618164064,-61.9841647338867,89.65708618164064,57.64726257324219,35.701904296875,0,0.6424610806280273,-7,-17,0,tracking,0,0.0
608,372.328000,5.234,1,1,0.043481,identity,1,,1.0,10,1,0,290.5,235.0,256.1176452636719,259.6225891113281,269.14104736328125,264.15338275909426,-50.858952636718755,84.15338275909426,72.35223388671875,25.17107582092285,0,0.43965190419227107,-6,-16,0,tracking,0,0.0
609,372.375000,4.407,1,4,0.047378,identity,1,,1.0,10,1,0,268.0,258.5,260.9241943359375,260.4234313964844,274.49285888671875,264.8060047149658,-45.50714111328125,84.80600471496581,75.3814697265625,24.34762954711914,0,0.7724990937903802,-5,-16,0,tracking,0,0.0
610,372.421000,4.911,1,2,0.056003,identity,1,,1.0,10,1,0,318.0,237.5,273.3797607421875,257.5122985839844,290.3076489257812,260.38825218200685,-29.692351074218777,80.38825218200685,94.0438232421875,15.977519989013672,0,0.3977294056746661,-3,-16,0,tracking,0,0.0
611,372.453000,3.267,1,2,0.063602,identity,1,,1.0,10,1,0,332.0,236.5,285.31341552734375,254.56954956054688,305.4849607849121,256.19007982254027,-14.515039215087882,76.19007982254027,112.06414031982422,9.002945899963379,0,0.4370305242616722,0,-15,0,tracking,0,0.0
612,372.500000,3.083,1,2,0.065356,identity,1,,1.0,10,1,0,349.5,238.0,300.1236572265625,252.24038696289062,323.61735961914064,252.90279070854186,3.617359619140643,72.90279070854186,130.52056884765625,3.680020809173584,0,0.4701147056056296,0,-14,0,tracking,0,0.0
613,372.531000,4.531,1,4,0.063429,identity,1,,1.0,10,1,0,353.0,289.5,311.6988525390625,258.0818786621094,337.73834533691405,260.68088563919065,17.73834533691405,80.68088563919065,144.66384887695312,14.43892765045166,0,0.5216110354517653,0,-16,0,tracking,0,0.0
614,372.578000,5.531,1,3,0.074983,identity,1,,1.0,10,1,0,391.5,289.5,329.80523681640625,263.5216979980469,359.50120208740236,267.66036418914797,39.50120208740236,87.66036418914797,164.9775848388672,22.992589950561523,0,0.5012158989628295,4,-17,0,tracking,0,0.0
615,372.609000,5.442,1,3,0.074740,identity,1,,1.0,10,1,0,393.0,288.5,343.47979736328125,267.81085205078125,375.8638232421875,273.0725674819946,55.86382324218749,93.07256748199461,179.9112548828125,29.231752395629883,0,0.5260383595225101,6,-18,0,tracking,0,0.0
616,372.656000,2.661,1,4,0.068437,identity,1,,1.0,10,1,0,405.5,286.5,359.83734130859375,271.73907470703125,394.59531768798826,277.76819442749024,74.59531768798826,97.76819442749024,193.09986877441406,33.49510955810547,0,0.523566077544914,8,-19,0,tracking,0,0.0
617,372.687000,4.496,1,2,0.071267,identity,1,,1.0,10,1,0,398.0,183.0,370.3417663574219,260.1705627441406,406.4187420654297,262.51947454452517,86.41874206542968,82.51947454452517,200.42764282226562,13.04951000213623,0,0.26148766867323436,9,-16,0,tracking,0,0.0
618,372.734000,4.986,1,2,0.067609,identity,1,,1.0,10,1,0,474.5,218.5,393.0421142578125,254.85658264160156,432.83311157226564,255.54783867359163,112.83311157226564,75.54783867359163,221.06109619140625,3.840311288833618,0,0.1576956244011326,12,-15,0,tracking,0,0.0
619,372.781000,3.423,1,1,0.065286,identity,1,,1.0,10,1,0,484.0,213.0,414.6483459472656,249.18482971191406,457.44523834228517,248.3077339744568,137.44523834228517,68.3077339744568,237.76051330566406,-4.872754096984863,0,0.26262430686784255,15,-13,0,tracking,0,0.0
620,372.812000,4.366,1,1,0.057990,identity,1,,1.0,10,1,0,508.0,208.5,433.3953552246094,243.6706085205078,479.15875122070315,241.39502462387085,159.15875122070315,61.39502462387085,254.2410888671875,-12.642132759094238,0,0.29833659683309455,17,-12,0,tracking,0,0.0
621,372.859000,4.601,1,2,0.052491,identity,1,,1.0,10,1,0,517.5,200.5,454.8221740722656,237.4840850830078,502.95904541015625,233.80799411773683,182.95904541015625,53.807994117736826,267.42706298828125,-20.422727584838867,0,0.37709654095852996,20,-10,0,tracking,0,0.0
622,372.890000,3.813,1,1,0.046319,identity,1,,1.0,10,1,0,525.5,200.0,470.9188537597656,232.23989868164062,520.9607049560547,227.43857803344727,200.96070495605466,47.43857803344727,278.0102844238281,-26.67400360107422,0,0.4383705056929168,20,-9,0,tracking,0,0.0
623,372.937000,2.201,1,2,0.042027,identity,1,,1.0,10,1,0,552.0,197.0,492.431884765625,226.76556396484375,544.4575811767578,220.97293663024902,224.4575811767578,40.97293663024902,289.0316467285156,-32.1812629699707,0,0.47511187738861516,20,-8,0,tracking,0,0.0
624,372.968000,5.186,1,2,0.037031,identity,1,,1.0,10,1,0,563.0,193.5,508.6967468261719,221.9419403076172,562.3965728759765,215.2724680328369,242.39657287597652,35.27246803283691,298.3323669433594,-37.0526237487793,0,0.5156159664105842,20,-7,0,tracking,0,0.0
625,373.015000,5.781,1,1,0.034874,identity,1,,1.0,10,1,0,540.0,190.5,524.7518920898438,216.7056427001953,578.9011907958984,209.2636962890625,258.9011907958984,29.263696289062494,300.8294372558594,-41.344146728515625,0,0.6486334849768749,20,-6,0,tracking,0,0.0
626,373.046000,4.170,1,2,0.030881,identity,1,,1.0,10,1,0,558.5,216.0,536.8271484375,215.48883056640625,591.5702471923828,208.0608896636963,271.5702471923828,28.060889663696287,304.1283264160156,-41.26633834838867,0,0.6640643365700263,20,-5,0,tracking,0,0.0
627,373.093000,4.539,1,2,0.026202,identity,1,,1.0,10,1,0,562.0,212.0,552.336669921875,213.37620544433594,607.3334320068359,205.91213943481446,287.3334320068359,25.912139434814463,305.5375671386719,-41.46703338623047,0,0.7338747480762571,20,-5,0,tracking,0,0.0
628,373.140000,2.954,1,3,0.022895,identity,1,,1.0,10,1,0,566.0,204.0,566.619873046875,210.60568237304688,621.601078491211,202.9758278656006,301.60107849121096,22.975827865600593,305.4511413574219,-42.38808059692383,0,0.7356526850196923,20,-4,0,tracking,0,0.0
629,373.171000,2.679,1,3,0.021124,identity,1,,1.0,10,1,0,567.0,198.0,575.1260375976562,208.09544372558594,629.9170751953125,200.2293350982666,309.91707519531246,20.229335098266603,304.3946533203125,-43.70060348510742,0,0.7010595811874001,20,-4,0,tracking,0,0.0
630,373.218000,3.897,1,2,0.017391,identity,1,,1.0,10,1,0,572.0,191.0,587.6029663085938,204.46287536621094,642.0439300537109,196.29470863342286,322.04393005371094,16.294708633422857,302.4497985839844,-45.37870407104492,0,0.6373078162895887,20,0,0,tracking,0,0.0
631,373.250000,2.775,1,2,0.015056,identity,1,,1.0,10,1,0,574.0,185.5,594.9315795898438,201.24337768554688,648.9322607421875,192.74405899047852,328.9322607421875,12.744058990478521,300.0037841796875,-47.21843719482422,0,0.5973627079854926,20,0,0,tracking,0,0.0
632,373.296000,4.553,1,2,0.013772,identity,1,,1.0,10,1,0,575.0,179.0,605.36376953125,197.06729125976562,658.7516333007812,188.20333015441895,338.75163330078124,8.20333015441895,296.5992431640625,-49.24422836303711,0,0.5491714264130569,20,0,0,tracking,0,0.0
633,373.328000,3.674,1,2,0.012535,identity,1,,1.0,10,1,0,577.0,171.5,611.212890625,193.18324279785156,663.9510998535156,183.90754570007323,343.95109985351564,3.9075457000732285,292.99005126953125,-51.53165054321289,0,0.5157132069432935,20,0,0,tracking,0,0.0
634,373.375000,2.482,1,2,0.010490,identity,1,,1.0,10,1,0,578.0,165.5,620.5009765625,188.3512420654297,672.4619964599609,178.65767791748047,352.4619964599609,-1.3423220825195301,288.6723327636719,-53.85313415527344,0,0.4768222974895371,20,0,0,tracking,0,0.0
635,373.421000,3.547,1,2,0.009718,identity,1,,1.0,10,1,0,576.0,159.5,628.3311157226562,183.38687133789062,679.372689819336,173.2736212158203,359.37268981933596,-6.726378784179701,283.5643005371094,-56.184722900390625,0,0.4387895008419811,20,0,0,tracking,0,0.0
636,373.453000,3.685,1,1,0.009531,identity,1,,1.0,10,1,0,569.5,154.5,631.2275390625,179.12457275390625,681.2456378173828,168.60303497314453,361.24563781738277,-11.396965026855469,277.8783264160156,-58.45298767089844,0,0.41650089067942486,20,0,0,tracking,0,0.0
637,373.500000,3.184,1,2,0.009227,identity,1,,1.0,10,1,0,568.0,148.5,637.4103393554688,173.8640899658203,686.318505859375,162.93695892333983,366.318505859375,-17.06304107666017,271.7120361328125,-60.70628356933594,0,0.38366671779934236,20,0,0,tracking,0,0.0
638,373.531000,3.319,1,1,0.008342,identity,1,,1.0,10,1,0,567.5,143.5,639.0203247070312,169.5049285888672,686.8472937011719,158.1846717071533,366.8472937011719,-21.815328292846687,265.70538330078125,-62.890316009521484,0,0.37846002423136915,20,4,0,tracking,0,0.0
639,373.562000,3.785,1,2,0.010499,identity,1,,1.0,10,1,0,562.0,140.0,640.0870971679688,165.23793029785156,686.7946087646484,153.55586135864257,366.7946087646484,-26.444138641357426,259.4861755371094,-64.90038299560547,0,0.38540677005664503,20,5,0,tracking,0,0.0
640,373.609000,5.268,1,1,0.013798,identity,1,,1.0,10,1,0,561.5,136.5,644.6989135742188,160.04165649414062,690.2505041503906,148.03251220703126,370.2505041503906,-31.96748779296874,253.06439208984375,-66.71746826171875,0,0.36229026373414075,20,6,0,tracking,0,0.0
641,373.640000,3.434,1,1,0.010122,identity,1,,1.0,10,1,0,562.0,133.0,645.2199096679688,155.95333862304688,689.6723428344726,143.64102935791016,369.6723428344726,-36.358970642089844,246.9579620361328,-68.40171813964844,0,0.35115316275865294,20,7,0,tracking,0,0.0
642,373.687000,3.618,1,1,0.008030,identity,1,,1.0,10,1,0,569.0,125.5,649.767333984375,150.5490264892578,693.1842288208007,137.915558013916,373.18422882080074,-42.08444198608399,241.20497131347656,-70.1859359741211,0,0.3491858024192477,20,8,0,tracking,0,0.0
643,373.734000,4.636,1,1,0.008893,identity,1,,1.0,10,1,0,568.5,123.0,653.7152099609375,145.31539916992188,696.0722317504883,132.40438034057618,376.0722317504883,-47.59561965942382,235.31678771972656,-71.7278823852539,0,0.35285740504767027,20,9,0,tracking,0,0.0
644,373.765000,2.956,1,1,0.011424,identity,1,,1.0,10,1,0,569.5,119.0,653.9343872070312,141.22903442382812,695.2908923339844,128.05461013793945,375.2908923339844,-51.94538986206055,229.75836181640625,-73.19124603271484,0,0.3671186759236048,20,10,0,tracking,0,0.0
645,373.812000,3.918,1,1,0.013103,identity,1,,1.0,10,1,0,566.0,118.0,657.15087890625,136.2693634033203,697.4576843261718,122.88454818725586,377.45768432617183,-57.11545181274414,223.92669677734375,-74.3600845336914,0,0.28659111154757577,20,11,0,tracking,0,0.0
646,373.859000,2.795,1,2,0.018056,identity,1,,1.0,10,1,0,560.5,118.0,659.5081176757812,131.6485595703125,698.707314453125,118.11105773925782,378.70731445312504,-61.88894226074218,217.7733154296875,-75.20834350585938,0,0.20549844554137053,20,12,0,tracking,0,0.0
647,373.890000,2.730,1,2,0.023685,identity,1,,1.0,10,1,0,560.0,112.5,658.404052734375,128.0739288330078,696.5519869995118,114.3700486755371,376.55198699951177,-65.6299513244629,211.93296813964844,-76.1326675415039,0,0.21400942228801278,20,13,0,tracking,0,0.0
648,373.937000,2.866,1,2,0.028030,identity,1,,1.0,10,1,0,560.0,105.5,660.4102783203125,123.1012954711914,697.5141790771485,109.21440231323243,377.51417907714847,-70.78559768676757,206.13278198242188,-77.14940643310547,0,0.20450619506002488,20,14,0,tracking,0,0.0
649,373.968000,3.612,1,2,0.028945,identity,1,,1.0,10,1,0,560.5,97.0,659.220703125,119.01905822753906,695.3421377563477,104.91303176879883,375.3421377563477,-75.08696823120117,200.6746368408203,-78.36681365966797,0,0.21952758651926862,20,15,0,tracking,0,0.0
650,374.015000,3.640,1,2,0.028121,identity,1,,1.0,10,1,0,560.5,89.0,660.9899291992188,113.46995544433594,696.1362942504883,99.12649383544922,376.1362942504883,-80.87350616455078,195.25758361816406,-79.68589782714844,0,0.2073181522871227,20,16,0,tracking,0,0.0
651,374.046000,2.486,1,3,0.028260,identity,1,,1.0,10,1,0,560.5,82.0,659.7015380859375,109.00147247314453,693.9246560668945,94.4067137145996,373.9246560668945,-85.5932862854004,190.12843322753906,-81.08199310302734,0,0.21835457346036757,20,17,0,tracking,0,0.0
652,374.093000,4.932,1,2,0.027743,identity,1,,1.0,10,0,1,,,668.6375732421875,105.19062042236328,702.8606912231445,90.59586166381835,382.8606912231445,-89.40413833618165,190.12843322753906,-81.08199310302734,1,0.20552624226956404,20,17,0,tracking,0,0.0
653,374.140000,5.545,1,1,0.022960,identity,1,,1.0,10,0,1,,,677.5736083984375,101.37976837158203,711.7967263793945,86.7850096130371,391.7967263793945,-93.2149903869629,190.12843322753906,-81.08199310302734,2,0.19269791107877599,20,18,0,tracking,0,0.0
654,374.171000,3.403,1,2,0.021011,identity,1,,1.0,10,0,1,,,683.4675903320312,98.86622619628906,717.6907083129882,84.27146743774414,397.69070831298825,-95.72853256225586,190.12843322753906,-81.08199310302734,3,0.18423667135718513,20,19,0,tracking,0,0.0
655,374.218000,4.695,1,3,0.017626,identity,1,,1.0,10,0,1,,,692.4036254882812,95.05537414550781,726.6267434692382,80.46061538696289,406.62674346923825,-99.53938461303711,190.12843322753906,-81.08199310302734,4,0.1714083401663816,20,19,0,tracking,0,0.0
656,374.250000,4.994,1,4,0.024718,identity,1,,1.0,10,1,0,520.0,77.0,683.6524658203125,91.17570495605469,716.1514169311523,76.43159805297852,396.1514169311523,-103.56840194702148,180.5497283935547,-81.91170501708984,0,0.16800896686627653,20,20,0,tracking,0,0.0
657,374.281000,3.717,1,3,0.027908,identity,1,,1.0,10,0,1,,,689.24951171875,88.63644409179688,721.7484628295898,73.8923371887207,401.7484628295898,-106.1076628112793,180.5497283935547,-81.91170501708984,1,0.16149861940020707,20,20,0,tracking,0,0.0
658,374.328000,2.622,1,5,0.029266,identity,1,,1.0,10,0,1,,,697.7353515625,84.78659057617188,730.2343026733398,70.0424836730957,410.2343026733398,-109.9575163269043,180.5497283935547,-81.91170501708984,2,0.15162809259681992,20,20,0,tracking,0,0.0
659,374.375000,2.460,1,4,0.029714,identity,1,,1.0,10,0,1,,,706.22119140625,80.93673706054688,738.7201425170898,66.1926301574707,418.7201425170898,-113.8073698425293,180.5497283935547,-81.91170501708984,3,0.14175756579342083,20,20,0,tracking,0,0.0
660,374.406000,2.310,1,4,0.022452,identity,1,,1.0,10,0,1,,,711.8182373046875,78.39747619628906,744.3171884155273,63.65336929321289,424.3171884155273,-116.34663070678711,180.5497283935547,-81.91170501708984,4,0.13524721832735137,20,20,0,tracking,0,0.0
661,374.453000,2.939,1,4,0.019592,identity,1,,1.0,10,0,1,,,720.3040771484375,74.54762268066406,752.8030282592773,59.80351577758789,432.8030282592773,-120.19648422241211,180.5497283935547,-81.91170501708984,5,0.12537669152396422,20,20,0,tracking,0,0.0
662,374.484000,4.664,1,3,0.018581,identity,1,,1.0,10,0,1,,,725.901123046875,72.00836181640625,758.4000741577148,57.26425491333008,438.4000741577148,-122.73574508666992,180.5497283935547,-81.91170501708984,6,0.11886634405789476,20,20,0,tracking,0,0.0
663,374.531000,2.496,1,4,0.021662,identity,1,,1.0,10,1,0,514.0,56.5,711.266357421875,66.9354248046875,741.3583468627929,52.06398910522461,421.3583468627929,-127.9360108947754,167.17771911621094,-82.61908721923828,0,0.17316211750851862,20,20,0,tracking,0,0.0
664,374.562000,3.005,1,2,0.027431,identity,1,,1.0,10,0,1,,,716.4488525390625,64.37423706054688,746.5408419799804,49.50280136108398,426.5408419799804,-130.49719863891602,167.17771911621094,-82.61908721923828,1,0.16645208545506224,20,20,0,tracking,0,0.0
665,374.609000,2.704,1,2,0.025048,identity,1,,1.0,10,0,1,,,724.3062133789062,60.49113845825195,754.3982028198242,45.61970275878906,434.3982028198242,-134.38029724121094,167.17771911621094,-82.61908721923828,2,0.15627881105144356,20,20,0,tracking,0,0.0
666,374.640000,3.531,1,1,0.023971,identity,1,,1.0,10,0,1,,,729.4887084960938,57.92994689941406,759.5806979370117,43.05851119995117,439.5806979370117,-136.94148880004883,167.17771911621094,-82.61908721923828,3,0.14956877899798718,20,20,0,tracking,0,0.0
667,374.687000,4.461,1,3,0.021432,identity,1,,1.0,10,0,1,,,737.3460693359375,54.04684829711914,767.4380587768554,39.17541259765625,447.4380587768554,-140.82458740234375,167.17771911621094,-82.61908721923828,4,0.1393955045943562,20,20,0,tracking,0,0.0
668,374.734000,5.616,1,2,0.019948,identity,1,,1.0,10,0,1,,,745.2034301757812,50.16374969482422,775.2954196166992,35.292313995361326,455.2954196166992,-144.70768600463867,167.17771911621094,-82.61908721923828,5,0.12922223019073753,20,20,0,tracking,0,0.0
669,374.781000,5.058,1,0,0.012908,identity,1,,1.0,10,0,1,,,753.060791015625,46.2806510925293,783.1527804565429,31.409215393066408,463.1527804565429,-148.5907846069336,167.17771911621094,-82.61908721923828,6,0.11904895578710656,20,20,0,tracking,0,0.0
670,374.812000,2.825,1,1,0.012096,identity,1,,1.0,10,0,1,,,758.2432861328125,43.719459533691406,788.3352755737304,28.848023834228517,468.3352755737304,-151.1519761657715,167.17771911621094,-82.61908721923828,7,0.11233892373365018,20,20,0,tracking,0,0.0
671,374.859000,2.661,1,2,0.017496,identity,1,,1.0,10,0,1,,,766.1006469726562,39.836360931396484,796.1926364135742,24.964925231933595,476.1926364135742,-155.0350747680664,167.17771911621094,-82.61908721923828,8,0.1021656493300315,0,0,0,prediction_stale,0,0.0
672,374.890000,2.132,1,1,0.016892,identity,1,,1.0,10,0,1,,,771.2831420898438,37.275169372558594,801.3751315307617,22.403733673095704,481.3751315307617,-157.5962663269043,167.17771911621094,-82.61908721923828,9,0.09545561727657512,0,0,0,prediction_stale,0,0.0
673,374.921000,2.100,1,0,0.006688,identity,1,,1.0,10,0,1,,,776.4656372070312,34.7139778137207,806.5576266479492,19.842542114257814,486.5576266479492,-160.1574578857422,167.17771911621094,-82.61908721923828,10,0.08874558522311875,0,0,0,prediction_stale,0,0.0
674,374.968000,3.390,1,0,0.008294,identity,1,,1.0,10,0,1,,,784.322998046875,30.830881118774414,814.4149874877929,15.959445419311525,494.4149874877929,-164.04055458068848,167.17771911621094,-82.61908721923828,11,0.07857231081948776,0,0,0,prediction_stale,0,0.0
675,375.000000,2.437,1,0,0.003294,identity,1,,1.0,10,0,1,,,789.6726684570312,28.187070846557617,819.7646578979492,13.315635147094728,499.7646578979492,-166.68436485290528,167.17771911621094,-82.61908721923828,12,0.07164582611915087,0,0,0,prediction_stale,0,0.0
676,375.046000,2.253,1,0,0.002509,identity,1,,1.0,10,0,1,,,,,,,,,0.0,0.0,13,0.0,0,0,0,lost,0,0.0
677,375.078000,2.995,1,0,0.000421,identity,1,,1.0,,0,0,,,,,,,,,0.0,0.0,0,0.0,0,0,0,lost,0,0.0
678,375.125000,2.332,1,0,0.000000,identity,1,,1.0,,0,0,,,,,,,,,0.0,0.0,0,0.0,0,0,0,lost,0,0.0
679,375.171000,4.326,1,0,0.000000,identity,1,,1.0,,0,0,,,,,,,,,0.0,0.0,0,0.0,0,0,0,lost,0,0.0
680,375.203000,1.905,1,0,0.000000,identity,1,,1.0,,0,0,,,,,,,,,0.0,0.0,0,0.0,0,0,0,lost,0,0.0
681,375.250000,4.115,1,0,0.000000,identity,1,,1.0,,0,0,,,,,,,,,0.0,0.0,0,0.0,0,0,0,lost,0,0.0
682,375.281000,2.280,1,0,0.000347,identity,1,,1.0,,0,0,,,,,,,,,0.0,0.0,0,0.0,0,0,0,lost,0,0.0
683,375.328000,4.018,1,0,0.000451,identity,1,,1.0,,0,0,,,,,,,,,0.0,0.0,0,0.0,0,0,0,lost,0,0.0
684,375.375000,2.324,1,0,0.000673,identity,1,,1.0,,0,0,,,,,,,,,0.0,0.0,0,0.0,0,0,0,lost,0,0.0
685,375.406000,2.130,1,0,0.002947,identity,1,,1.0,,0,0,,,,,,,,,0.0,0.0,0,0.0,0,0,0,lost,0,0.0
686,375.468000,4.888,1,0,0.000712,identity,1,,1.0,,0,0,,,,,,,,,0.0,0.0,0,0.0,0,0,0,lost,0,0.0
687,375.500000,1.878,1,0,0.000000,identity,1,,1.0,,0,0,,,,,,,,,0.0,0.0,0,0.0,0,0,0,lost,0,0.0
688,375.531000,2.359,1,0,0.000000,identity,1,,1.0,,0,0,,,,,,,,,0.0,0.0,0,0.0,0,0,0,lost,0,0.0
689,375.578000,2.328,1,0,0.002049,identity,1,,1.0,,0,0,,,,,,,,,0.0,0.0,0,0.0,0,0,0,lost,0,0.0
690,375.609000,3.791,1,0,0.002431,identity,1,,1.0,,0,0,,,,,,,,,0.0,0.0,0,0.0,0,0,0,lost,0,0.0
691,375.656000,2.341,1,0,0.001506,identity,1,,1.0,,0,0,,,,,,,,,0.0,0.0,0,0.0,0,0,0,lost,0,0.0
692,375.703000,2.491,1,0,0.001740,identity,1,,1.0,,0,0,,,,,,,,,0.0,0.0,0,0.0,0,0,0,lost,0,0.0
693,375.734000,2.435,1,0,0.001393,identity,1,,1.0,,0,0,,,,,,,,,0.0,0.0,0,0.0,0,0,0,lost,0,0.0
694,375.781000,2.183,1,0,0.000742,identity,1,,1.0,,0,0,,,,,,,,,0.0,0.0,0,0.0,0,0,0,lost,0,0.0
695,375.812000,3.065,1,0,0.000000,identity,1,,1.0,,0,0,,,,,,,,,0.0,0.0,0,0.0,0,0,0,lost,0,0.0
696,375.859000,3.113,1,0,0.000642,identity,1,,1.0,,0,0,,,,,,,,,0.0,0.0,0,0.0,0,0,0,lost,0,0.0
697,375.890000,3.505,1,0,0.001050,identity,1,,1.0,,0,0,,,,,,,,,0.0,0.0,0,0.0,0,0,0,lost,0,0.0
698,375.937000,2.245,1,0,0.001176,identity,1,,1.0,,0,0,,,,,,,,,0.0,0.0,0,0.0,0,0,0,lost,0,0.0
699,375.968000,2.331,1,0,0.002734,identity,1,,1.0,,0,0,,,,,,,,,0.0,0.0,0,0.0,0,0,0,lost,0,0.0
700,376.015000,3.219,1,0,0.004245,identity,1,,1.0,,0,0,,,,,,,,,0.0,0.0,0,0.0,0,0,0,lost,0,0.0
701,376.062000,2.255,1,1,0.005703,identity,1,,1.0,11,1,0,86.0,323.0,86.0,323.0,86.0,323.0,-234.0,143.0,0.0,0.0,0,0.7466071428571429,-20,-20,0,tracking,0,0.0
702,376.093000,2.324,1,2,0.012101,identity,1,,1.0,11,1,0,81.5,309.0,82.69033813476562,312.7032775878906,82.671887139827,312.64587449014186,-237.328112860173,132.64587449014186,-0.10250552743673325,-0.31890609860420227,0,0.7145069181619559,-20,-20,0,tracking,0,0.0
703,376.187000,2.477,1,2,0.011957,identity,1,,1.0,11,1,0,79.5,309.0,81.30281829833984,311.08203125,81.19226188063621,310.91825802445413,-238.8077381193638,130.91825802445413,-0.6142023205757141,-0.9098512530326843,0,0.8085212413416631,-20,-20,0,tracking,0,0.0
704,376.187000,3.093,1,1,0.007960,identity,1,,1.0,11,1,0,77.5,309.5,80.14450073242188,310.59637451171875,79.94652632713318,310.39635924577715,-240.0534736728668,130.39635924577715,-1.0998578071594238,-1.1111959218978882,0,0.8429534995005976,-20,-20,0,tracking,0,0.0
705,376.218000,2.445,1,1,0.008442,identity,1,,1.0,11,1,0,75.5,310.5,79.0081787109375,310.547119140625,78.67641541957855,310.3453070092201,-241.32358458042145,130.3453070092201,-1.8431293964385986,-1.1211785078048706,0,0.8573733290254861,-20,-20,0,tracking,0,0.0
706,376.250000,2.369,1,1,0.012148,identity,1,,1.0,11,1,0,73.0,310.5,77.75125122070312,310.50897216796875,77.20839490413665,310.30676154613496,-242.79160509586336,130.30676154613496,-3.0158684253692627,-1.1233923435211182,0,0.8609395920314105,-20,-20,0,tracking,0,0.0
707,376.296000,2.785,1,1,0.010017,identity,1,,1.0,11,1,0,70.5,310.5,76.30587005615234,310.46514892578125,75.43071546554566,310.26493298769,-244.56928453445434,130.26493298768997,-4.861969947814941,-1.112310767173767,0,0.8466335527645301,-20,-20,0,tracking,0,0.0
708,376.343000,4.647,1,1,0.007821,identity,1,,1.0,11,1,0,68.5,312.0,74.74302673339844,310.6923522949219,73.44177513122558,310.5813852310181,-246.5582248687744,130.5813852310181,-7.229175567626953,-0.6164836883544922,0,0.8553744460692495,-20,-20,0,tracking,0,0.0
709,376.375000,4.397,1,1,0.009023,identity,1,,1.0,11,1,0,66.5,311.5,73.18435668945312,310.8097229003906,71.41377807617188,310.7472228974104,-248.58622192382813,130.74722289741038,-9.8365478515625,-0.347222238779068,0,0.8664683861722633,-20,-20,0,tracking,0,0.0
710,376.421000,2.245,1,1,0.009935,identity,1,,1.0,11,1,0,64.0,311.5,71.27362823486328,310.9117126464844,68.93841020584107,310.89488092795017,-251.06158979415892,130.89488092795017,-12.973433494567871,-0.09350954741239548,0,0.8520807283480067,-20,-20,0,tracking,0,0.0
711,376.453000,2.338,1,1,0.007661,identity,1,,1.0,11,1,0,61.5,312.5,69.34980773925781,311.1652526855469,66.40995937347412,311.25122991919517,-253.59004062652588,131.25122991919517,-16.332490921020508,0.47765129804611206,0,0.8713493276566969,-20,-20,0,tracking,0,0.0
712,376.500000,3.274,1,1,0.006337,identity,1,,1.0,11,1,0,60.0,313.0,67.15570068359375,311.48895263671875,63.63290264129639,311.6980304646492,-256.36709735870363,131.6980304646492,-19.57110023498535,1.1615434885025024,0,0.8686894394396809,-20,-20,0,tracking,0,0.0
713,376.531000,3.812,1,1,0.006944,identity,1,,1.0,11,1,0,57.0,313.5,65.01519012451172,311.8421936035156,60.86645118713379,312.1807359743118,-259.1335488128662,132.1807359743118,-23.04854965209961,1.8807909488677979,0,0.8653945413320512,-20,-20,0,tracking,0,0.0
714,376.578000,2.339,1,1,0.006714,identity,1,,1.0,11,1,0,55.0,314.5,62.45235824584961,312.3562316894531,57.71015537261963,312.8654928016663,-262.2898446273804,132.86549280166628,-26.345571517944336,2.829228401184082,0,0.8680626757332409,-20,-20,0,tracking,0,0.0
715,376.609000,2.442,1,0,0.005065,identity,1,,1.0,11,0,1,,,61.63564682006836,312.4439392089844,56.89344394683838,312.9532003211975,-263.1065560531616,132.95320032119753,-26.345571517944336,2.829228401184082,1,0.8344252470485715,-20,-20,0,tracking,0,0.0
716,376.656000,2.017,1,0,0.003819,identity,1,,1.0,11,0,1,,,60.397403717041016,312.576904296875,55.65520084381104,313.08616540908815,-264.34479915618897,133.08616540908815,-26.345571517944336,2.829228401184082,2,0.7834265648492159,-20,-20,0,tracking,0,0.0
717,376.687000,1.980,1,0,0.003190,identity,1,,1.0,11,0,1,,,59.580692291259766,312.66461181640625,54.83848941802979,313.1738729286194,-265.1615105819702,133.1738729286194,-26.345571517944336,2.829228401184082,3,0.7497891361645463,-20,-20,0,tracking,0,0.0
718,376.718000,2.353,1,0,0.002999,identity,1,,1.0,11,0,1,,,58.763980865478516,312.7523193359375,54.02177799224854,313.26158044815065,-265.97822200775147,133.26158044815065,-26.345571517944336,2.829228401184082,4,0.7161517074798769,-20,-20,0,tracking,0,0.0
719,376.765000,3.936,1,0,0.003516,identity,1,,1.0,11,0,1,,,57.52573776245117,312.8852844238281,52.783534889221194,313.3945455360413,-267.2164651107788,133.39454553604128,-26.345571517944336,2.829228401184082,5,0.6651530252805831,-20,-20,0,tracking,0,0.0
720,376.796000,2.389,1,1,0.003303,identity,1,,1.0,11,0,1,,,56.70902633666992,312.9729919433594,51.966823463439944,313.4822530555725,-268.03317653656006,133.48225305557253,-26.345571517944336,2.829228401184082,6,0.6315155965959135,-20,-20,0,tracking,0,0.0
721,376.843000,2.345,1,1,0.003663,identity,1,,1.0,11,0,1,,,55.47078323364258,313.10595703125,50.7285803604126,313.61521814346315,-269.2714196395874,133.61521814346315,-26.345571517944336,2.829228401184082,7,0.580516914396558,-20,-20,0,tracking,0,0.0
722,376.890000,2.353,1,0,0.001771,identity,1,,1.0,11,0,1,,,54.232540130615234,313.2389221191406,49.49033725738526,313.7481832313538,-270.50966274261475,133.74818323135378,-26.345571517944336,2.829228401184082,8,0.5295182321972641,0,0,0,prediction_stale,0,0.0
723,376.921000,2.254,1,0,0.000291,identity,1,,1.0,11,0,1,,,53.415828704833984,313.3266296386719,48.67362583160401,313.835890750885,-271.326374168396,133.83589075088503,-26.345571517944336,2.829228401184082,9,0.4958808035125946,0,0,0,prediction_stale,0,0.0
724,376.968000,2.753,1,0,0.001111,identity,1,,1.0,11,0,1,,,52.17758560180664,313.4595947265625,47.43538272857666,313.96885583877565,-272.56461727142334,133.96885583877565,-26.345571517944336,2.829228401184082,10,0.4448821213132391,0,0,0,prediction_stale,0,0.0
725,377.000000,2.081,1,0,0.002595,identity,1,,1.0,11,0,1,,,51.33452606201172,313.5501403808594,46.59232318878174,314.0594014930725,-273.40767681121827,134.05940149307253,-26.345571517944336,2.829228401184082,11,0.4101596142839287,0,0,0,prediction_stale,0,0.0
726,377.046000,2.460,1,0,0.001966,identity,1,,1.0,11,0,1,,,50.12263107299805,313.6802978515625,45.38042819976807,314.18955896377565,-274.61957180023194,134.18955896377565,-26.345571517944336,2.829228401184082,12,0.36024601042927573,0,0,0,prediction_stale,0,0.0
727,377.078000,2.258,1,0,0.000226,identity,1,,1.0,11,0,1,,,,,,,,,0.0,0.0,13,0.0,0,0,0,lost,0,0.0
728,377.125000,2.334,1,0,0.000590,identity,1,,1.0,,0,0,,,,,,,,,0.0,0.0,0,0.0,0,0,0,lost,0,0.0
729,377.156000,2.497,1,0,0.000877,identity,1,,1.0,,0,0,,,,,,,,,0.0,0.0,0,0.0,0,0,0,lost,0,0.0
730,377.203000,1.971,1,0,0.000985,identity,1,,1.0,,0,0,,,,,,,,,0.0,0.0,0,0.0,0,0,0,lost,0,0.0
731,377.250000,2.251,1,0,0.000577,identity,1,,1.0,,0,0,,,,,,,,,0.0,0.0,0,0.0,0,0,0,lost,0,0.0
732,377.281000,2.139,1,0,0.000000,identity,1,,1.0,,0,0,,,,,,,,,0.0,0.0,0,0.0,0,0,0,lost,0,0.0
733,377.328000,1.911,1,0,0.000000,identity,1,,1.0,,0,0,,,,,,,,,0.0,0.0,0,0.0,0,0,0,lost,0,0.0
734,377.375000,2.333,1,0,0.000000,identity,1,,1.0,,0,0,,,,,,,,,0.0,0.0,0,0.0,0,0,0,lost,0,0.0
735,377.406000,2.340,1,0,0.000000,identity,1,,1.0,,0,0,,,,,,,,,0.0,0.0,0,0.0,0,0,0,lost,0,0.0
736,377.437000,2.230,1,0,0.000595,identity,1,,1.0,,0,0,,,,,,,,,0.0,0.0,0,0.0,0,0,0,lost,0,0.0
737,377.484000,2.351,1,0,0.002378,identity,1,,1.0,,0,0,,,,,,,,,0.0,0.0,0,0.0,0,0,0,lost,0,0.0
738,377.515000,1.925,1,0,0.000829,identity,1,,1.0,,0,0,,,,,,,,,0.0,0.0,0,0.0,0,0,0,lost,0,0.0
739,377.562000,2.462,1,0,0.000000,identity,1,,1.0,,0,0,,,,,,,,,0.0,0.0,0,0.0,0,0,0,lost,0,0.0
740,377.609000,3.359,1,0,0.000647,identity,1,,1.0,,0,0,,,,,,,,,0.0,0.0,0,0.0,0,0,0,lost,0,0.0
741,377.640000,2.046,1,0,0.001246,identity,1,,1.0,,0,0,,,,,,,,,0.0,0.0,0,0.0,0,0,0,lost,0,0.0
742,377.687000,1.991,1,0,0.001927,identity,1,,1.0,,0,0,,,,,,,,,0.0,0.0,0,0.0,0,0,0,lost,0,0.0
743,377.718000,1.897,1,0,0.005747,identity,1,,1.0,,0,0,,,,,,,,,0.0,0.0,0,0.0,0,0,0,lost,0,0.0
744,377.765000,2.642,1,2,0.011220,identity,1,,1.0,12,1,0,509.0,270.5,509.0,270.5,509.0,270.5,189.0,90.5,0.0,0.0,0,0.662408424908425,20,-18,0,tracking,0,0.0
745,377.796000,4.329,1,2,0.016766,identity,1,,1.0,12,1,0,507.5,274.0,507.89678955078125,273.0741882324219,507.890639218688,273.08853900685904,187.89063921868802,93.08853900685904,-0.034168511629104614,0.07972652465105057,0,0.866602044693203,20,-18,0,tracking,0,0.0
746,377.843000,2.469,1,3,0.018177,identity,1,,1.0,12,1,0,507.5,276.0,507.72662353515625,274.32427978515625,507.714221175015,274.3848605173826,187.71422117501498,94.3848605173826,-0.06890200078487396,0.33655962347984314,0,0.8723576903789332,20,-18,0,tracking,0,0.0
747,377.890000,2.572,1,2,0.018151,identity,1,,1.0,12,1,0,511.5,277.0,508.87896728515625,275.15399169921875,508.96930780768395,275.28693546414377,188.96930780768395,95.28693546414377,0.5018917918205261,0.7385764718055725,0,0.8633965907273463,20,-19,0,tracking,0,0.0
748,377.921000,2.195,1,3,0.018845,identity,1,,1.0,12,1,0,515.5,278.0,510.4881896972656,275.8580017089844,510.7912488031387,276.08185956001284,190.79124880313873,96.08185956001284,1.683661699295044,1.243654727935791,0,0.8454130943298899,20,-19,0,tracking,0,0.0
749,377.968000,5.279,1,2,0.020208,identity,1,,1.0,12,1,0,517.0,280.0,511.91094970703125,276.7693786621094,512.4936692714691,277.1707690095902,192.49366927146912,97.17076900959017,3.237330913543701,2.2299463748931885,0,0.8502877289121274,20,-19,0,tracking,0,0.0
750,378.000000,3.628,1,3,0.023594,identity,1,,1.0,12,1,0,520.5,283.0,513.5844116210938,277.9802551269531,514.5719813251495,278.675510225296,194.57198132514952,98.67551022529602,5.4864983558654785,3.8625283241271973,0,0.8049061099262336,20,-19,0,tracking,0,0.0
751,378.046000,2.457,1,4,0.025673,identity,1,,1.0,12,1,0,524.5,282.0,515.7218627929688,278.837158203125,517.3121291542053,279.7495715522766,197.3121291542053,99.74957155227662,8.834813117980957,5.068963050842285,0,0.8299096237981942,20,-19,0,tracking,0,0.0
752,378.078000,2.506,1,3,0.023950,identity,1,,1.0,12,1,0,524.5,284.0,517.4166259765625,279.8305358886719,519.5056038284301,281.036504611969,199.50560382843014,101.03650461196901,11.605432510375977,6.699826240539551,0,0.8310649903352666,20,-20,0,tracking,0,0.0
753,378.125000,2.225,1,3,0.026684,identity,1,,1.0,12,1,0,525.5,288.0,519.2283935546875,281.4649353027344,521.8066876983643,283.1807774543762,201.80668769836427,103.1807774543762,14.323856353759766,9.532456398010254,0,0.8174099553826529,20,-20,0,tracking,0,0.0
754,378.187000,2.613,1,4,0.028355,identity,1,,1.0,12,1,0,528.5,291.5,521.6332397460938,283.7646179199219,524.820346069336,286.16628675460817,204.82034606933598,106.16628675460817,17.706146240234375,13.342604637145996,0,0.7848164187667205,20,-20,0,tracking,0,0.0
755,378.203000,2.937,1,4,0.031810,identity,1,,1.0,12,1,0,532.0,292.5,523.5572509765625,285.36468505859375,527.4043884277344,288.3241725158691,207.40438842773438,108.32417251586912,21.37298583984375,16.44159698486328,0,0.7810654578837242,20,-20,0,tracking,0,0.0
756,378.250000,2.328,1,4,0.034063,identity,1,,1.0,12,0,1,,,524.561767578125,286.137451171875,528.4089050292969,289.0969386291504,208.40890502929688,109.09693862915037,21.37298583984375,16.44159698486328,1,0.7351778622330305,20,-20,0,tracking,0,0.0
757,378.312000,2.477,1,3,0.035069,identity,1,,1.0,12,0,1,,,525.8869018554688,287.1568298339844,529.7340393066406,290.11631729125975,209.73403930664062,110.11631729125975,21.37298583984375,16.44159698486328,2,0.6746452892470304,20,-20,0,tracking,0,0.0
758,378.328000,2.663,1,3,0.037548,identity,1,,1.0,12,0,1,,,526.2288818359375,287.4198913574219,530.0760192871094,290.37937881469725,210.07601928710938,110.37937881469725,21.37298583984375,16.44159698486328,3,0.6590239800893922,20,-20,0,tracking,0,0.0
759,378.375000,4.401,1,3,0.032014,identity,1,,1.0,12,1,0,578.5,295.5,540.248291015625,290.0477600097656,548.6987967681885,293.6633935546875,228.69879676818846,113.6633935546875,46.9472541809082,20.08685302734375,0,0.49085470658475483,20,-20,0,tracking,0,0.0
760,378.406000,3.103,1,3,0.028424,identity,1,,1.0,12,1,0,581.0,296.5,550.447265625,291.967529296875,561.886764678955,296.0265761947632,241.88676467895505,116.02657619476321,63.552772521972656,22.550260543823242,0,0.525980293167947,20,-20,0,tracking,0,0.0
761,378.453000,2.587,1,3,0.026506,identity,1,,1.0,12,1,0,584.0,298.0,559.83544921875,294.06878662109375,573.360581817627,298.4671352767944,253.360581817627,118.46713527679441,75.1396255493164,24.435270309448242,0,0.6175343384069312,20,-20,0,tracking,0,0.0
762,378.484000,4.261,1,4,0.022652,identity,1,,1.0,12,1,0,557.0,298.5,561.1856689453125,295.5227355957031,574.4011408996582,300.14134536743165,254.40114089965823,120.14134536743165,73.4192886352539,25.65894317626953,0,0.7647031466644523,20,-20,0,tracking,0,0.0
763,378.531000,2.635,1,3,0.023950,identity,1,,1.0,12,1,0,559.0,294.0,563.6091918945312,296.2314147949219,576.5134815979004,300.6993738555908,256.5134815979004,120.6993738555908,71.69049835205078,24.82199478149414,0,0.7317951434247157,20,-20,0,tracking,0,0.0
764,378.578000,2.304,1,2,0.017526,identity,1,,1.0,12,1,0,560.0,294.0,565.7542114257812,296.80181884765625,578.3028997802735,301.0966285705566,258.3028997802735,121.09662857055662,69.71493530273438,23.86005401611328,0,0.7325436410199442,20,-20,0,tracking,0,0.0
765,378.609000,4.185,1,2,0.019262,identity,1,,1.0,12,0,1,,,567.9153442382812,297.5414733886719,580.4640325927735,301.83628311157224,260.4640325927735,121.83628311157224,69.71493530273438,23.86005401611328,1,0.704157574930416,20,-20,0,tracking,0,0.0
766,378.640000,2.794,1,1,0.007027,identity,1,,1.0,12,0,1,,,570.0764770507812,298.2811279296875,582.6251654052735,302.57593765258787,262.6251654052735,122.57593765258787,69.71493530273438,23.86005401611328,2,0.6757715088408877,20,-20,0,tracking,0,0.0
767,378.687000,3.024,1,0,0.001671,identity,1,,1.0,12,0,1,,,573.3530883789062,299.4025573730469,585.9017767333985,303.69736709594724,265.9017767333985,123.69736709594724,69.71493530273438,23.86005401611328,3,0.6327345699309427,20,-20,0,tracking,0,0.0
768,378.734000,4.840,1,0,0.000000,identity,1,,1.0,12,0,1,,,576.6296997070312,300.52398681640625,589.1783880615235,304.8187965393066,269.1783880615235,124.81879653930662,69.71493530273438,23.86005401611328,4,0.5896976310210497,20,-20,0,tracking,0,0.0
769,378.765000,2.599,1,0,0.000308,identity,1,,1.0,12,0,1,,,578.7908325195312,301.2636413574219,591.3395208740235,305.55845108032224,271.3395208740235,125.55845108032224,69.71493530273438,23.86005401611328,5,0.5613115649315215,20,-20,0,tracking,0,0.0
770,378.812000,3.549,1,0,0.000725,identity,1,,1.0,12,0,1,,,582.0674438476562,302.38507080078125,594.6161322021485,306.6798805236816,274.6161322021485,126.67988052368162,69.71493530273438,23.86005401611328,6,0.5182746260215764,20,-20,0,tracking,0,0.0
771,378.843000,2.577,1,0,0.000872,identity,1,,1.0,12,0,1,,,584.2285766601562,303.1247253417969,596.7772650146485,307.41953506469724,276.7772650146485,127.41953506469724,69.71493530273438,23.86005401611328,7,0.4898885599320481,20,-20,0,tracking,0,0.0
772,378.890000,2.479,1,0,0.001003,identity,1,,1.0,12,0,1,,,587.5051879882812,304.24615478515625,600.0538763427735,308.5409645080566,280.0538763427735,128.54096450805662,69.71493530273438,23.86005401611328,8,0.44685162102215514,0,0,0,prediction_stale,0,0.0
773,378.921000,2.410,1,0,0.002326,identity,1,,1.0,12,0,1,,,589.6663208007812,304.9858093261719,602.2150091552735,309.28061904907224,282.2150091552735,129.28061904907224,69.71493530273438,23.86005401611328,9,0.4184655549326269,0,0,0,prediction_stale,0,0.0
774,378.968000,2.488,1,0,0.003181,identity,1,,1.0,12,0,1,,,592.9429321289062,306.10723876953125,605.4916204833985,310.4020484924316,285.4916204833985,130.40204849243162,69.71493530273438,23.86005401611328,10,0.37542861602268185,0,0,0,prediction_stale,0,0.0
775,379.000000,2.062,1,0,0.002639,identity,1,,1.0,12,0,1,,,595.173828125,306.8707580566406,607.7225164794922,311.165567779541,287.72251647949224,131.165567779541,69.71493530273438,23.86005401611328,11,0.3461268703819003,0,0,0,prediction_stale,0,0.0
776,379.046000,2.367,1,0,0.001250,identity,1,,1.0,12,0,1,,,598.3807373046875,307.96832275390625,610.9294256591797,312.2631324768066,290.92942565917974,132.26313247680662,69.71493530273438,23.86005401611328,12,0.30400561102326057,0,0,0,prediction_stale,0,0.0
777,379.078000,2.245,1,0,0.000681,identity,1,,1.0,12,0,1,,,,,,,,,0.0,0.0,13,0.0,0,0,0,lost,0,0.0
778,379.125000,2.676,1,1,0.002782,identity,1,,1.0,13,1,0,623.5,54.5,623.5,54.5,623.5,54.5,303.5,-125.5,0.0,0.0,0,0.68471557682084,20,20,0,tracking,0,0.0
779,379.187000,3.012,1,1,0.004366,identity,1,,1.0,13,1,0,621.0,57.0,621.659912109375,56.3400993347168,621.6394516906142,56.360559753477574,301.63945169061424,-123.63944024652243,-0.11366899311542511,0.11366899311542511,0,0.81308603023138,20,20,0,tracking,0,0.0
780,379.203000,2.454,1,1,0.006549,identity,1,,1.0,13,1,0,617.0,63.5,619.6798095703125,59.38191223144531,619.6160312211514,59.46893938362599,299.6160312211514,-120.53106061637402,-0.3543241620063782,0.4834841787815094,0,0.725297999512069,20,20,0,tracking,0,0.0
781,379.250000,4.335,1,1,0.009978,identity,1,,1.0,13,1,0,615.0,75.5,618.2481079101562,64.28888702392578,618.0781009304524,64.74257396697998,298.07810093045236,-115.25742603302002,-0.94448322057724,2.5204830169677734,0,0.7013570384622247,20,20,0,tracking,0,0.0
782,379.281000,2.496,1,1,0.013863,identity,1,,1.0,13,1,0,614.5,84.5,617.3302612304688,69.17739868164062,617.0524433851242,70.21475439071655,297.0524433851242,-109.78524560928345,-1.5434324741363525,5.763087272644043,0,0.6851152136364046,20,20,0,tracking,0,0.0
783,379.328000,3.956,1,1,0.015525,identity,1,,1.0,13,1,0,614.0,106.0,616.5853271484375,76.99199676513672,616.1732778310776,79.53544828414917,296.1732778310776,-100.46455171585083,-2.2891628742218018,14.13028621673584,0,0.6454136756682327,20,20,0,tracking,0,0.0
786,379.453000,4.327,1,1,0.028494,identity,1,,1.0,13,1,0,614.0,139.0,615.7619018554688,92.83599853515625,615.1723387527466,100.03052940368653,295.17233875274655,-79.96947059631347,-3.275350570678711,39.9696159362793,0,0.5206713961399424,20,16,0,tracking,0,0.0
787,379.484000,3.564,1,0,0.004835,identity,1,,1.0,13,0,1,,,615.6603393554688,94.07505798339844,615.0707762527466,101.26958885192872,295.07077625274655,-78.73041114807128,-3.275350570678711,39.9696159362793,1,0.5004953795395158,20,15,0,tracking,0,0.0
788,379.531000,2.322,1,0,0.001884,identity,1,,1.0,13,0,1,,,615.5064086914062,95.95362854003906,614.916845588684,103.14815940856934,294.91684558868405,-76.85184059143066,-3.275350570678711,39.9696159362793,2,0.4699059350162776,20,15,0,tracking,0,0.0
789,379.562000,2.745,1,0,0.000799,identity,1,,1.0,13,0,1,,,615.4048461914062,97.19268798828125,614.815283088684,104.38721885681153,294.81528308868405,-75.61278114318847,-3.275350570678711,39.9696159362793,3,0.44972991841585097,20,15,0,tracking,0,0.0
790,379.609000,3.035,1,0,0.001155,identity,1,,1.0,13,0,1,,,615.2509155273438,99.07125854492188,614.6613524246216,106.26578941345215,294.66135242462155,-73.73421058654785,-3.275350570678711,39.9696159362793,4,0.4191404738926498,20,14,0,tracking,0,0.0
791,379.656000,3.321,1,1,0.004514,identity,1,,1.0,13,1,0,617.0,150.0,615.7373046875,117.45406341552734,615.3563976192474,130.02669784545898,295.35639761924745,-49.97330215454102,-2.116150379180908,69.84796905517578,0,0.5569176311704229,20,10,0,tracking,0,0.0
792,379.687000,3.288,1,1,0.012652,identity,1,,1.0,13,1,0,615.0,150.0,615.4881591796875,127.92140197753906,615.0486870002746,143.14293762207032,295.04868700027464,-36.85706237792968,-2.441512107849121,84.5640869140625,0,0.7722010067040419,20,7,0,tracking,0,0.0
793,379.718000,2.856,1,1,0.017405,identity,1,,1.0,13,1,0,614.0,143.0,615.08251953125,133.45263671875,614.5394245195389,149.58805770874022,294.5394245195389,-30.411942291259777,-3.0171945095062256,89.64122772216797,0,0.8104427516456072,20,6,0,tracking,0,0.0
794,379.765000,4.329,1,1,0.019201,identity,1,,1.0,13,1,0,614.0,119.0,614.7379760742188,133.6422119140625,614.1325491428375,148.54086212158202,294.13254914283755,-31.459137878417977,-3.36348295211792,82.77027893066406,0,0.7783356144881411,20,6,0,tracking,0,0.0
795,379.796000,2.971,1,2,0.016345,identity,1,,1.0,13,1,0,615.0,113.0,614.7044677734375,131.72410583496094,614.1205006599426,145.26299743652345,294.12050065994265,-34.73700256347655,-3.2442617416381836,75.216064453125,0,0.7969690813881375,20,7,0,tracking,0,0.0
796,379.859000,3.738,1,1,0.012240,identity,1,,1.0,13,1,0,617.5,89.5,615.0772094726562,127.42742919921875,614.6629254674912,138.3100065612793,294.66292546749116,-41.689993438720705,-2.3015778064727783,60.458763122558594,0,0.6455431322692204,20,8,0,tracking,0,0.0
797,379.890000,3.440,1,2,0.013520,identity,1,,1.0,13,1,0,619.0,68.0,615.7064819335938,118.54853820800781,615.4948018264771,126.32157203674316,295.4948018264771,-53.67842796325684,-1.1760005950927734,43.18352127075195,0,0.5494164090308983,20,10,0,tracking,0,0.0
798,379.937000,5.108,1,2,0.011319,identity,1,,1.0,13,1,0,621.5,59.5,616.6407470703125,110.2440414428711,616.7081052941083,115.10312683105468,296.70810529410835,-64.89687316894532,0.3742123544216156,26.994918823242188,0,0.47115873513421413,20,13,0,tracking,0,0.0
799,379.968000,2.877,1,1,0.008503,identity,1,,1.0,13,0,1,,,616.65234375,111.08088684082031,616.7197019737958,115.9399722290039,296.71970197379585,-64.0600277709961,0.3742123544216156,26.994918823242188,1,0.45290133414775985,20,12,0,tracking,0,0.0
800,380.000000,2.683,1,1,0.014080,identity,1,,1.0,13,0,1,,,616.664306640625,111.9447250366211,616.7316648644208,116.80381042480468,296.73166486442085,-63.19618957519532,0.3742123544216156,26.994918823242188,2,0.43405498474240173,20,12,0,tracking,0,0.0
801,380.046000,5.321,1,4,0.019831,identity,1,,1.0,13,1,0,619.0,56.0,617.123291015625,102.2904052734375,617.3062564015388,104.29798267364502,297.3062564015388,-75.70201732635498,1.0164743661880493,11.153207778930664,0,0.5989398688763958,20,15,0,tracking,0,0.0
802,380.078000,2.988,1,4,0.024197,identity,1,,1.0,13,1,0,614.0,60.5,616.6105346679688,95.3643569946289,616.6541002225875,95.51019243240357,296.65410022258754,-84.48980756759643,0.24203085899353027,0.8101968765258789,0,0.6360275028195479,20,16,0,tracking,0,0.0
803,380.125000,3.275,1,4,0.028498,identity,1,,1.0,13,1,0,610.0,65.5,615.5317993164062,90.47987365722656,615.3056699991226,89.40784878730774,295.30566999912264,-90.59215121269226,-1.2562739849090576,-5.95569372177124,0,0.653430762109357,20,18,0,tracking,0,0.0
804,380.187000,3.426,1,4,0.030964,identity,1,,1.0,13,1,0,607.5,73.5,614.1586303710938,87.4056167602539,613.6255653190613,85.69260066986084,293.62556531906125,-94.30739933013916,-2.961472511291504,-9.516756057739258,0,0.7138762231963307,20,18,0,tracking,0,0.0
805,380.203000,2.741,1,4,0.035226,identity,1,,1.0,13,1,0,604.0,83.0,612.6434326171875,86.63591003417969,611.7662030696869,84.77811954498291,291.76620306968687,-95.22188045501709,-4.873497486114502,-10.32105827331543,0,0.7361292861299868,20,19,0,tracking,0,0.0
806,380.250000,5.404,1,4,0.040356,identity,1,,1.0,13,1,0,599.0,98.5,610.5264282226562,87.88883209228516,609.2193126678467,86.426791973114,289.2193126678467,-93.573208026886,-7.261753082275391,-8.122445106506348,0,0.6981317241879049,20,18,0,tracking,0,0.0
807,380.281000,2.624,1,6,0.052682,identity,1,,1.0,13,1,0,592.5,114.0,607.9510498046875,91.11772155761719,606.1187242507934,90.43349351406097,286.11872425079343,-89.56650648593903,-10.179586410522461,-3.80126690864563,0,0.6255832849137333,20,17,0,tracking,0,0.0
808,380.328000,2.777,1,6,0.065812,identity,1,,1.0,13,1,0,584.0,135.0,604.4440307617188,96.6240463256836,601.9535166931153,97.1753186416626,281.95351669311526,-82.8246813583374,-13.836189270019531,3.062623977661133,0,0.5142734824455928,20,16,0,tracking,0,0.0
809,380.359000,4.230,1,5,0.090590,identity,1,,1.0,13,1,0,571.5,162.0,600.0480346679688,104.68382263183594,596.7107246398925,106.93521686553954,276.71072463989253,-73.06478313446046,-18.540611267089844,12.507745742797852,0,0.3811619110540294,20,14,0,tracking,0,0.0
810,380.406000,2.520,1,4,0.123273,identity,1,,1.0,13,0,1,,,599.1766357421875,105.27169036865234,595.8393257141113,107.52308460235595,275.8393257141113,-72.47691539764405,-18.540611267089844,12.507745742797852,1,0.358768648779593,20,14,0,tracking,0,0.0
811,380.437000,3.372,1,4,0.150187,identity,1,,1.0,13,0,1,,,598.6018676757812,105.65943145751953,595.264557647705,107.91082569122314,275.26455764770503,-72.08917430877686,-18.540611267089844,12.507745742797852,2,0.3439986247262466,20,14,0,tracking,0,0.0
812,380.484000,3.732,1,4,0.203859,identity,1,,1.0,13,0,1,,,597.73046875,106.24729919433594,594.3931587219238,108.49869342803954,274.3931587219238,-71.50130657196046,-18.540611267089844,12.507745742797852,3,0.3216053624518373,20,14,0,tracking,0,0.0
813,380.531000,3.963,1,9,0.203650,identity,1,,1.0,13,1,0,594.5,201.5,596.499755859375,121.2546615600586,593.0937871170044,126.26119171142578,273.09378711700435,-53.73880828857422,-18.922048568725586,27.814056396484375,0,0.36789711226693056,20,10,0,tracking,0,0.0
814,380.562000,5.474,1,11,0.178069,identity,1,,1.0,13,0,1,,,595.9131469726562,122.11689758300781,592.5071782302856,127.123427734375,272.5071782302856,-52.876572265625,-18.922048568725586,27.814056396484375,1,0.35364109916658426,20,10,0,tracking,0,0.0
815,380.609000,3.083,1,9,0.135686,identity,1,,1.0,13,0,1,,,595.0238037109375,123.42415618896484,591.6178349685669,128.43068634033204,271.61783496856685,-51.569313659667955,-18.922048568725586,27.814056396484375,2,0.3320271438209165,20,10,0,tracking,0,0.0
816,380.656000,4.254,1,12,0.112969,identity,1,,1.0,13,0,1,,,594.1344604492188,124.73141479492188,590.7284917068481,129.73794494628908,270.7284917068481,-50.262055053710924,-18.922048568725586,27.814056396484375,3,0.31041318847522265,20,10,0,tracking,0,0.0
817,380.687000,3.597,1,9,0.136979,identity,1,,1.0,13,1,0,516.0,189.5,580.1649169921875,136.62237548828125,574.461394958496,143.52229423522948,254.46139495849604,-36.47770576477052,-31.686233520507812,38.332881927490234,0,0.38818498655247713,20,7,0,tracking,0,0.0
818,380.734000,4.213,1,5,0.137604,identity,1,,1.0,13,1,0,499.5,192.5,566.1178588867188,147.0008544921875,558.3239331817626,155.3284925842285,238.32393318176264,-24.671507415771487,-43.29958724975586,46.26465606689453,0,0.2935061126829732,20,5,0,tracking,0,0.0
819,380.765000,3.911,1,8,0.134301,identity,1,,1.0,13,1,0,482.5,191.5,552.9489135742188,154.6254119873047,543.2234993743897,163.96403602600097,223.2234993743897,-16.03596397399903,-54.03007888793945,51.88124465942383,0,0.33330489348936976,20,0,0,tracking,0,0.0
820,380.812000,4.715,1,9,0.137274,identity,1,,1.0,13,1,0,626.0,167.0,560.6307983398438,158.4073944091797,552.5297869110108,167.9595418548584,232.52978691101077,-12.0404581451416,-45.005619049072266,53.06748580932617,0,0.35423547212333273,20,0,0,tracking,0,0.0
821,380.843000,5.280,1,11,0.105139,identity,1,,1.0,13,1,0,625.5,161.5,567.5137939453125,160.2333221435547,560.7062152862549,169.81372367858887,240.70621528625486,-10.186276321411128,-37.819881439208984,53.22445297241211,0,0.38328135810608965,20,0,0,tracking,0,0.0
822,380.890000,2.887,1,10,0.082261,identity,1,,1.0,13,0,1,,,565.7362670898438,162.73487854003906,558.9286884307861,172.31528007507325,238.9286884307861,-7.684719924926753,-37.819881439208984,53.22445297241211,1,0.36076357831737194,20,0,0,tracking,0,0.0
823,380.921000,3.076,1,9,0.069475,identity,1,,1.0,13,0,1,,,564.5638427734375,164.3848419189453,557.7562641143799,173.9652434539795,237.75626411437986,-6.034756546020503,-37.819881439208984,53.22445297241211,2,0.3459114256907581,20,0,0,tracking,0,0.0
824,380.968000,2.837,1,7,0.064518,identity,1,,1.0,13,1,0,610.0,204.5,569.0912475585938,171.90933227539062,563.2052027893067,182.22388969421388,243.20520278930667,2.223889694213881,-32.70024871826172,57.303096771240234,0,0.5553374087051551,20,0,0,tracking,0,0.0
825,381.000000,3.292,1,8,0.055747,identity,1,,1.0,13,1,0,599.5,207.5,571.92236328125,177.904296875,566.5937912368775,188.8171216583252,246.59379123687745,8.817121658325192,-29.603178024291992,60.62680435180664,0,0.5001032800165937,20,0,0,tracking,0,0.0
826,381.046000,3.120,1,4,0.048945,identity,1,,1.0,13,1,0,596.5,207.0,573.5967407226562,183.7722625732422,568.6949810028076,195.11794593811035,248.6949810028076,15.117945938110353,-27.231998443603516,63.03157424926758,0,0.5933042881743176,20,0,0,tracking,0,0.0
827,381.093000,2.921,1,4,0.036471,identity,1,,1.0,13,1,0,593.5,209.5,574.6849365234375,189.27972412109375,570.108888130188,200.97544494628906,250.108888130188,20.97544494628906,-25.4224910736084,64.97622680664062,0,0.6324349822919779,20,-4,0,tracking,0,0.0
828,381.140000,3.509,1,4,0.033281,identity,1,,1.0,13,0,1,,,573.4900512695312,192.33360290527344,568.9140028762818,204.02932373046875,248.91400287628176,24.029323730468747,-25.4224910736084,64.97622680664062,1,0.595279427082349,20,-5,0,tracking,0,0.0
829,381.171000,2.477,1,5,0.029818,identity,1,,1.0,13,0,1,,,572.7019653320312,194.34786987304688,568.1259169387818,206.04359069824218,248.12591693878176,26.043590698242184,-25.4224910736084,64.97622680664062,2,0.5707725715185302,20,-5,0,tracking,0,0.0
830,381.218000,2.719,1,4,0.026927,identity,1,,1.0,13,0,1,,,571.507080078125,197.40174865722656,566.9310316848755,209.09746948242187,246.9310316848755,29.09746948242187,-25.4224910736084,64.97622680664062,3,0.5336170163088564,20,-6,0,tracking,0,0.0
831,381.250000,3.946,1,3,0.024670,identity,1,,1.0,13,0,1,,,570.6935424804688,199.48098754882812,566.1174940872193,211.17670837402343,246.11749408721926,31.176708374023434,-25.4224910736084,64.97622680664062,4,0.5083196170171913,20,-6,0,tracking,0,0.0
832,381.296000,3.480,1,2,0.020938,identity,1,,1.0,13,0,1,,,569.5241088867188,202.4698944091797,564.9480604934693,214.165615234375,244.94806049346926,34.165615234375,-25.4224910736084,64.97622680664062,5,0.47195460553540863,20,-7,0,tracking,0,0.0
833,381.328000,3.221,1,1,0.015451,identity,1,,1.0,13,1,0,396.0,317.0,545.2561645507812,219.82017517089844,537.7879553222656,233.3989649963379,217.7879553222656,53.398964996337895,-41.49005126953125,75.4377212524414,0,0.16095465536173814,20,-10,0,tracking,0,0.0
834,381.375000,3.486,1,1,0.012704,identity,1,,1.0,13,0,1,,,543.30615234375,223.36575317382812,535.8379431152343,236.94454299926758,215.83794311523434,56.94454299926758,-41.49005126953125,75.4377212524414,1,0.1514985693592309,20,-11,0,tracking,0,0.0
835,381.406000,2.465,1,1,0.011393,identity,1,,1.0,13,0,1,,,542.0199584960938,225.70431518554688,534.5517492675781,239.28310501098633,214.5517492675781,59.28310501098633,-41.49005126953125,75.4377212524414,2,0.14526157646396237,20,-12,0,tracking,0,0.0
836,381.453000,2.419,1,1,0.010851,identity,1,,1.0,13,0,1,,,540.0699462890625,229.24989318847656,532.6017370605468,242.82868301391602,212.60173706054684,62.82868301391602,-41.49005126953125,75.4377212524414,3,0.13580549046146656,20,-12,0,tracking,0,0.0
837,381.500000,2.791,1,1,0.005460,identity,1,,1.0,13,0,1,,,538.1199340820312,232.79547119140625,530.6517248535156,246.3742610168457,210.6517248535156,66.37426101684571,-41.49005126953125,75.4377212524414,4,0.1263494044589593,20,-13,0,tracking,0,0.0
838,381.531000,2.356,1,0,0.002357,identity,1,,1.0,13,0,1,,,536.833740234375,235.134033203125,529.3655310058593,248.71282302856446,209.36553100585934,68.71282302856446,-41.49005126953125,75.4377212524414,5,0.12011241156369078,20,-13,0,tracking,0,0.0
839,381.578000,2.335,1,0,0.000000,identity,1,,1.0,13,0,1,,,534.8837280273438,238.6796112060547,527.4155187988281,252.25840103149415,207.4155187988281,72.25840103149415,-41.49005126953125,75.4377212524414,6,0.11065632556119498,20,-14,0,tracking,0,0.0
840,381.609000,2.408,1,1,0.004249,identity,1,,1.0,13,1,0,388.5,317.5,509.92718505859375,253.49496459960938,499.8897955322266,268.427985534668,179.88979553222657,88.42798553466798,-55.763275146484375,82.96122741699219,0,0.3850592146257392,20,-17,0,tracking,0,0.0
841,381.656000,3.602,1,1,0.003967,identity,1,,1.0,13,0,1,,,507.3063049316406,257.3941345214844,497.26891540527345,272.327155456543,177.26891540527345,92.32715545654298,-55.763275146484375,82.96122741699219,1,0.36243698576646477,19,-18,0,tracking,0,0.0
842,381.687000,2.250,1,1,0.004696,identity,1,,1.0,13,1,0,386.0,316.5,487.42718505859375,268.5471496582031,475.4834588623047,284.38145050048826,155.4834588623047,104.38145050048826,-66.35403442382812,87.96833801269531,0,0.16062761031756467,17,-20,0,tracking,0,0.0
843,381.734000,2.317,1,1,0.005525,identity,1,,1.0,13,1,0,388.5,313.5,471.0746765136719,278.31982421875,457.76637832641603,294.7354885864258,137.76637832641603,114.73548858642579,-73.93498992919922,91.19813537597656,0,0.23161719827751726,15,-20,0,tracking,0,0.0
844,381.765000,2.403,1,1,0.005590,identity,1,,1.0,13,1,0,390.0,313.5,458.92059326171875,285.19696044921875,444.6068167114258,302.02553634643556,124.60681671142578,122.02553634643556,-79.52098083496094,93.4920883178711,0,0.354418389878154,14,-20,0,tracking,0,0.0
845,381.812000,3.007,1,1,0.007088,identity,1,,1.0,13,1,0,392.5,314.0,447.87518310546875,292.4367980957031,432.82810760498046,309.5509210205078,112.82810760498046,129.55092102050781,-83.59486389160156,95.07846069335938,0,0.47074730147695387,12,-20,0,tracking,0,0.0
846,381.859000,2.232,1,1,0.008086,identity,1,,1.0,13,1,0,395.5,313.0,438.6473083496094,298.6658630371094,423.07632095336913,315.9540368652344,103.07632095336913,135.9540368652344,-86.50548553466797,96.04541015625,0,0.5675198398222846,11,-20,0,tracking,0,0.0
847,381.890000,2.420,1,1,0.012535,identity,1,,1.0,13,1,0,398.5,313.0,432.1573486328125,302.79766845703125,416.21321334838865,320.1989520263672,96.21321334838865,140.19895202636718,-88.57852935791016,96.67379760742188,0,0.6433426395578823,11,-20,0,tracking,0,0.0
848,381.937000,2.688,1,2,0.015369,identity,1,,1.0,13,1,0,403.0,313.5,425.5793151855469,307.9363708496094,409.4015460205078,325.3952227783203,89.4015460205078,145.39522277832032,-89.87649536132812,96.99362182617188,0,0.7262583789489134,10,-20,0,tracking,0,0.0
849,381.968000,3.062,1,2,0.016819,identity,1,,1.0,13,1,0,406.5,315.0,421.3135986328125,311.3115539550781,404.9937872314453,328.80577362060546,84.99378723144531,148.80577362060546,-90.66561889648438,97.19010925292969,0,0.7854439606042255,9,-20,0,tracking,0,0.0
850,382.000000,3.151,1,2,0.016076,identity,1,,1.0,13,1,0,410.5,313.5,417.7327880859375,314.34246826171875,401.3482191467285,331.82914443969725,81.34821914672852,151.82914443969725,-91.02538299560547,97.14820098876953,0,0.8360912226142159,9,-20,0,tracking,0,0.0
851,382.046000,2.781,1,1,0.014119,identity,1,,1.0,13,1,0,414.5,314.0,413.6245422363281,318.4134216308594,397.2474206542969,335.8625506591797,77.24742065429689,155.8625506591797,-90.9840087890625,96.93960571289062,0,0.8528075100956148,8,-20,0,tracking,0,0.0
852,382.078000,2.663,1,2,0.016510,identity,1,,1.0,13,1,0,418.5,311.0,411.326416015625,320.68719482421875,395.00682022094725,338.0586408996582,75.00682022094725,158.0586408996582,-90.66442108154297,96.5080337524414,0,0.8036610303871736,8,-20,0,tracking,0,0.0
853,382.140000,2.726,1,1,0.018624,identity,1,,1.0,13,1,0,422.5,311.0,407.0066223144531,325.4563903808594,390.80773193359374,342.7152101135254,70.80773193359374,162.71521011352542,-89.99383544921875,95.88233184814453,0,0.7521136155225113,8,-20,0,tracking,0,0.0
854,382.187000,3.316,1,2,0.021406,identity,1,,1.0,13,1,0,427.0,310.5,404.59857177734375,328.4991760253906,388.56734649658205,345.6232786560059,68.56734649658205,165.62327865600588,-89.06236267089844,95.13390350341797,0,0.712300839073903,7,-20,0,tracking,0,0.0
855,382.203000,2.836,1,1,0.023030,identity,1,,1.0,13,1,0,431.5,309.5,405.1851501464844,328.56402587890625,389.3386366271973,345.55431228637696,69.33863662719727,165.55431228637696,-88.03618621826172,94.3904800415039,0,0.6863265830734897,8,-20,0,tracking,0,0.0
856,382.250000,4.292,1,3,0.022526,identity,1,,1.0,13,1,0,436.0,307.0,403.4706115722656,331.1978454589844,387.84523361206055,348.0236335754395,67.84523361206055,168.02363357543948,-86.80765533447266,93.47660064697266,0,0.6326636837961577,7,-20,0,tracking,0,0.0
857,382.296000,2.558,1,4,0.028207,identity,1,,1.0,13,1,0,444.0,307.0,402.4920959472656,333.56817626953125,387.1403201293945,350.2188381958008,67.14032012939452,170.2188381958008,-85.28764343261719,92.50367736816406,0,0.5922518025361563,7,-20,0,tracking,0,0.0
858,382.328000,5.415,1,4,0.045590,identity,1,,1.0,13,1,0,456.5,307.0,403.4710388183594,334.5984191894531,388.4546453857422,351.0745344543457,68.4546453857422,171.07453445434572,-83.42440795898438,91.53397369384766,0,0.5422254226510584,7,-20,0,tracking,0,0.0
859,382.359000,3.363,1,8,0.064167,identity,1,,1.0,13,1,0,473.5,307.0,405.4715270996094,335.5135192871094,390.86873321533204,351.81627853393553,70.86873321533204,171.81627853393553,-81.12663269042969,90.57088470458984,0,0.47558603351221007,8,-20,0,tracking,0,0.0
860,382.406000,2.732,1,8,0.097135,identity,1,,1.0,13,1,0,362.5,318.5,399.22711181640625,338.44964599609375,384.4059481811523,354.6337899780273,64.40594818115233,174.63378997802732,-82.33979797363281,89.91191101074219,0,0.5481122305838666,7,-20,0,tracking,0,0.0
861,382.437000,2.970,1,5,0.132617,identity,1,,1.0,13,1,0,431.0,307.0,398.7405090332031,339.1763000488281,384.1044471740723,355.1758187866211,64.10444717407228,175.1758187866211,-81.31145477294922,88.88621520996094,0,0.4938911599072304,7,-20,0,tracking,0,0.0
862,382.484000,2.555,1,6,0.157248,identity,1,,1.0,13,1,0,474.5,306.5,399.6399230957031,341.1676330566406,385.4255110168457,356.9718862915039,65.42551101684569,176.9718862915039,-78.96895599365234,87.80140686035156,0,0.37934934906923246,7,-20,0,tracking,0,0.0
863,382.515000,2.518,1,6,0.159905,identity,1,,1.0,13,1,0,504.0,307.0,403.3492431640625,341.7628479003906,389.68374923706057,357.37751556396483,69.68374923706057,177.37751556396483,-75.9194107055664,86.74815368652344,0,0.2593770690336751,8,-20,0,tracking,0,0.0
864,382.578000,2.763,1,8,0.143073,identity,1,,1.0,13,0,1,,,398.5663146972656,347.22796630859375,384.9008207702637,362.84263397216796,64.90082077026369,182.84263397216796,-75.9194107055664,86.74815368652344,1,0.23895112484727699,7,-20,0,tracking,0,0.0
865,382.609000,3.429,1,9,0.115126,identity,1,,1.0,13,0,1,,,396.2127990722656,349.9171447753906,382.5473051452637,365.53181243896483,62.54730514526369,185.53181243896483,-75.9194107055664,86.74815368652344,2,0.22890026342222017,7,-20,0,tracking,0,0.0
866,382.656000,4.377,1,9,0.131302,identity,1,,1.0,13,1,0,406.0,310.0,393.47442626953125,351.26068115234375,379.8822248840332,366.633914642334,59.88222488403318,186.633914642334,-75.5122299194336,85.40685272216797,0,0.6643812693522769,7,-20,0,tracking,0,0.0
867,382.687000,2.678,1,7,0.153333,identity,1,,1.0,13,0,1,,,391.133544921875,353.9082946777344,377.5413435363769,369.2815281677246,57.54134353637693,189.28152816772462,-75.5122299194336,85.40685272216797,1,0.6386364951648713,6,-20,0,tracking,0,0.0
868,382.734000,2.435,1,9,0.138503,identity,1,,1.0,13,0,1,,,387.58447265625,357.92242431640625,373.9922712707519,373.2956578063965,53.99227127075193,193.2956578063965,-75.5122299194336,85.40685272216797,2,0.599604095590451,6,-20,0,tracking,0,0.0
869,382.765000,2.316,1,11,0.118889,identity,1,,1.0,13,1,0,311.0,337.0,380.44384765625,359.0462646484375,366.4318518066406,374.2862271118164,46.43185180664062,194.2862271118164,-77.84442138671875,84.66645812988281,0,0.46551604428901905,5,-20,0,tracking,0,0.0
870,382.812000,2.921,1,7,0.081207,identity,1,,1.0,13,1,0,454.5,314.5,381.7103271484375,359.95025634765625,368.1272320556641,374.9224105834961,48.12723205566408,194.92241058349612,-75.46163940429688,83.17863464355469,0,0.3549960843413942,5,-20,0,tracking,0,0.0
871,382.843000,3.707,1,6,0.063594,identity,1,,1.0,13,0,1,,,379.3710021972656,362.52880859375,365.7879071044922,377.50096282958987,45.787907104492206,197.50096282958987,-75.46163940429688,83.17863464355469,1,0.3412399860731625,5,-20,0,tracking,0,0.0
872,382.890000,2.380,1,7,0.049583,identity,1,,1.0,13,0,1,,,375.8243103027344,366.4382019042969,362.24121520996096,381.41035614013674,42.241215209960956,201.41035614013674,-75.46163940429688,83.17863464355469,2,0.32038396611811953,5,-20,0,tracking,0,0.0
873,382.921000,2.367,1,7,0.040872,identity,1,,1.0,13,0,1,,,373.4849853515625,369.0167541503906,359.9018902587891,383.9889083862305,39.90189025878908,203.9889083862305,-75.46163940429688,83.17863464355469,3,0.3066278678498879,4,-20,0,tracking,0,0.0
874,382.968000,2.581,1,8,0.040985,identity,1,,1.0,13,0,1,,,369.93829345703125,372.9261474609375,356.35519836425783,387.89830169677737,36.35519836425783,207.89830169677737,-75.46163940429688,83.17863464355469,4,0.2857718478948197,4,-20,0,tracking,0,0.0
875,383.000000,2.339,1,4,0.038685,identity,1,,1.0,13,0,1,,,367.5235290527344,375.5878601074219,353.94043395996096,390.56001434326174,33.940433959960956,210.56001434326174,-75.46163940429688,83.17863464355469,5,0.2715720045211718,4,-20,0,tracking,0,0.0
876,383.046000,2.093,1,6,0.036888,identity,1,,1.0,13,1,0,557.5,316.0,378.25994873046875,374.75665283203125,365.8816954040527,389.33384719848635,45.88169540405272,209.33384719848635,-68.76807403564453,80.98441314697266,0,0.11232421755158828,5,-20,0,tracking,0,0.0
877,383.078000,2.405,1,4,0.027352,identity,1,,1.0,13,0,1,,,376.0593566894531,377.34814453125,363.6811033630371,391.9253388977051,43.681103363037096,211.9253388977051,-68.76807403564453,80.98441314697266,1,0.10783124884952724,5,-20,0,tracking,0,0.0
878,383.125000,2.191,1,4,0.021328,identity,1,,1.0,13,0,1,,,372.8272705078125,381.1544189453125,360.44901718139647,395.7316133117676,40.44901718139647,215.7316133117676,-68.76807403564453,80.98441314697266,2,0.10123220106836785,4,-20,0,tracking,0,0.0
879,383.171000,3.412,1,4,0.023928,identity,1,,1.0,13,0,1,,,369.6639404296875,384.87969970703125,357.28568710327147,399.45689407348635,37.28568710327147,219.45689407348635,-68.76807403564453,80.98441314697266,3,0.09477355855915261,4,-20,0,tracking,0,0.0
880,383.203000,2.417,1,2,0.018494,identity,1,,1.0,13,0,1,,,367.4633483886719,387.47119140625,355.08509506225585,402.0483857727051,35.085095062255846,222.0483857727051,-68.76807403564453,80.98441314697266,4,0.09028058985709157,4,-20,0,tracking,0,0.0
881,383.250000,2.235,1,0,0.005230,identity,1,,1.0,13,0,1,,,364.23126220703125,391.2774658203125,351.8530088806152,405.8546601867676,31.85300888061522,225.8546601867676,-68.76807403564453,80.98441314697266,5,0.08368154207593219,3,-20,0,tracking,0,0.0
882,383.296000,2.232,1,0,0.002678,identity,1,,1.0,13,0,1,,,361.06793212890625,395.00274658203125,348.6896788024902,409.57994094848635,28.68967880249022,229.57994094848635,-68.76807403564453,80.98441314697266,6,0.07722289956671693,3,-20,0,tracking,0,0.0
883,383.328000,3.631,1,0,0.004371,identity,1,,1.0,13,0,1,,,358.8673400878906,397.59423828125,346.4890867614746,412.1714326477051,26.489086761474596,232.1714326477051,-68.76807403564453,80.98441314697266,7,0.0727299308646559,3,-20,0,tracking,0,0.0
884,383.375000,3.295,1,0,0.003008,identity,1,,1.0,13,0,1,,,355.63525390625,401.4005126953125,343.25700057983397,415.9777070617676,23.25700057983397,235.9777070617676,-68.76807403564453,80.98441314697266,8,0.06613088308349652,0,0,0,prediction_stale,0,0.0
885,383.406000,3.613,1,0,0.001137,identity,1,,1.0,13,0,1,,,353.5034484863281,403.9110412597656,341.1251951599121,418.4882356262207,21.125195159912096,238.48823562622073,-68.76807403564453,80.98441314697266,9,0.06177831965337164,0,0,0,prediction_stale,0,0.0
886,383.453000,3.603,1,0,0.000660,identity,1,,1.0,13,0,1,,,350.2713623046875,407.7173156738281,337.89310897827147,422.2945100402832,17.89310897827147,242.29451004028323,-68.76807403564453,80.98441314697266,10,0.055179271872220235,0,0,0,prediction_stale,0,0.0
887,383.484000,3.852,1,0,0.000391,identity,1,,1.0,13,0,1,,,348.1395568847656,410.22784423828125,335.7613035583496,424.80503860473635,15.761303558349596,244.80503860473635,-68.76807403564453,80.98441314697266,11,0.05082670844209536,0,0,0,prediction_stale,0,0.0
888,383.515000,2.376,1,0,0.000000,identity,1,,1.0,13,0,1,,,346.00775146484375,412.7383728027344,333.6294981384277,427.3155671691895,13.62949813842772,247.31556716918948,-68.76807403564453,80.98441314697266,12,0.04647414501197048,0,0,0,prediction_stale,0,0.0
889,383.578000,2.689,1,0,0.000729,identity,1,,1.0,13,0,1,,,,,,,,,0.0,0.0,13,0.0,0,0,0,lost,0,0.0
890,383.609000,3.244,1,0,0.001419,identity,1,,1.0,,0,0,,,,,,,,,0.0,0.0,0,0.0,0,0,0,lost,0,0.0
891,383.640000,2.419,1,0,0.000000,identity,1,,1.0,,0,0,,,,,,,,,0.0,0.0,0,0.0,0,0,0,lost,0,0.0
892,383.703000,3.253,1,0,0.001471,identity,1,,1.0,,0,0,,,,,,,,,0.0,0.0,0,0.0,0,0,0,lost,0,0.0
893,383.734000,3.205,1,0,0.002370,identity,1,,1.0,,0,0,,,,,,,,,0.0,0.0,0,0.0,0,0,0,lost,0,0.0
894,383.765000,3.054,1,0,0.000000,identity,1,,1.0,,0,0,,,,,,,,,0.0,0.0,0,0.0,0,0,0,lost,0,0.0
895,383.812000,3.260,1,0,0.000534,identity,1,,1.0,,0,0,,,,,,,,,0.0,0.0,0,0.0,0,0,0,lost,0,0.0
896,383.843000,2.280,1,0,0.000625,identity,1,,1.0,,0,0,,,,,,,,,0.0,0.0,0,0.0,0,0,0,lost,0,0.0
897,383.890000,3.618,1,0,0.000369,identity,1,,1.0,,0,0,,,,,,,,,0.0,0.0,0,0.0,0,0,0,lost,0,0.0
898,383.921000,2.266,1,0,0.000000,identity,1,,1.0,,0,0,,,,,,,,,0.0,0.0,0,0.0,0,0,0,lost,0,0.0
899,383.968000,3.311,1,0,0.000408,identity,1,,1.0,,0,0,,,,,,,,,0.0,0.0,0,0.0,0,0,0,lost,0,0.0
900,384.000000,4.093,1,0,0.000508,identity,1,,1.0,,0,0,,,,,,,,,0.0,0.0,0,0.0,0,0,0,lost,0,0.0
901,384.046000,3.278,1,0,0.000582,identity,1,,1.0,,0,0,,,,,,,,,0.0,0.0,0,0.0,0,0,0,lost,0,0.0
902,384.078000,2.510,1,0,0.000616,identity,1,,1.0,,0,0,,,,,,,,,0.0,0.0,0,0.0,0,0,0,lost,0,0.0
903,384.125000,3.446,1,0,0.000577,identity,1,,1.0,,0,0,,,,,,,,,0.0,0.0,0,0.0,0,0,0,lost,0,0.0
904,384.171000,1.944,1,0,0.000625,identity,1,,1.0,,0,0,,,,,,,,,0.0,0.0,0,0.0,0,0,0,lost,0,0.0
905,384.203000,2.357,1,0,0.000495,identity,1,,1.0,,0,0,,,,,,,,,0.0,0.0,0,0.0,0,0,0,lost,0,0.0
906,384.250000,2.509,1,0,0.000590,identity,1,,1.0,,0,0,,,,,,,,,0.0,0.0,0,0.0,0,0,0,lost,0,0.0
907,384.281000,1.833,1,0,0.000386,identity,1,,1.0,,0,0,,,,,,,,,0.0,0.0,0,0.0,0,0,0,lost,0,0.0
908,384.328000,3.053,1,0,0.000000,identity,1,,1.0,,0,0,,,,,,,,,0.0,0.0,0,0.0,0,0,0,lost,0,0.0
909,384.359000,3.026,1,0,0.000000,identity,1,,1.0,,0,0,,,,,,,,,0.0,0.0,0,0.0,0,0,0,lost,0,0.0
910,384.406000,2.704,1,0,0.000000,identity,1,,1.0,,0,0,,,,,,,,,0.0,0.0,0,0.0,0,0,0,lost,0,0.0
911,384.453000,2.204,1,0,0.000903,identity,1,,1.0,,0,0,,,,,,,,,0.0,0.0,0,0.0,0,0,0,lost,0,0.0
912,384.484000,1.897,1,0,0.001879,identity,1,,1.0,,0,0,,,,,,,,,0.0,0.0,0,0.0,0,0,0,lost,0,0.0
913,384.531000,2.377,1,1,0.003772,identity,1,,1.0,14,1,0,590.0,330.5,590.0,330.5,590.0,330.5,270.0,150.5,0.0,0.0,0,0.8555690072639226,20,-20,0,tracking,0,0.0
914,384.562000,2.750,1,0,0.002969,identity,1,,1.0,14,0,1,,,590.0,330.5,590.0,330.5,270.0,150.5,0.0,0.0,1,0.8224157082324393,20,-20,0,tracking,0,0.0
915,384.609000,3.801,1,0,0.004084,identity,1,,1.0,14,0,1,,,590.0,330.5,590.0,330.5,270.0,150.5,0.0,0.0,2,0.7721510290557174,20,-20,0,tracking,0,0.0
916,384.656000,2.458,1,1,0.004852,identity,1,,1.0,14,1,0,596.0,312.0,594.4298095703125,316.8414306640625,594.5279687428474,316.5387732243538,274.5279687428474,136.5387732243538,0.5453287363052368,-1.6814302206039429,0,0.8376372922944304,20,-20,0,tracking,0,0.0
917,384.687000,2.093,1,1,0.006580,identity,1,,1.0,14,1,0,588.0,303.5,591.6910400390625,311.1087646484375,591.6722225551307,310.5649707174301,271.6722225551307,130.56497071743013,-0.10454157739877701,-3.0210773944854736,0,0.6149712251744366,20,-20,0,tracking,0,0.0
918,384.734000,2.409,1,1,0.005195,identity,1,,1.0,14,1,0,599.0,312.5,593.9313354492188,311.43743896484375,594.1215694284439,310.93746906757355,274.1215694284439,130.93746906757355,1.0568554401397705,-2.7776105403900146,0,0.8438777070042338,20,-20,0,tracking,0,0.0
919,384.765000,2.389,1,1,0.007344,identity,1,,1.0,14,0,1,,,593.964111328125,311.351318359375,594.1543453073501,310.8513484621048,274.1543453073501,130.8513484621048,1.0568554401397705,-2.7776105403900146,1,0.8111774458578135,20,-20,0,tracking,0,0.0
920,384.812000,2.485,1,2,0.011866,identity,1,,1.0,14,1,0,601.0,316.5,595.8179321289062,312.5840759277344,596.3523326206207,312.3441808271408,276.3523326206207,132.3441808271408,2.9688916206359863,-1.3327505588531494,0,0.8518032197404158,20,-20,0,tracking,0,0.0
921,384.843000,3.289,1,1,0.019622,identity,1,,1.0,14,0,1,,,595.9099731445312,312.5427551269531,596.4443736362457,312.30286002635955,276.4443736362457,132.30286002635955,2.9688916206359863,-1.3327505588531494,1,0.8187958449754684,20,-20,0,tracking,0,0.0
922,384.890000,2.177,1,1,0.025204,identity,1,,1.0,14,0,1,,,596.0494995117188,312.4801025390625,596.5839000034332,312.24020743846893,276.5839000034332,132.24020743846893,2.9688916206359863,-1.3327505588531494,2,0.7687524058157524,20,-20,0,tracking,0,0.0
923,384.921000,2.609,1,1,0.027222,identity,1,,1.0,14,0,1,,,596.1415405273438,312.43878173828125,596.6759410190582,312.1988866376877,276.6759410190582,132.19888663768768,2.9688916206359863,-1.3327505588531494,3,0.735745031050805,20,-20,0,tracking,0,0.0
924,384.968000,2.495,1,1,0.029284,identity,1,,1.0,14,0,1,,,596.2810668945312,312.3761291503906,596.8154673862457,312.13623404979705,276.8154673862457,132.13623404979705,2.9688916206359863,-1.3327505588531494,4,0.6857015918910284,20,-20,0,tracking,0,0.0
925,385.015000,2.356,1,1,0.020126,identity,1,,1.0,14,0,1,,,596.4205932617188,312.3134765625,596.9549937534332,312.07358146190643,276.9549937534332,132.07358146190643,2.9688916206359863,-1.3327505588531494,5,0.6356581527313124,20,-20,0,tracking,0,0.0
926,385.046000,2.402,1,1,0.009097,identity,1,,1.0,14,0,1,,,596.5126342773438,312.27215576171875,597.0470347690582,312.0322606611252,277.0470347690582,132.03226066112518,2.9688916206359863,-1.3327505588531494,6,0.602650777966365,20,-20,0,tracking,0,0.0
927,385.093000,3.207,1,0,0.007227,identity,1,,1.0,14,0,1,,,596.6521606445312,312.2095031738281,597.1865611362457,311.96960807323455,277.1865611362457,131.96960807323455,2.9688916206359863,-1.3327505588531494,7,0.5526073388065885,20,-20,0,tracking,0,0.0
928,385.125000,2.347,1,0,0.004974,identity,1,,1.0,14,0,1,,,596.7471923828125,312.1668701171875,597.281592874527,311.92697501659393,277.28159287452695,131.92697501659393,2.9688916206359863,-1.3327505588531494,8,0.5185352100169908,0,0,0,prediction_stale,0,0.0
929,385.171000,2.448,1,0,0.010247,identity,1,,1.0,14,0,1,,,596.8837890625,312.1055603027344,597.4181895542145,311.8656652021408,277.41818955421445,131.8656652021408,2.9688916206359863,-1.3327505588531494,9,0.46955652488192506,0,0,0,prediction_stale,0,0.0
930,385.203000,2.356,1,0,0.005799,identity,1,,1.0,14,0,1,,,596.9788208007812,312.06292724609375,597.5132212924957,311.8230321455002,277.5132212924957,131.82303214550018,2.9688916206359863,-1.3327505588531494,10,0.4354843960923273,0,0,0,prediction_stale,0,0.0
931,385.250000,2.822,1,0,0.007370,identity,1,,1.0,14,0,1,,,597.1183471679688,312.0002746582031,597.6527476596832,311.76037955760955,277.6527476596832,131.76037955760955,2.9688916206359863,-1.3327505588531494,11,0.38544095693255076,0,0,0,prediction_stale,0,0.0
932,385.296000,2.844,1,13,0.228008,identity,1,,1.0,14,1,0,539.0,349.5,566.3341064453125,331.87579345703125,559.3387439727783,336.4908628845215,239.33874397277827,156.4908628845215,-38.86312484741211,25.63927459716797,0,0.7724428856112017,20,-20,0,tracking,0,0.0
933,385.328000,3.938,1,10,0.341931,identity,1,,1.0,14,1,0,554.0,347.0,561.0269775390625,337.9371337890625,553.0626181793212,343.801944732666,233.06261817932125,163.80194473266602,-44.24644088745117,32.58228302001953,0,0.8028324929158314,20,-20,0,tracking,0,0.0
934,385.375000,2.722,1,10,0.136519,identity,1,,1.0,14,0,1,,,558.9473876953125,339.468505859375,550.9830283355712,345.3333168029785,230.98302833557125,165.33331680297852,-44.24644088745117,32.58228302001953,1,0.7556660839570007,20,-20,0,tracking,0,0.0
935,385.406000,2.805,1,9,0.309640,identity,1,,1.0,14,1,0,553.5,347.0,556.3128051757812,342.4992980957031,548.0581005096435,348.8286803436279,228.0581005096435,168.82868034362792,-45.85947036743164,35.16323471069336,0,0.9061668544018802,20,-20,0,tracking,0,0.0
936,385.453000,3.174,1,6,0.093142,identity,1,,1.0,14,1,0,611.5,329.0,568.994384765625,340.23150634765625,564.0922576904297,345.6750170135498,244.09225769042973,165.6750170135498,-27.234039306640625,30.24172592163086,0,0.5583042414013892,20,-20,0,tracking,0,0.0
937,385.484000,3.426,1,17,0.319779,identity,1,,1.0,14,1,0,479.5,328.5,548.7789306640625,338.4006652832031,539.5322869110107,343.22330043792726,219.53228691101071,163.22330043792726,-51.370243072509766,26.792417526245117,0,0.2987074502470941,20,-20,0,tracking,0,0.0
938,385.531000,2.524,1,8,0.069753,identity,1,,1.0,14,1,0,588.0,292.0,554.5733032226562,330.2633056640625,547.1532230377197,332.99508413314817,227.15322303771973,152.99508413314817,-41.2226676940918,15.176547050476074,0,0.3851843484574191,20,-20,0,tracking,0,0.0
939,385.562000,4.165,1,14,0.195035,identity,1,,1.0,14,1,0,569.0,288.0,556.0513916015625,323.2344665527344,549.2421924591065,324.30397598266603,229.2421924591065,144.30397598266603,-37.82888412475586,5.941719055175781,0,0.6529821864913339,20,-20,0,tracking,0,0.0
940,385.609000,2.570,1,11,0.380616,identity,1,,1.0,14,1,0,572.0,339.5,557.190673828125,326.1445617675781,551.0247365570068,327.79418125152586,231.0247365570068,147.79418125152586,-34.25520706176758,9.164552688598633,0,0.7537996544008837,20,-20,0,tracking,0,0.0
941,385.640000,4.532,1,9,0.433720,identity,1,,1.0,14,1,0,597.5,315.5,562.3663330078125,324.78094482421875,557.5710294342041,326.06849673271176,237.5710294342041,146.06849673271176,-26.640575408935547,7.153066158294678,0,0.49874115273956054,20,-20,0,tracking,0,0.0
942,385.687000,2.520,1,7,0.457287,identity,1,,1.0,14,1,0,605.0,291.5,567.460693359375,320.2556457519531,564.0515602111816,320.48137217998504,244.0515602111816,140.48137217998504,-18.93962860107422,1.2540357112884521,0,0.5914880368248304,20,-20,0,tracking,0,0.0
943,385.718000,3.064,1,9,0.403715,identity,1,,1.0,14,1,0,603.5,295.0,571.8131713867188,316.8831481933594,569.47792760849,316.3672382068634,249.47792760848995,136.36723820686342,-12.973576545715332,-2.866166591644287,0,0.6815365683127458,20,-20,0,tracking,0,0.0
944,385.765000,3.565,1,15,0.163290,identity,1,,1.0,14,1,0,607.5,292.5,575.9658203125,313.5668640136719,574.6572805690765,312.3650496673584,254.65728056907653,132.3650496673584,-7.269665241241455,-6.676746368408203,0,0.6115247043354193,20,-20,0,tracking,0,0.0
945,385.812000,2.570,1,6,0.101558,identity,1,,1.0,14,1,0,606.5,292.0,579.5756225585938,310.5330810546875,579.1095222663879,308.7513829040527,259.1095222663879,128.75138290405272,-2.5894460678100586,-9.898323059082031,0,0.6579502089338847,20,-20,0,tracking,0,0.0
946,385.843000,6.600,1,13,0.255161,identity,1,,1.0,14,1,0,607.5,293.0,582.884765625,308.141357421875,583.1354703712464,305.9187377548218,263.13547037124636,125.91873775482179,1.3928041458129883,-12.34788703918457,0,0.724369695144782,20,-20,0,tracking,0,0.0
947,385.890000,2.605,1,4,0.193984,identity,1,,1.0,14,0,1,,,582.9502563476562,307.5610046386719,583.2009610939026,305.33838497161867,263.2009610939026,125.33838497161867,1.3928041458129883,-12.34788703918457,1,0.6818129755550545,20,-20,0,tracking,0,0.0
948,385.921000,3.785,1,6,0.232843,identity,1,,1.0,14,1,0,611.0,282.5,586.541748046875,304.0516052246094,587.5237398719787,301.18460634231565,267.5237398719787,121.18460634231565,5.455510139465332,-15.92777156829834,0,0.6225121103833777,20,-20,0,tracking,0,0.0
949,385.968000,3.717,1,11,0.236215,identity,1,,1.0,14,1,0,608.0,291.5,589.41748046875,301.8448486328125,590.9291829109192,298.68296142578123,270.92918291091917,118.68296142578123,8.398346900939941,-17.5660400390625,0,0.757311891329081,20,-20,0,tracking,0,0.0
950,386.000000,3.294,1,3,0.184740,identity,1,,1.0,14,0,1,,,589.6862182617188,301.2827453613281,591.1979207038879,298.12085815429685,271.1979207038879,118.12085815429685,8.398346900939941,-17.5660400390625,1,0.7270194156759346,20,-20,0,tracking,0,0.0
951,386.046000,3.168,1,11,0.252396,identity,1,,1.0,14,1,0,609.0,291.0,592.4952392578125,299.261962890625,594.4799434661866,295.86330039978026,274.47994346618657,115.86330039978026,11.026134490966797,-18.881458282470703,0,0.7928548972858056,20,-20,0,tracking,0,0.0
952,386.093000,2.538,1,10,0.180720,identity,1,,1.0,14,1,0,615.5,227.5,595.80224609375,289.58465576171875,598.3192464828492,284.50826526641845,278.31924648284917,104.50826526641845,13.983335494995117,-28.20216941833496,0,0.47631843931414664,20,-20,0,tracking,0,0.0
953,386.140000,2.790,1,7,0.134709,identity,1,,1.0,14,0,1,,,596.45947265625,288.2591552734375,598.9764730453492,283.1827647781372,278.97647304534917,103.1827647781372,13.983335494995117,-28.20216941833496,1,0.4483347310044592,20,-20,0,tracking,0,0.0
954,386.156000,3.690,1,12,0.221597,identity,1,,1.0,14,1,0,608.5,285.0,598.1477661132812,287.4599304199219,600.935789604187,282.3191390991211,280.935789604187,102.31913909912112,15.489019393920898,-28.559951782226562,0,0.7782881910183221,20,-20,0,tracking,0,0.0
955,386.203000,2.585,1,7,0.103602,identity,1,,1.0,14,0,1,,,598.875732421875,286.11761474609375,601.6637559127807,280.976823425293,281.66375591278074,100.97682342529299,15.489019393920898,-28.559951782226562,1,0.7325637597960263,20,-20,0,tracking,0,0.0
956,386.265000,6.050,1,11,0.162127,identity,1,,1.0,14,1,0,611.0,285.0,601.3269653320312,284.4341125488281,604.3754897689819,279.3085609817505,284.3754897689819,99.30856098175047,16.936246871948242,-28.47528648376465,0,0.7704972361115914,20,-19,0,tracking,0,0.0
957,386.281000,3.063,1,14,0.159132,identity,1,,1.0,14,1,0,598.5,192.5,601.222900390625,272.9036560058594,604.206436920166,265.85910018920896,284.20643692016597,85.85910018920896,16.57520294189453,-39.13642120361328,0,0.27734727190036734,20,-17,0,tracking,0,0.0
958,386.328000,3.373,1,5,0.083971,identity,1,,1.0,14,0,1,,,602.001953125,271.0642395019531,604.985489654541,264.0196836853027,284.98548965454097,84.01968368530271,16.57520294189453,-39.13642120361328,1,0.2610531196762316,20,-16,0,tracking,0,0.0
959,386.359000,6.018,1,11,0.128255,identity,1,,1.0,14,1,0,610.5,281.5,603.498046875,271.2840881347656,606.6451883697509,264.47823295593264,286.64518836975094,84.47823295593264,17.484119415283203,-37.810306549072266,0,0.7822582245786509,20,-16,0,tracking,0,0.0
960,386.406000,2.411,1,3,0.064701,identity,1,,1.0,14,0,1,,,604.31982421875,269.50701904296875,607.4669657135009,262.70116386413576,287.46696571350094,82.70116386413576,17.484119415283203,-37.810306549072266,1,0.7363005538846302,20,-16,0,tracking,0,0.0
961,386.453000,2.149,1,6,0.087253,identity,1,,1.0,14,1,0,614.0,282.0,606.268798828125,269.5457763671875,609.5947953414917,263.02804039001467,289.5947953414917,83.02804039001467,18.477758407592773,-36.20964431762695,0,0.7508797326415821,20,-16,0,tracking,0,0.0
962,386.484000,2.834,1,8,0.078602,identity,1,,1.0,14,1,0,606.0,191.0,606.741943359375,259.2539978027344,610.0523698425293,251.30392135620116,290.0523698425293,71.30392135620116,18.391258239746094,-44.167091369628906,0,0.433761062105225,20,-14,0,tracking,0,0.0
963,386.531000,2.433,1,4,0.022995,identity,1,,1.0,14,0,1,,,607.6063232421875,257.1781311035156,610.9167497253418,249.2280546569824,290.9167497253418,69.22805465698241,18.391258239746094,-44.167091369628906,1,0.40827759970652927,20,-13,0,tracking,0,0.0
964,386.562000,3.999,1,11,0.088776,identity,1,,1.0,14,1,0,611.5,278.0,608.5724487304688,258.452880859375,611.942421798706,250.90039207458497,291.94242179870605,70.90039207458497,18.72207260131836,-41.95827102661133,0,0.7545999721163165,20,-14,0,tracking,0,0.0
965,386.609000,2.117,1,1,0.021780,identity,1,,1.0,14,0,1,,,609.452392578125,256.4808349609375,612.8223656463623,248.92834617614747,292.8223656463623,68.92834617614747,18.72207260131836,-41.95827102661133,1,0.7102672237545125,20,-13,0,tracking,0,0.0
966,386.640000,2.844,1,6,0.076510,identity,1,,1.0,14,0,1,,,610.0327758789062,255.1801300048828,613.4027489471436,247.62764122009278,293.40274894714355,67.62764122009278,18.72207260131836,-41.95827102661133,2,0.6810264748349997,20,-13,0,tracking,0,0.0
967,386.687000,2.684,1,9,0.092096,identity,1,,1.0,14,1,0,612.0,190.0,611.0511474609375,245.15957641601562,614.4406998825074,236.4688614654541,294.4406998825074,56.4688614654541,18.830846786499023,-48.2817497253418,0,0.6249603138736166,20,-11,0,tracking,0,0.0
968,386.718000,2.569,1,1,0.006115,identity,1,,1.0,14,0,1,,,611.6348876953125,243.662841796875,615.0244401168824,234.97212684631347,295.0244401168824,54.97212684631347,18.830846786499023,-48.2817497253418,1,0.6007431017110093,20,-11,0,tracking,0,0.0
969,386.765000,2.926,1,8,0.080069,identity,1,,1.0,14,1,0,612.0,281.5,612.4546508789062,246.43002319335938,615.83531124115,238.42518814086915,295.83531124114995,58.42518814086915,18.78144645690918,-44.47130584716797,0,0.6846855823767806,20,-11,0,tracking,0,0.0
970,386.812000,2.107,1,0,0.008381,identity,1,,1.0,14,0,1,,,613.33740234375,244.33987426757812,616.7180627059937,236.3350392150879,296.7180627059937,56.3350392150879,18.78144645690918,-44.47130584716797,1,0.6444603044121229,20,-11,0,tracking,0,0.0
971,386.843000,2.485,1,6,0.046042,identity,1,,1.0,14,0,1,,,613.9196166992188,242.9612579345703,617.3002770614625,234.9564228820801,297.30027706146245,54.95642288208009,18.78144645690918,-44.47130584716797,2,0.6179287380950176,20,-11,0,tracking,0,0.0
972,386.890000,2.721,1,5,0.066888,identity,1,,1.0,14,0,1,,,614.8023681640625,240.87110900878906,618.1830285263062,232.86627395629884,298.1830285263062,52.86627395629884,18.78144645690918,-44.47130584716797,3,0.5777034601304086,20,-10,0,tracking,0,0.0
973,386.921000,2.375,1,0,0.001272,identity,1,,1.0,14,0,1,,,615.3845825195312,239.49249267578125,618.765242881775,231.48765762329103,298.76524288177495,51.48765762329103,18.78144645690918,-44.47130584716797,4,0.5511718938133033,20,-10,0,tracking,0,0.0
974,386.968000,2.513,1,2,0.026372,identity,1,,1.0,14,0,1,,,616.267333984375,237.40234375,619.6479943466187,229.39750869750978,299.6479943466187,49.39750869750978,18.78144645690918,-44.47130584716797,5,0.5109466158486456,20,-10,0,tracking,0,0.0
975,387.000000,2.143,1,3,0.015838,identity,1,,1.0,14,1,0,418.0,298.0,587.1307373046875,245.25347900390625,586.8912012767792,238.3776683807373,266.89120127677916,58.377668380737305,-1.3307557106018066,-38.19894790649414,0,0.1295677839338476,20,-11,0,tracking,0,0.0
976,387.046000,2.341,1,4,0.063754,identity,1,,1.0,14,0,1,,,587.0695190429688,243.49632263183594,586.8299830150604,236.620512008667,266.8299830150604,56.62051200866699,-1.3307557106018066,-38.19894790649414,1,0.12211763635765262,20,-11,0,tracking,0,0.0
977,387.093000,2.541,1,5,0.043841,identity,1,,1.0,14,0,1,,,587.0069580078125,241.7009735107422,586.7674219799042,234.82516288757324,266.76742197990416,54.82516288757324,-1.3307557106018066,-38.19894790649414,2,0.11450552905153495,20,-11,0,tracking,0,0.0
978,387.125000,3.304,1,3,0.027300,identity,1,,1.0,14,0,1,,,586.96435546875,240.47860717773438,586.7248194408417,233.60279655456543,266.72481944084166,53.60279655456543,-1.3307557106018066,-38.19894790649414,3,0.10932281769418392,20,-10,0,tracking,0,0.0
979,387.171000,2.252,1,4,0.054379,identity,1,,1.0,14,1,0,439.0,286.0,563.623779296875,246.1629180908203,560.763395729065,240.1248843383789,240.763395729065,60.124884338378905,-15.891019821166992,-33.54463195800781,0,0.26854350802355764,20,-12,0,tracking,0,0.0
980,387.203000,1.934,1,0,0.003186,identity,1,,1.0,14,0,1,,,563.1152954101562,245.08949279785156,560.2549118423462,239.05145904541016,240.25491184234625,59.051459045410155,-15.891019821166992,-33.54463195800781,1,0.2578017677026213,20,-11,0,tracking,0,0.0
981,387.250000,4.095,1,4,0.028303,identity,1,,1.0,14,0,1,,,562.368408203125,243.5128936767578,559.508024635315,237.4748599243164,239.508024635315,57.474859924316405,-15.891019821166992,-33.54463195800781,2,0.24202483660622873,20,-11,0,tracking,0,0.0
982,387.281000,2.399,1,0,0.000195,identity,1,,1.0,14,0,1,,,561.8757934570312,242.47300720214844,559.0154098892212,236.43497344970703,239.01540988922125,56.43497344970703,-15.891019821166992,-33.54463195800781,3,0.2316187756703139,20,-11,0,tracking,0,0.0
983,387.328000,3.721,1,4,0.027422,identity,1,,1.0,14,1,0,419.5,305.5,538.4837036132812,251.2259521484375,533.2392154312133,246.2754203414917,213.23921543121332,66.2754203414917,-29.136045455932617,-27.502954483032227,0,0.23345441245964194,20,-13,0,tracking,0,0.0
984,387.375000,2.556,1,2,0.012418,identity,1,,1.0,14,0,1,,,537.1143188476562,249.93331909179688,531.8698306655883,244.98278728485107,211.86983066558832,64.98278728485107,-29.136045455932617,-27.502954483032227,1,0.21973896572763055,20,-13,0,tracking,0,0.0
985,387.406000,2.064,1,0,0.004041,identity,1,,1.0,14,0,1,,,536.2111206054688,249.0807342529297,530.9666324234008,244.13020244598388,210.96663242340082,64.13020244598388,-29.136045455932617,-27.502954483032227,2,0.2106926072448177,20,-12,0,tracking,0,0.0
986,387.437000,3.022,1,0,0.006853,identity,1,,1.0,14,0,1,,,535.3079223632812,248.2281494140625,530.0634341812133,243.2776176071167,210.06343418121332,63.277617607116696,-29.136045455932617,-27.502954483032227,3,0.20164624876200485,20,-12,0,tracking,0,0.0
987,387.484000,3.756,1,2,0.011701,identity,1,,1.0,14,0,1,,,533.9385375976562,246.93551635742188,528.6940494155883,241.98498455047607,208.69404941558832,61.98498455047607,-29.136045455932617,-27.502954483032227,4,0.18793080203001003,20,-12,0,tracking,0,0.0
988,387.531000,2.443,1,4,0.032088,identity,1,,1.0,14,1,0,414.0,285.5,512.7357788085938,252.30987548828125,505.56419151306153,248.00713981628417,185.56419151306153,68.00713981628417,-39.8421516418457,-23.90408706665039,0,0.34798281204645265,20,-13,0,tracking,0,0.0
989,387.562000,4.084,1,0,0.000000,identity,1,,1.0,14,0,1,,,511.50067138671875,251.56884765625,504.32908409118653,247.26611198425292,184.32908409118653,67.26611198425292,-39.8421516418457,-23.90408706665039,1,0.33449847807965005,20,-13,0,tracking,0,0.0
990,387.609000,2.236,1,0,0.016445,identity,1,,1.0,14,0,1,,,509.6280822753906,250.4453582763672,502.4564949798584,246.1426226043701,182.4564949798584,66.1426226043701,-39.8421516418457,-23.90408706665039,2,0.3140544878719346,20,-13,0,tracking,0,0.0
991,387.640000,6.137,1,1,0.011194,identity,1,,1.0,14,0,1,,,508.3929748535156,249.70433044433594,501.2213875579834,245.40159477233885,181.2213875579834,65.40159477233885,-39.8421516418457,-23.90408706665039,3,0.300570153905132,20,-13,0,tracking,0,0.0
992,387.687000,2.999,1,3,0.043090,identity,1,,1.0,14,1,0,629.5,127.5,526.7628784179688,228.65087890625,521.4500975036622,222.51803657531738,201.45009750366216,42.51803657531738,-29.51544952392578,-34.071346282958984,0,0.09891405169507306,20,-8,0,tracking,0,0.0
993,387.718000,4.286,1,5,0.043251,identity,1,,1.0,14,1,0,432.5,286.0,512.2939453125,236.07504272460938,505.74925987243654,230.71297061920166,185.74925987243654,50.712970619201656,-36.3593635559082,-29.789289474487305,0,0.2943656679681924,20,-10,0,tracking,0,0.0
994,387.765000,4.433,1,2,0.020004,identity,1,,1.0,14,0,1,,,510.5850524902344,234.67494201660156,504.0403670501709,229.31286991119384,184.04036705017091,49.31286991119384,-36.3593635559082,-29.789289474487305,1,0.2770716849750727,20,-10,0,tracking,0,0.0
995,387.812000,3.098,1,2,0.019149,identity,1,,1.0,14,1,0,621.0,168.5,524.2951049804688,224.3671875,519.1123922348022,218.21829277038574,199.1123922348022,38.218292770385744,-28.792848587036133,-34.160526275634766,0,0.2479205589625273,20,-7,0,tracking,0,0.0
996,387.843000,5.122,1,4,0.040065,identity,1,,1.0,14,0,1,,,523.4025268554688,223.30821228027344,518.2198141098022,217.15931755065918,198.2198141098022,37.15931755065918,-28.792848587036133,-34.160526275634766,1,0.23831363730272753,20,-7,0,tracking,0,0.0
997,387.890000,2.449,1,4,0.044036,identity,1,,1.0,14,1,0,626.5,178.5,535.5416259765625,216.12197875976562,531.5251473236084,209.49070938110353,211.5251473236084,29.490709381103528,-22.313770294189453,-36.84038543701172,0,0.3006150535794253,20,-6,0,tracking,0,0.0
998,387.921000,4.763,1,1,0.010056,identity,1,,1.0,14,1,0,627.0,152.5,545.6716918945312,207.6425018310547,542.5833269119263,200.38194999694824,222.5833269119263,20.381949996948237,-17.157583236694336,-40.33639907836914,0,0.31446321715489955,20,-4,0,tracking,0,0.0
999,387.968000,4.387,1,5,0.044983,identity,1,,1.0,14,0,1,,,544.8652954101562,205.74668884277344,541.7769304275513,198.486137008667,221.7769304275513,18.486137008666987,-17.157583236694336,-40.33639907836914,1,0.2959885031470392,20,-4,0,tracking,0,0.0
1000,388.000000,2.774,1,6,0.037982,identity,1,,1.0,14,1,0,632.0,105.5,554.1649780273438,193.34107971191406,551.9061445045471,185.14435676574706,231.90614450454711,5.144356765747062,-12.54907512664795,-45.537349700927734,0,0.13855294598724188,20,0,0,tracking,0,0.0
1001,388.046000,4.028,1,0,0.006576,identity,1,,1.0,14,0,1,,,553.5877075195312,191.24636840820312,551.3288739967346,183.04964546203612,231.32887399673461,3.049645462036125,-12.54907512664795,-45.537349700927734,1,0.13058615159297682,20,0,0,tracking,0,0.0
1002,388.093000,2.169,1,0,0.011289,identity,1,,1.0,14,0,1,,,552.9979248046875,189.10610961914062,550.7390912818909,180.90938667297362,230.73909128189086,0.9093866729736249,-12.54907512664795,-45.537349700927734,2,0.12244616601622194,20,0,0,tracking,0,0.0
1003,388.140000,2.240,1,2,0.045642,identity,1,,1.0,14,0,1,,,552.4081420898438,186.96585083007812,550.1493085670471,178.76912788391112,230.14930856704711,-1.2308721160888751,-12.54907512664795,-45.537349700927734,3,0.11430618043947692,20,0,0,tracking,0,0.0
1004,388.156000,2.033,1,2,0.057148,identity,1,,1.0,14,0,1,,,552.2073364257812,186.2372589111328,549.9485029029846,178.0405359649658,229.94850290298461,-1.9594640350341876,-12.54907512664795,-45.537349700927734,4,0.11153512151972869,20,0,0,tracking,0,0.0
1005,388.203000,3.067,1,3,0.058494,identity,1,,1.0,14,1,0,410.5,219.5,534.8024291992188,188.3155059814453,531.1877669143677,180.4589279937744,211.18776691436767,0.4589279937744095,-20.081457138061523,-43.64765548706055,0,0.33155420235502386,20,0,0,tracking,0,0.0
1006,388.250000,3.742,1,2,0.056589,identity,1,,1.0,14,0,1,,,533.8585815429688,186.26406860351562,530.2439192581177,178.40749061584472,210.24391925811767,-1.592509384155278,-20.081457138061523,-43.64765548706055,1,0.31207539296665565,20,0,0,tracking,0,0.0
1007,388.281000,2.221,1,3,0.056306,identity,1,,1.0,14,1,0,420.5,218.0,520.46875,188.65830993652344,515.8404121780395,181.09925407409668,195.84041217803951,1.0992540740966774,-25.712987899780273,-41.994754791259766,0,0.3486684290952555,20,0,0,tracking,0,0.0
1008,388.328000,3.423,1,4,0.057383,identity,1,,1.0,14,1,0,424.5,220.0,509.25689697265625,190.2014923095703,503.84084663391116,182.91937705993652,183.84084663391116,2.9193770599365223,-30.089168548583984,-40.45619583129883,0,0.360496117025513,20,0,0,tracking,0,0.0
1009,388.359000,3.144,1,5,0.054731,identity,1,,1.0,14,1,0,430.0,222.5,500.6602783203125,192.23040771484375,494.64355049133303,185.2056121826172,174.64355049133303,5.2056121826171875,-33.426265716552734,-39.026641845703125,0,0.36938197128072014,19,0,0,tracking,0,0.0
1010,388.406000,3.273,1,3,0.053086,identity,1,,1.0,14,1,0,439.0,217.0,493.5312194824219,192.85690307617188,487.081467590332,186.0238237762451,167.081467590332,6.023823776245109,-35.83195495605469,-37.961551666259766,0,0.4599073101419986,18,0,0,tracking,0,0.0
1011,388.437000,3.121,1,3,0.056050,identity,1,,1.0,14,1,0,440.0,216.5,487.8722229003906,193.83358764648438,481.06927360534667,187.16773948669433,161.06927360534667,7.16773948669433,-37.79416275024414,-37.03248977661133,0,0.5143590926326633,18,0,0,tracking,0,0.0
1012,388.484000,2.257,1,5,0.058941,identity,1,,1.0,14,1,0,470.5,214.0,484.8035888671875,193.90830993652344,477.90068252563475,187.3828677368164,157.90068252563475,7.382867736816394,-38.34947967529297,-36.25245666503906,0,0.7440391310250942,17,0,0,tracking,0,0.0
1013,388.531000,2.254,1,4,0.053963,identity,1,,1.0,14,1,0,435.0,212.5,479.18890380859375,193.81631469726562,471.99202255249025,187.4151690673828,151.99202255249025,7.415169067382806,-39.98267364501953,-35.561920166015625,0,0.6161922020017048,17,0,0,tracking,0,0.0
1014,388.562000,2.605,1,5,0.047795,identity,1,,1.0,14,1,0,464.5,190.5,476.93524169921875,192.5469512939453,469.6602655029297,186.13295028686522,149.6602655029297,6.132950286865224,-40.416534423828125,-35.633338928222656,0,0.6697009388829376,16,0,0,tracking,0,0.0
1015,388.609000,3.689,1,6,0.049983,identity,1,,1.0,14,1,0,466.0,186.5,474.3780212402344,190.553955078125,467.0524708557129,184.1154820251465,147.0524708557129,4.115482025146491,-40.69750213623047,-35.76929473876953,0,0.7395821674905807,16,0,0,tracking,0,0.0
1016,388.640000,2.187,1,5,0.039132,identity,1,,1.0,14,1,0,470.5,184.0,472.9344482421875,189.0664520263672,465.59491088867185,182.59887069702148,145.59491088867185,2.598870697021482,-40.77520751953125,-35.931007385253906,0,0.8161336466936185,16,0,0,tracking,0,0.0
1017,388.687000,2.187,1,2,0.015924,identity,1,,1.0,14,1,0,438.0,277.0,468.7891845703125,193.42750549316406,461.27828521728514,187.42505989074706,141.27828521728514,7.425059890747065,-41.72721862792969,-33.346920013427734,0,0.37815279623021425,15,0,0,tracking,0,0.0
1018,388.718000,2.115,1,2,0.013928,identity,1,,1.0,14,1,0,439.0,277.5,465.64849853515625,197.9105224609375,457.99550338745115,192.33246532440185,137.99550338745115,12.332465324401852,-42.516639709472656,-30.989206314086914,0,0.3977118756126595,15,0,0,tracking,0,0.0
1019,388.765000,2.376,1,7,0.054462,identity,1,,1.0,14,1,0,465.5,180.5,463.76715087890625,195.4454803466797,456.1231645202637,189.78972652435303,136.12316452026369,9.789726524353028,-42.466590881347656,-31.420854568481445,0,0.7407757437285392,15,0,0,tracking,0,0.0
1020,388.796000,2.164,1,3,0.079622,identity,1,,1.0,14,0,1,,,462.45068359375,194.471435546875,454.80669723510744,188.81568172454834,134.80669723510744,8.815681724548341,-42.466590881347656,-31.420854568481445,1,0.7120706836590528,15,0,0,tracking,0,0.0
1021,388.843000,2.265,1,2,0.092917,identity,1,,1.0,14,0,1,,,460.4547424316406,192.99465942382812,452.81075607299806,187.33890560150147,132.81075607299806,7.338905601501466,-42.466590881347656,-31.420854568481445,2,0.6685501087149776,15,0,0,tracking,0,0.0
1022,388.875000,2.247,1,1,0.103529,identity,1,,1.0,14,0,1,,,459.0958251953125,191.98919677734375,451.45183883666994,186.3334429550171,131.45183883666994,6.333442955017091,-42.466590881347656,-31.420854568481445,3,0.6389190789658524,14,0,0,tracking,0,0.0
1023,388.921000,2.749,1,1,0.106714,identity,1,,1.0,14,0,1,,,457.1423645019531,190.54383850097656,449.49837814331056,184.8880846786499,129.49837814331056,4.8880846786499035,-42.466590881347656,-31.420854568481445,4,0.5963244737014686,14,0,0,tracking,0,0.0
1024,388.968000,2.698,1,2,0.104861,identity,1,,1.0,14,0,1,,,455.14642333984375,189.0670623779297,447.5024369812012,183.41130855560303,127.50243698120119,3.4113085556030285,-42.466590881347656,-31.420854568481445,5,0.5528038987573933,14,0,0,tracking,0,0.0
1025,389.000000,2.613,1,4,0.100521,identity,1,,1.0,14,1,0,261.5,257.0,439.9851989746094,193.0099639892578,431.27760765075686,187.73553119659425,111.27760765075686,7.735531196594252,-48.37550735473633,-29.302404403686523,0,0.22016085685743603,12,0,0,tracking,0,0.0
1026,389.046000,2.264,1,3,0.095299,identity,1,,1.0,14,0,1,,,437.7599182128906,191.66204833984375,429.0523268890381,186.3876155471802,109.05232688903811,6.387615547180189,-48.37550735473633,-29.302404403686523,1,0.20750160758813557,12,0,0,tracking,0,0.0
1027,389.078000,3.151,1,3,0.087665,identity,1,,1.0,14,0,1,,,436.2119140625,190.724365234375,427.5043227386475,185.44993244171144,107.50432273864749,5.449932441711439,-48.37550735473633,-29.302404403686523,2,0.198695173313843,12,0,0,tracking,0,0.0
1028,389.125000,2.383,1,4,0.078520,identity,1,,1.0,14,0,1,,,433.9382629394531,189.34715270996094,425.2306716156006,184.07271991729738,105.23067161560061,4.072719917297377,-48.37550735473633,-29.302404403686523,3,0.18576072297346163,12,0,0,tracking,0,0.0
1029,389.156000,3.588,1,4,0.068641,identity,1,,1.0,14,1,0,329.5,324.0,424.6363525390625,198.71371459960938,415.3310534667969,194.22641101837158,95.3310534667969,14.226411018371579,-51.69610595703125,-24.92946434020996,0,0.3139150126978766,10,0,0,tracking,0,0.0
1030,389.203000,2.269,1,5,0.056975,identity,1,,1.0,14,0,1,,,422.2066345214844,197.54202270507812,412.9013354492188,193.05471912384033,92.90133544921878,13.054719123840329,-51.69610595703125,-24.92946434020996,1,0.29547250570188865,10,0,0,tracking,0,0.0
1031,389.250000,1.965,1,5,0.048281,identity,1,,1.0,14,0,1,,,419.77691650390625,196.37033081054688,410.47161743164065,191.88302722930908,90.47161743164065,11.883027229309079,-51.69610595703125,-24.92946434020996,2,0.2770299987058784,10,0,0,tracking,0,0.0
1032,389.281000,2.622,1,5,0.042157,identity,1,,1.0,14,1,0,361.5,290.5,413.7691345214844,202.9741668701172,404.12846061706546,199.04845554351806,84.12846061706546,19.04845554351806,-53.55929946899414,-21.809507369995117,0,0.32482400311608206,9,-4,0,tracking,0,0.0
1033,389.328000,2.428,1,5,0.037339,identity,1,,1.0,14,1,0,358.0,299.0,407.2672424316406,209.21107482910156,397.3238416290283,205.837080078125,77.32384162902832,25.837080078125013,-55.24111557006836,-18.744415283203125,0,0.2655631654987832,8,-5,0,tracking,0,0.0
1034,389.359000,2.716,1,5,0.034813,identity,1,,1.0,14,1,0,354.5,303.0,401.91302490234375,215.36146545410156,391.6931703186035,212.49846937179566,71.6931703186035,32.498469371795665,-56.77696990966797,-15.905533790588379,0,0.31560353364293336,8,-6,0,tracking,0,0.0
1035,389.406000,2.195,1,5,0.032869,identity,1,,1.0,14,1,0,351.5,303.0,395.94598388671875,220.72024536132812,385.47584495544436,218.32058341979982,65.47584495544436,38.32058341979982,-58.16743850708008,-13.33145523071289,0,0.3646996516956458,7,-7,0,tracking,0,0.0
1036,389.437000,2.167,1,4,0.029787,identity,1,,1.0,14,1,0,349.0,303.0,391.1534118652344,225.782958984375,380.4564031982422,223.7988787651062,60.456403198242185,43.798878765106195,-59.427825927734375,-11.02266788482666,0,0.4025889738153706,7,-9,0,tracking,0,0.0
1037,389.484000,2.462,1,3,0.021502,identity,1,,1.0,14,1,0,347.0,303.0,385.69427490234375,230.27554321289062,374.7947442626953,228.67209480285644,54.7947442626953,48.672094802856435,-60.552947998046875,-8.90804672241211,0,0.4315729058364308,6,-9,0,tracking,0,0.0
1038,389.515000,2.359,1,1,0.016059,identity,1,,1.0,14,1,0,345.5,314.0,381.4391174316406,235.21258544921875,370.3587518310547,234.00557233810426,50.35875183105469,54.00557233810426,-61.557586669921875,-6.705628395080566,0,0.3632728484409651,6,-11,0,tracking,0,0.0
1039,389.562000,3.481,1,2,0.012960,identity,1,,1.0,14,1,0,339.5,318.0,376.1773376464844,239.93850708007812,364.91646324157716,239.11567685127258,44.91646324157716,59.11567685127258,-62.5604133605957,-4.571279048919678,0,0.264108004584492,5,-11,0,tracking,0,0.0
1040,389.609000,2.117,1,3,0.016940,identity,1,,1.0,14,1,0,338.5,324.0,371.1743469238281,244.7279052734375,359.7558571624756,244.28747050285338,39.75585716247559,64.28747050285338,-63.43605422973633,-2.446859836578369,0,0.3297383458738027,4,-13,0,tracking,0,0.0
1041,389.640000,2.087,1,1,0.014071,identity,1,,1.0,14,1,0,336.5,319.0,367.3283996582031,248.92417907714844,355.76599380493167,248.81087997198105,35.76599380493167,68.81087997198105,-64.23558807373047,-0.6294394731521606,0,0.36313552295227325,4,-13,0,tracking,0,0.0
1042,389.687000,2.921,1,0,0.002865,identity,1,,1.0,14,0,1,,,364.309326171875,248.89459228515625,352.74692031860354,248.78129317998886,32.74692031860354,68.78129317998886,-64.23558807373047,-0.6294394731521606,1,0.3418013109788156,4,-13,0,tracking,0,0.0
1043,389.718000,2.019,1,0,0.000000,identity,1,,1.0,14,0,1,,,362.3180236816406,248.8750762939453,350.75561782836917,248.76177718877793,30.755617828369168,68.76177718877793,-64.23558807373047,-0.6294394731521606,2,0.3277298094644124,3,-13,0,tracking,0,0.0
1044,389.765000,3.672,1,3,0.020846,identity,1,,1.0,14,1,0,341.0,303.5,358.19927978515625,252.12998962402344,346.5520553588867,252.2700213944912,26.55205535888672,72.27002139449121,-64.70680236816406,0.7779542803764343,0,0.5854390360362194,3,-14,0,tracking,0,0.0
1045,389.796000,2.438,1,7,0.044054,identity,1,,1.0,14,1,0,340.0,283.5,355.2520751953125,253.97616577148438,343.53213775634765,254.25694979667662,23.53213775634765,74.25694979667662,-65.11076354980469,1.5599112510681152,0,0.563557226627534,0,-14,0,tracking,0,0.0
1046,389.843000,3.114,1,3,0.058676,identity,1,,1.0,14,1,0,326.5,257.0,350.72564697265625,254.21786499023438,338.8921246337891,254.5116933488846,18.89212463378908,74.51169334888459,-65.74179077148438,1.6323797702789307,0,0.5697521560919521,0,-14,0,tracking,0,0.0
1047,389.890000,2.149,1,1,0.068038,identity,1,,1.0,14,0,1,,,347.6357727050781,254.29458618164062,335.80225036621096,254.58841454029084,15.802250366210956,74.58841454029084,-65.74179077148438,1.6323797702789307,1,0.5362792169215722,0,-15,0,tracking,0,0.0
1048,389.921000,2.117,1,2,0.073069,identity,1,,1.0,14,1,0,341.5,258.5,345.3620300292969,254.58421325683594,333.5101591491699,254.89664601802826,13.510159149169908,74.89664601802826,-65.8437271118164,1.7357375621795654,0,0.6917741645420377,0,-15,0,tracking,0,0.0
1049,389.968000,2.925,1,2,0.077018,identity,1,,1.0,14,1,0,346.0,255.5,342.4783935546875,254.71295166015625,330.6429911804199,255.02906507730484,10.642991180419926,75.02906507730484,-65.75223541259766,1.7561856508255005,0,0.7412671273024436,0,-15,0,tracking,0,0.0
1050,390.000000,2.406,1,3,0.081107,identity,1,,1.0,14,1,0,352.5,251.0,341.0404357910156,254.56210327148438,329.25712921142576,254.86202303409576,9.257129211425763,74.86202303409576,-65.46281433105469,1.6662209033966064,0,0.7223252850110757,0,-15,0,tracking,0,0.0
1051,390.046000,2.108,1,1,0.081762,identity,1,,1.0,14,1,0,325.5,248.0,337.35150146484375,254.27969360351562,325.5150141906738,254.55143515110015,5.51501419067381,74.55143515110015,-65.75826263427734,1.5096752643585205,0,0.6535255278708023,0,-14,0,tracking,0,0.0
1052,390.078000,3.659,1,1,0.083837,identity,1,,1.0,14,1,0,331.0,244.0,335.0234375,253.78384399414062,323.1693432617187,254.0127701473236,3.1693432617187227,74.01277014732361,-65.8560791015625,1.2718119621276855,0,0.7138128668641819,0,-14,0,tracking,0,0.0
1053,390.140000,2.224,1,2,0.082960,identity,1,,1.0,14,1,0,366.5,240.0,332.8143005371094,253.1321563720703,321.10846130371095,253.3032861995697,1.1084613037109534,73.3032861995697,-65.03244018554688,0.950721263885498,0,0.6698718160647881,0,-14,0,tracking,0,0.0
1054,390.156000,2.456,1,2,0.083069,identity,1,,1.0,14,1,0,372.5,236.0,333.8399963378906,252.27740478515625,322.29788223266604,252.37959986686707,2.2978822326660406,72.37959986686707,-64.12285614013672,0.5677504539489746,0,0.6412094809866287,0,-14,0,tracking,0,0.0
1055,390.203000,4.028,1,4,0.079266,identity,1,,1.0,14,1,0,364.0,275.5,332.4924621582031,253.4691619873047,321.0830443572998,253.66414165258408,1.0830443572997979,73.66414165258408,-63.38565444946289,1.083220362663269,0,0.6405821865940983,0,-14,0,tracking,0,0.0
1056,390.234000,4.365,1,5,0.072448,identity,1,,1.0,14,1,0,370.5,283.5,332.4898376464844,254.97537231445312,321.23723526000975,255.2880337715149,1.2372352600097543,75.2880337715149,-62.51445770263672,1.7370080947875977,0,0.5599162827031201,0,-15,0,tracking,0,0.0
1057,390.281000,2.315,1,4,0.066727,identity,1,,1.0,14,1,0,375.5,277.5,331.7892150878906,256.14990234375,320.71637786865233,256.5503682947159,0.7163778686523301,76.5503682947159,-61.51576232910156,2.224810838699341,0,0.5635679966784164,0,-15,0,tracking,0,0.0
1058,390.328000,4.131,1,4,0.057934,identity,1,,1.0,14,1,0,380.5,271.5,331.39215087890625,256.9913330078125,320.5207699584961,257.4513182067871,0.5207699584960892,77.4513182067871,-60.39656066894531,2.5554733276367188,0,0.5572546337512494,0,-15,0,tracking,0,0.0
1059,390.359000,2.528,1,5,0.050000,identity,1,,1.0,14,1,0,381.5,282.0,331.9809875488281,258.25091552734375,321.3091094207764,258.8065812587738,1.3091094207763945,78.8065812587738,-59.288211822509766,3.087031841278076,0,0.4868708127170205,0,-15,0,tracking,0,0.0
1060,390.406000,3.896,1,3,0.042977,identity,1,,1.0,14,1,0,385.0,280.5,331.8215026855469,259.4365539550781,321.36374946594236,260.0770323371887,1.3637494659423623,80.07703233718871,-58.098628997802734,3.558213233947754,0,0.4792409871018388,0,-16,0,tracking,0,0.0
1061,390.453000,5.564,1,3,0.036888,identity,1,,1.0,14,1,0,380.5,280.0,331.49822998046875,260.55889892578125,321.23776237487795,261.27764905929564,1.2377623748779456,81.27764905929564,-57.00259780883789,3.993056297302246,0,0.47786199472361335,0,-16,0,tracking,0,0.0
1062,390.484000,2.268,1,4,0.031202,identity,1,,1.0,14,1,0,359.0,282.5,331.07623291015625,261.6853332519531,320.92639488220215,262.4865479660034,0.9263948822021462,82.4865479660034,-56.38798904418945,4.451192855834961,0,0.5105258273399551,0,-16,0,tracking,0,0.0
1063,390.531000,4.180,1,3,0.022635,identity,1,,1.0,14,1,0,359.0,281.0,329.8257751464844,262.76922607421875,319.7916904449463,263.64277408599855,-0.2083095550536882,83.64277408599855,-55.74491500854492,4.853044509887695,0,0.5075146557335756,0,-16,0,tracking,0,0.0
1064,390.562000,5.657,1,3,0.014878,identity,1,,1.0,14,1,0,360.0,280.0,329.5329284667969,263.6881103515625,319.617956161499,264.625430393219,-0.38204383850097656,84.625430393219,-55.08317947387695,5.207333564758301,0,0.5061231204617065,0,-16,0,tracking,0,0.0
1065,390.609000,2.307,1,2,0.014015,identity,1,,1.0,14,1,0,361.0,280.0,328.472412109375,264.6539306640625,318.6849642944336,265.65141501426695,-1.3150357055664017,85.65141501426695,-54.37471008300781,5.541579723358154,0,0.5173770652807465,0,-17,0,tracking,0,0.0
1066,390.640000,2.238,1,2,0.012817,identity,1,,1.0,14,1,0,361.5,279.0,328.31939697265625,265.4515075683594,318.6602742767334,266.50139043807985,-1.3397257232666107,86.50139043807985,-53.66179275512695,5.8326826095581055,0,0.5517088201418336,0,-17,0,tracking,0,0.0
1067,390.687000,3.250,1,2,0.009744,identity,1,,1.0,14,1,0,362.0,278.0,327.3936462402344,266.2668762207031,317.8688897705078,267.36231544494626,-2.131110229492208,87.36231544494626,-52.915313720703125,6.085773468017578,0,0.5596778861953838,0,-17,0,tracking,0,0.0
1068,390.718000,2.118,1,1,0.006185,identity,1,,1.0,14,1,0,363.5,283.0,327.392333984375,267.1739501953125,318.0060107421875,268.3300650215149,-1.9939892578124727,88.33006502151488,-52.146240234375,6.422860145568848,0,0.4841789676059314,0,-17,0,tracking,0,0.0
1069,390.765000,3.164,1,0,0.002257,identity,1,,1.0,14,0,1,,,324.94146728515625,267.475830078125,315.5551440429688,268.6319449043274,-4.444855957031223,88.63194490432738,-52.146240234375,6.422860145568848,1,0.4557334532591019,0,-17,0,tracking,0,0.0
1070,390.796000,3.636,1,0,0.002704,identity,1,,1.0,14,0,1,,,323.3249206542969,267.6749267578125,313.9385974121094,268.8310415840149,-6.061402587890598,88.83104158401488,-52.146240234375,6.422860145568848,2,0.4369715182643685,0,-17,0,tracking,0,0.0
1071,390.843000,2.290,1,0,0.000000,identity,1,,1.0,14,0,1,,,320.8740539550781,267.976806640625,311.48773071289065,269.1329214668274,-8.512269287109348,89.13292146682738,-52.146240234375,6.422860145568848,3,0.4085260039175046,0,-17,0,tracking,0,0.0
1072,390.875000,2.946,1,0,0.000339,identity,1,,1.0,14,0,1,,,319.20538330078125,268.1823425292969,309.8190600585938,269.33845735549926,-10.180939941406223,89.33845735549926,-52.146240234375,6.422860145568848,4,0.3891588452132781,0,-17,0,tracking,0,0.0
1073,390.937000,2.346,1,0,0.000000,identity,1,,1.0,14,0,1,,,315.9723205566406,268.58056640625,306.58599731445315,269.7366812324524,-13.414002685546848,89.73668123245238,-52.146240234375,6.422860145568848,5,0.35163497522381126,0,-17,0,tracking,0,0.0
1074,390.968000,3.213,1,0,0.001762,identity,1,,1.0,14,0,1,,,314.35577392578125,268.7796630859375,304.9694506835938,269.9357779121399,-15.030549316406223,89.93577791213988,-52.146240234375,6.422860145568848,6,0.3328730402290778,0,-17,0,tracking,0,0.0
1075,391.000000,2.071,1,0,0.002674,identity,1,,1.0,14,0,1,,,312.6871032714844,268.9851989746094,303.3007800292969,270.14131380081176,-16.699219970703098,90.14131380081176,-52.146240234375,6.422860145568848,7,0.3135058815248513,0,-18,0,tracking,0,0.0
1076,391.046000,4.726,1,0,0.000000,identity,1,,1.0,14,0,1,,,310.28839111328125,269.2806396484375,300.9020678710938,270.4367544746399,-19.097932128906223,90.43675447463988,-52.146240234375,6.422860145568848,8,0.2856655908875149,0,0,0,prediction_stale,0,0.0
1077,391.093000,2.384,1,0,0.000000,identity,1,,1.0,14,0,1,,,307.8375244140625,269.58251953125,298.451201171875,270.7386343574524,-21.548798828124973,90.73863435745238,-52.146240234375,6.422860145568848,9,0.25722007654065104,0,0,0,prediction_stale,0,0.0
1078,391.125000,4.713,1,1,0.007639,identity,1,,1.0,14,1,0,364.5,275.0,309.6689758300781,270.1007995605469,300.5795553588867,271.2834429359436,-19.420444641113306,91.28344293594358,-50.49678039550781,6.5702409744262695,0,0.6605032004855931,0,-18,0,tracking,0,0.0
1079,391.171000,5.316,1,3,0.017240,identity,1,,1.0,14,1,0,365.0,275.5,310.74566650390625,270.7035827636719,301.9438220977783,271.91164961814883,-18.05617790222169,91.91164961814883,-48.89913558959961,6.711482524871826,0,0.5499453716959435,0,-18,0,tracking,0,0.0
1080,391.203000,2.157,1,6,0.026593,identity,1,,1.0,14,1,0,364.0,272.0,312.32110595703125,270.98028564453125,303.7844790649414,272.1935856819153,-16.215520935058578,92.1935856819153,-47.42570495605469,6.740555763244629,0,0.5659740219147723,0,-18,0,tracking,0,0.0
1081,391.250000,3.615,1,5,0.039575,identity,1,,1.0,14,1,0,361.0,274.0,312.9674987792969,271.44976806640625,304.673270111084,272.6759379863739,-15.32672988891602,92.67593798637392,-46.07904815673828,6.8120551109313965,0,0.5853253953012796,0,-18,0,tracking,0,0.0
1082,391.281000,2.604,1,4,0.052704,identity,1,,1.0,14,1,0,393.0,219.0,316.015380859375,268.7672119140625,308.09815284729007,269.7496673107147,-11.901847152709934,89.7496673107147,-43.98460006713867,5.458085536956787,0,0.2889144409283161,0,-17,0,tracking,0,0.0
1083,391.328000,5.291,1,2,0.064002,identity,1,,1.0,14,0,1,,,313.9480895996094,269.02374267578125,306.03086158752444,270.00619807243345,-13.969138412475559,90.00619807243345,-43.98460006713867,5.458085536956787,1,0.27194071752378884,0,-18,0,tracking,0,0.0
1084,391.375000,2.965,1,3,0.071003,identity,1,,1.0,14,1,0,257.5,254.5,308.80279541015625,268.4436950683594,300.62706871032714,269.35589255332945,-19.372931289672863,89.35589255332945,-45.42070388793945,5.067763805389404,0,0.46170925576909483,0,-17,0,tracking,0,0.0
1085,391.421000,2.270,1,4,0.076089,identity,1,,1.0,14,1,0,254.0,256.5,303.77276611328125,267.9975280761719,295.3504100799561,268.8527540683746,-24.649589920043923,88.85275406837462,-46.79086685180664,4.751255512237549,0,0.4638366046755772,0,-17,0,tracking,0,0.0
1086,391.437000,3.543,1,4,0.078190,identity,1,,1.0,14,1,0,249.5,259.5,300.1557922363281,267.6141052246094,291.49294273376466,268.43080868721006,-28.507057266235336,88.43080868721006,-48.1269416809082,4.537241458892822,0,0.5274670164566478,-3,-17,0,tracking,0,0.0
1087,391.484000,4.825,1,2,0.080825,identity,1,,1.0,14,1,0,245.0,265.0,295.0894470214844,267.6774597167969,286.191544342041,268.4815987682343,-33.80845565795897,88.48159876823428,-49.43279266357422,4.4674391746521,0,0.554966630565886,-4,-17,0,tracking,0,0.0
1088,391.531000,4.444,1,6,0.081111,identity,1,,1.0,14,1,0,282.0,237.5,292.2010498046875,266.2925720214844,283.2557878112793,266.9630389595032,-36.744212188720724,86.9630389595032,-49.695899963378906,3.72481632232666,0,0.6890322562103983,-4,-17,0,tracking,0,0.0
1089,391.562000,3.749,1,3,0.081471,identity,1,,1.0,14,1,0,256.0,265.0,288.884033203125,266.33587646484375,279.7898494720459,267.00029358386996,-40.21015052795411,87.00029358386996,-50.52324295043945,3.691206216812134,0,0.555070996137111,-4,-17,0,tracking,0,0.0
1090,391.609000,3.321,1,1,0.079518,identity,1,,1.0,14,0,1,,,286.5094299316406,266.5093688964844,277.4152462005615,267.1737860155106,-42.58475379943849,87.17378601551059,-50.52324295043945,3.691206216812134,1,0.5224605751140775,-5,-17,0,tracking,0,0.0
1091,391.640000,3.970,1,2,0.074957,identity,1,,1.0,14,1,0,223.0,271.0,281.7074279785156,266.8524169921875,272.3418730163574,267.5360060691834,-47.6581269836426,87.53600606918337,-52.030860900878906,3.7977170944213867,0,0.5247908213612402,-5,-17,0,tracking,0,0.0
1092,391.687000,2.764,1,4,0.070512,identity,1,,1.0,14,1,0,220.0,270.0,276.1950378417969,267.1845703125,266.572255859375,267.88104669570924,-53.42774414062501,87.88104669570924,-53.45989990234375,3.8693132400512695,0,0.5439534568148109,-6,-17,0,tracking,0,0.0
1093,391.718000,2.595,1,4,0.066332,identity,1,,1.0,14,1,0,216.5,271.0,271.6025085449219,267.49139404296875,261.7334817504883,268.2035498046875,-58.266518249511705,88.2035498046875,-54.82792663574219,3.9564208984375,0,0.5741527529881282,-6,-17,0,tracking,0,0.0
1094,391.765000,4.014,1,4,0.061849,identity,1,,1.0,14,1,0,212.5,273.5,266.18865966796875,267.9695739746094,256.081478805542,268.7062617778778,-63.91852119445798,88.70626177787778,-56.151004791259766,4.092710018157959,0,0.5846822715962361,-7,-17,0,tracking,0,0.0
1095,391.796000,2.612,1,5,0.057899,identity,1,,1.0,14,1,0,209.0,275.5,261.7241516113281,268.4601135253906,251.3881749725342,269.22735078811644,-68.61182502746581,89.22735078811644,-57.42209243774414,4.262429237365723,0,0.6099614418064921,-8,-17,0,tracking,0,0.0
1096,391.843000,2.106,1,5,0.053238,identity,1,,1.0,14,1,0,206.0,278.0,256.4364929199219,269.1164245605469,245.8828091430664,269.92200736999513,-74.1171908569336,89.92200736999513,-58.63157653808594,4.475460052490234,0,0.6159985133003062,-8,-17,0,tracking,0,0.0
1097,391.890000,2.839,1,6,0.048529,identity,1,,1.0,14,1,0,244.0,289.0,253.21092224121094,270.2817077636719,242.61766914367675,271.1677025985718,-77.38233085632325,91.1677025985718,-58.85140609741211,4.92219352722168,0,0.7505141403442528,-8,-18,0,tracking,0,0.0
1098,391.921000,2.763,1,6,0.043251,identity,1,,1.0,14,1,0,201.0,280.5,248.98861694335938,270.913330078125,238.1932353210449,271.8397041320801,-81.80676467895509,91.8397041320801,-59.974342346191406,5.146522521972656,0,0.619146792998865,-9,-18,0,tracking,0,0.0
1099,391.968000,3.316,1,6,0.037808,identity,1,,1.0,14,1,0,235.5,279.5,245.66432189941406,271.5505676269531,234.82625564575196,272.51032501220703,-85.17374435424804,92.51032501220703,-60.21147918701172,5.3319854736328125,0,0.7491325794595111,-9,-18,0,tracking,0,0.0
1100,392.000000,2.199,1,5,0.030499,identity,1,,1.0,14,1,0,233.5,279.5,243.260986328125,272.0832824707031,232.38262908935548,273.0736542892456,-87.61737091064452,93.07365428924561,-60.43531799316406,5.502065658569336,0,0.7421285639001998,-10,-18,0,tracking,0,0.0
1101,392.046000,2.160,1,1,0.019605,identity,1,,1.0,14,0,1,,,240.48095703125,272.33636474609375,229.60259979248048,273.32673656463624,-90.39740020751952,93.32673656463624,-60.43531799316406,5.502065658569336,1,0.6994561714759454,-10,-18,0,tracking,0,0.0
1102,392.078000,2.089,1,1,0.010773,identity,1,,1.0,14,1,0,343.0,301.0,243.52996826171875,273.8714294433594,233.07401748657227,274.9770046710968,-86.92598251342773,94.97700467109678,-58.08861541748047,6.14208459854126,0,0.19368154631419876,-10,-18,0,tracking,0,0.0
1103,392.125000,2.951,1,1,0.007161,identity,1,,1.0,14,1,0,343.0,309.0,245.65403747558594,275.8149108886719,235.6100788116455,277.0609337043762,-84.38992118835449,97.06093370437623,-55.79977035522461,6.922348976135254,0,0.2104002817984968,-9,-19,0,tracking,0,0.0
1104,392.171000,3.202,1,1,0.005234,identity,1,,1.0,14,1,0,337.5,310.0,247.54922485351562,277.73388671875,237.88446273803712,279.11593057632444,-82.11553726196288,99.11593057632444,-53.69312286376953,7.678021430969238,0,0.30927717707708835,-9,-19,0,tracking,0,0.0
1105,392.203000,2.458,1,1,0.004466,identity,1,,1.0,14,1,0,336.5,310.5,250.04246520996094,279.4901123046875,240.73597274780275,281.00065740585325,-79.26402725219725,101.00065740585325,-51.702735900878906,8.39191722869873,0,0.3426579723503158,-9,-20,0,tracking,0,0.0
1106,392.250000,2.163,1,1,0.009935,identity,1,,1.0,14,1,0,336.0,311.5,251.70578002929688,281.3486633300781,242.74808219909667,282.98396934509276,-77.25191780090333,102.98396934509276,-49.76498794555664,9.085033416748047,0,0.3825340817366548,-8,-20,0,tracking,0,0.0
1107,392.281000,2.357,1,1,0.018754,identity,1,,1.0,14,1,0,338.0,303.0,254.16146850585938,282.6030578613281,245.54487213134766,284.32134996414186,-74.45512786865234,104.32134996414186,-47.86997985839844,9.546067237854004,0,0.24188860301223325,-8,-20,0,tracking,0,0.0
1108,392.328000,2.194,1,2,0.022795,identity,1,,1.0,14,1,0,336.0,303.0,255.7320556640625,283.95806884765625,247.44199630737305,285.75382537841796,-72.55800369262695,105.75382537841796,-46.055885314941406,9.976425170898438,0,0.32150850629357475,-8,-20,0,tracking,0,0.0
1109,392.359000,2.288,1,2,0.020438,identity,1,,1.0,14,1,0,334.5,303.0,257.8891296386719,285.1047058105469,249.90586624145507,286.9721258163452,-70.09413375854493,106.97212581634523,-44.351463317871094,10.374555587768555,0,0.3794971233156481,-8,-20,0,tracking,0,0.0
1110,392.406000,2.226,1,1,0.012240,identity,1,,1.0,14,1,0,328.0,321.5,259.02874755859375,287.1958923339844,251.3219839477539,289.2008343887329,-68.67801605224611,109.20083438873291,-42.81535339355469,11.138566970825195,0,0.41158873828550424,-8,-20,0,tracking,0,0.0
1111,392.453000,4.451,1,1,0.013850,identity,1,,1.0,14,1,0,331.5,303.0,260.34002685546875,288.4012451171875,252.91888923645018,290.46478446960447,-67.08111076354982,110.46478446960447,-41.22854232788086,11.464107513427734,0,0.42335676819117685,-7,-20,0,tracking,0,0.0
1112,392.484000,2.066,1,2,0.031437,identity,1,,1.0,14,1,0,312.0,302.5,261.38824462890625,289.3605651855469,254.16731018066406,291.4760796546936,-65.83268981933594,111.47607965469359,-40.116302490234375,11.75285816192627,0,0.4771519977894607,-7,-20,0,tracking,0,0.0
1113,392.531000,3.374,1,2,0.057717,identity,1,,1.0,14,0,1,,,259.5027770996094,289.9129638671875,252.28184265136719,292.0284783363342,-67.71815734863281,112.02847833633422,-40.116302490234375,11.75285816192627,1,0.4491193179193147,-7,-20,0,tracking,0,0.0
1114,392.562000,4.967,1,2,0.070577,identity,1,,1.0,14,0,1,,,258.2591857910156,290.2773132324219,251.03825134277344,292.3928277015686,-68.96174865722656,112.39282770156859,-40.116302490234375,11.75285816192627,2,0.4306296780049696,-8,-20,0,tracking,0,0.0
1115,392.609000,2.444,1,2,0.071671,identity,1,,1.0,14,1,0,210.0,163.5,254.1849365234375,284.8199157714844,246.77503105163575,286.4165674209595,-73.22496894836425,106.4165674209595,-41.166141510009766,8.87028694152832,0,0.3293144992866195,-8,-20,0,tracking,0,0.0
1116,392.640000,2.286,1,1,0.071476,identity,1,,1.0,14,0,1,,,252.90878295898438,285.09490966796875,245.49887748718263,286.69156131744387,-74.50112251281737,106.69156131744387,-41.166141510009766,8.87028694152832,1,0.3165535624392605,-8,-20,0,tracking,0,0.0
1117,392.687000,2.091,1,1,0.076949,identity,1,,1.0,14,0,1,,,250.97396850585938,285.5118103027344,243.56406303405763,287.1084619522095,-76.43593696594237,107.1084619522095,-41.166141510009766,8.87028694152832,2,0.29720633560616116,-8,-20,0,tracking,0,0.0
1118,392.718000,2.263,1,1,0.086089,identity,1,,1.0,14,0,1,,,249.69781494140625,285.78680419921875,242.2879094696045,287.38345584869387,-77.7120905303955,107.38345584869387,-41.166141510009766,8.87028694152832,3,0.28444539875880226,-8,-20,0,tracking,0,0.0
1119,392.765000,2.460,1,2,0.083437,identity,1,,1.0,14,0,1,,,247.76300048828125,286.2037048339844,240.3530950164795,287.8003564834595,-79.6469049835205,107.8003564834595,-41.166141510009766,8.87028694152832,4,0.26509817192572627,-9,-20,0,tracking,0,0.0
1120,392.812000,2.152,1,1,0.080469,identity,1,,1.0,14,0,1,,,245.82818603515625,286.62060546875,238.4182805633545,288.2172571182251,-81.5817194366455,108.21725711822512,-41.166141510009766,8.87028694152832,5,0.24575094509262688,-9,-20,0,tracking,0,0.0
1121,392.843000,2.223,1,3,0.078885,identity,1,,1.0,14,1,0,49.5,236.5,233.67697143554688,284.0858154296875,225.33572608947753,285.4418367099762,-94.66427391052247,105.4418367099762,-46.34025192260742,7.533451557159424,0,0.10258444180861837,-10,-20,0,tracking,0,0.0
1122,392.890000,2.267,1,2,0.075499,identity,1,,1.0,14,0,1,,,231.4989776611328,284.43988037109375,223.15773231506347,285.79590165138245,-96.84226768493653,105.79590165138245,-46.34025192260742,7.533451557159424,1,0.09655760585236606,-11,-20,0,tracking,0,0.0
1123,392.921000,2.147,1,3,0.070981,identity,1,,1.0,14,0,1,,,230.0624237060547,284.6734313964844,221.72117835998534,286.0294526767731,-98.27882164001466,106.02945267677308,-46.34025192260742,7.533451557159424,2,0.09258245873228134,-11,-20,0,tracking,0,0.0
1124,392.968000,3.822,1,1,0.066215,identity,1,,1.0,14,0,1,,,227.88442993164062,285.0274963378906,219.54318458557128,286.3835176181793,-100.45681541442872,106.38351761817933,-46.34025192260742,7.533451557159424,3,0.08655562277602175,-11,-20,0,tracking,0,0.0
1125,393.000000,2.508,1,3,0.050265,identity,1,,1.0,14,1,0,202.0,126.0,224.91905212402344,275.5923767089844,216.4524383544922,276.1301179456711,-103.54756164550781,96.13011794567109,-47.0367431640625,2.9874513149261475,0,0.23182295340983083,-11,-19,0,tracking,0,0.0
1126,393.046000,2.428,1,4,0.026176,identity,1,,1.0,14,0,1,,,222.75535583496094,275.72979736328125,214.2887420654297,276.26753859996796,-105.71125793457031,96.26753859996796,-47.0367431640625,2.9874513149261475,1,0.2184931335887678,-12,-19,0,tracking,0,0.0
1127,393.078000,3.216,1,1,0.009340,identity,1,,1.0,14,0,1,,,221.25018310546875,275.8254089355469,212.7835693359375,276.3631501722336,-107.2164306640625,96.36315017223359,-47.0367431640625,2.9874513149261475,2,0.2092202154523797,-12,-19,0,tracking,0,0.0
1128,393.125000,2.136,1,1,0.030156,identity,1,,1.0,14,0,1,,,219.03945922851562,275.9658203125,210.57284545898438,276.5035615491867,-109.42715454101562,96.50356154918671,-47.0367431640625,2.9874513149261475,3,0.19560061693954478,-12,-19,0,tracking,0,0.0
1129,393.156000,2.728,1,5,0.021970,identity,1,,1.0,14,1,0,244.0,122.0,219.3158416748047,265.9436950683594,210.99359992980956,265.6395441317558,-109.00640007019044,85.63954413175583,-46.234676361083984,-1.6897274255752563,0,0.18226627313588073,-12,-17,0,tracking,0,0.0
1130,393.203000,2.907,1,3,0.023602,identity,1,,1.0,14,0,1,,,217.14280700683594,265.8642883300781,208.8205652618408,265.5601373934746,-111.17943473815919,85.56013739347458,-46.234676361083984,-1.6897274255752563,1,0.1715581295891549,-12,-17,0,tracking,0,0.0
1131,393.250000,2.171,1,2,0.008720,identity,1,,1.0,14,0,1,,,214.9697723388672,265.7848815917969,206.64753059387206,265.4807306551933,-113.35246940612794,85.48073065519333,-46.234676361083984,-1.6897274255752563,2,0.1608499860424161,-12,-17,0,tracking,0,0.0
1132,393.281000,2.506,1,3,0.014848,identity,1,,1.0,14,0,1,,,213.5364990234375,265.7325134277344,205.21425727844237,265.4283624911308,-114.78574272155763,85.42836249113083,-46.234676361083984,-1.6897274255752563,3,0.15378716795839936,-13,-17,0,tracking,0,0.0
1133,393.328000,4.752,1,2,0.022261,identity,1,,1.0,14,0,1,,,211.36346435546875,265.6531066894531,203.04122261047362,265.3489557528496,-116.95877738952638,85.34895575284958,-46.234676361083984,-1.6897274255752563,4,0.14307902441167353,-13,-17,0,tracking,0,0.0
1134,393.375000,2.760,1,3,0.010161,identity,1,,1.0,14,0,1,,,209.1904296875,265.5736999511719,200.86818794250487,265.2695490145683,-119.13181205749513,85.26954901456833,-46.234676361083984,-1.6897274255752563,5,0.13237088086493473,-13,-17,0,tracking,0,0.0
1135,393.406000,3.133,1,0,0.009492,identity,1,,1.0,14,0,1,,,207.7571563720703,265.5213317871094,199.4349146270752,265.2171808505058,-120.56508537292481,85.21718085050583,-46.234676361083984,-1.6897274255752563,6,0.125308062780918,-13,-17,0,tracking,0,0.0
1137,393.484000,3.096,1,2,0.026224,identity,1,,1.0,14,0,1,,,204.15084838867188,265.3895263671875,195.82860664367675,265.08537543058395,-124.17139335632325,85.08537543058395,-46.234676361083984,-1.6897274255752563,7,0.10753710115017544,0,0,0,prediction_stale,0,0.0
1138,393.531000,4.678,1,1,0.007635,identity,1,,1.0,14,0,1,,,201.97781372070312,265.31011962890625,193.655571975708,265.0059686923027,-126.344428024292,85.0059686923027,-46.234676361083984,-1.6897274255752563,8,0.09682895760343664,0,0,0,prediction_stale,0,0.0
1139,393.562000,6.105,1,0,0.001276,identity,1,,1.0,14,0,1,,,200.54454040527344,265.25775146484375,192.2222986602783,264.9536005282402,-127.77770133972169,84.9536005282402,-46.234676361083984,-1.6897274255752563,9,0.08976613951941992,0,0,0,prediction_stale,0,0.0
1140,393.609000,3.771,1,0,0.001502,identity,1,,1.0,14,0,1,,,198.3715057373047,265.1783447265625,190.04926399230956,264.87419378995895,-129.95073600769044,84.87419378995895,-46.234676361083984,-1.6897274255752563,10,0.07905799597269407,0,0,0,prediction_stale,0,0.0
1141,393.640000,3.242,1,0,0.000382,identity,1,,1.0,14,0,1,,,196.938232421875,265.1259765625,188.61599067687987,264.82182562589645,-131.38400932312013,84.82182562589645,-46.234676361083984,-1.6897274255752563,11,0.07199517788867735,0,0,0,prediction_stale,0,0.0
1142,393.687000,3.341,1,0,0.000434,identity,1,,1.0,14,0,1,,,194.76519775390625,265.04656982421875,186.44295600891112,264.7424188876152,-133.55704399108888,84.7424188876152,-46.234676361083984,-1.6897274255752563,12,0.06128703434193855,0,0,0,prediction_stale,0,0.0
1143,393.718000,3.034,1,0,0.000530,identity,1,,1.0,14,0,1,,,,,,,,,0.0,0.0,13,0.0,0,0,0,lost,0,0.0
1144,393.765000,2.976,1,0,0.000634,identity,1,,1.0,,0,0,,,,,,,,,0.0,0.0,0,0.0,0,0,0,lost,0,0.0
1145,393.796000,2.632,1,0,0.000000,identity,1,,1.0,,0,0,,,,,,,,,0.0,0.0,0,0.0,0,0,0,lost,0,0.0
1146,393.843000,2.491,1,0,0.000000,identity,1,,1.0,,0,0,,,,,,,,,0.0,0.0,0,0.0,0,0,0,lost,0,0.0
1147,393.890000,2.221,1,0,0.000000,identity,1,,1.0,,0,0,,,,,,,,,0.0,0.0,0,0.0,0,0,0,lost,0,0.0
1148,393.921000,2.263,1,0,0.000000,identity,1,,1.0,,0,0,,,,,,,,,0.0,0.0,0,0.0,0,0,0,lost,0,0.0
1149,393.968000,2.886,1,0,0.000113,identity,1,,1.0,,0,0,,,,,,,,,0.0,0.0,0,0.0,0,0,0,lost,0,0.0
1150,394.000000,2.115,1,0,0.000000,identity,1,,1.0,,0,0,,,,,,,,,0.0,0.0,0,0.0,0,0,0,lost,0,0.0
1151,394.046000,3.605,1,0,0.000000,identity,1,,1.0,,0,0,,,,,,,,,0.0,0.0,0,0.0,0,0,0,lost,0,0.0
1152,394.078000,2.254,1,0,0.000000,identity,1,,1.0,,0,0,,,,,,,,,0.0,0.0,0,0.0,0,0,0,lost,0,0.0
1153,394.140000,1.980,1,0,0.000000,identity,1,,1.0,,0,0,,,,,,,,,0.0,0.0,0,0.0,0,0,0,lost,0,0.0
1154,394.171000,2.361,1,0,0.000000,identity,1,,1.0,,0,0,,,,,,,,,0.0,0.0,0,0.0,0,0,0,lost,0,0.0
1155,394.203000,2.572,1,0,0.000000,identity,1,,1.0,,0,0,,,,,,,,,0.0,0.0,0,0.0,0,0,0,lost,0,0.0
1156,394.250000,2.734,1,0,0.000000,identity,1,,1.0,,0,0,,,,,,,,,0.0,0.0,0,0.0,0,0,0,lost,0,0.0
1157,394.281000,2.962,1,0,0.000438,identity,1,,1.0,,0,0,,,,,,,,,0.0,0.0,0,0.0,0,0,0,lost,0,0.0
1158,394.328000,3.282,1,1,0.002804,identity,1,,1.0,15,1,0,34.5,86.0,34.5,86.0,34.5,86.0,-285.5,-94.0,0.0,0.0,0,0.6722222222222222,-20,18,0,tracking,0,0.0
1159,394.359000,3.146,1,0,0.001918,identity,1,,1.0,15,0,1,,,34.5,86.0,34.5,86.0,-285.5,-94.0,0.0,0.0,1,0.646173611111106,-20,18,0,tracking,0,0.0
1160,394.406000,2.112,1,0,0.000881,identity,1,,1.0,15,0,1,,,34.5,86.0,34.5,86.0,-285.5,-94.0,0.0,0.0,2,0.6066805555555291,-20,18,0,tracking,0,0.0
1161,394.437000,2.761,1,2,0.012964,identity,1,,1.0,15,1,0,31.5,75.5,32.28723907470703,78.25534057617188,32.244326546788216,78.1051467204094,-287.7556734532118,-101.8948532795906,-0.23840293288230896,-0.8344103097915649,0,0.779990982542424,-20,20,0,tracking,0,0.0
1162,394.484000,2.388,1,1,0.014310,identity,1,,1.0,15,0,1,,,32.27603530883789,78.21612548828125,32.233122780919075,78.06593163251877,-287.7668772190809,-101.93406836748123,-0.23840293288230896,-0.8344103097915649,1,0.7341665123180873,-20,20,0,tracking,0,0.0
1163,394.531000,2.134,1,0,0.002283,identity,1,,1.0,15,0,1,,,32.26483154296875,78.17691040039062,32.221919015049934,78.02671654462814,-287.77808098495007,-101.97328345537186,-0.23840293288230896,-0.8344103097915649,2,0.688342042093695,-20,20,0,tracking,0,0.0
1165,394.609000,3.874,1,3,0.013364,identity,1,,1.0,15,1,0,23.0,81.5,28.007600784301758,79.66502380371094,27.465797996520998,79.69764252573252,-292.534202003479,-100.30235747426748,-3.0100154876708984,0.18121512234210968,0,0.8566834095443727,-20,20,0,tracking,0,0.0
1166,394.640000,4.510,1,0,0.002717,identity,1,,1.0,15,0,1,,,27.914289474487305,79.67063903808594,27.372486686706544,79.70325776010752,-292.62751331329343,-100.29674223989248,-3.0100154876708984,0.18121512234210968,1,0.8234869274245219,-20,20,0,tracking,0,0.0
1167,394.703000,5.311,1,2,0.010911,identity,1,,1.0,15,1,0,27.0,86.0,27.471269607543945,81.89122772216797,26.88337067604065,82.32573635578156,-293.11662932395933,-97.67426364421844,-3.2661051750183105,2.4139368534088135,0,0.8198912041168526,-20,19,0,tracking,0,0.0
1168,394.718000,3.404,1,2,0.020464,identity,1,,1.0,15,1,0,27.5,81.0,27.44288444519043,81.68153381347656,26.8589888715744,82.06827191829682,-293.1410111284256,-97.93172808170318,-3.2438642978668213,2.148545026779175,0,0.8720236686812292,-20,19,0,tracking,0,0.0
1169,394.765000,2.139,1,0,0.002765,identity,1,,1.0,15,0,1,,,27.290422439575195,81.78251647949219,26.706526865959166,82.16925458431244,-293.2934731340408,-97.83074541568756,-3.2438642978668213,2.148545026779175,1,0.8207922781462411,-20,19,0,tracking,0,0.0
1170,394.796000,2.721,1,0,0.001328,identity,1,,1.0,15,0,1,,,27.189863204956055,81.84912109375,26.605967631340025,82.23585919857025,-293.39403236865996,-97.76414080142975,-3.2438642978668213,2.148545026779175,2,0.7870013609848371,-20,19,0,tracking,0,0.0
1171,394.843000,2.251,1,0,0.001797,identity,1,,1.0,15,0,1,,,27.03740119934082,81.95010375976562,26.45350562572479,82.33684186458588,-293.5464943742752,-97.66315813541412,-3.2438642978668213,2.148545026779175,3,0.7357699704497871,-20,19,0,tracking,0,0.0
1172,394.890000,2.999,1,0,0.002539,identity,1,,1.0,15,0,1,,,26.884939193725586,82.05108642578125,26.301043620109557,82.4378245306015,-293.69895637989043,-97.5621754693985,-3.2438642978668213,2.148545026779175,4,0.684538579914799,-20,19,0,tracking,0,0.0
1173,394.921000,2.039,1,0,0.007014,identity,1,,1.0,15,0,1,,,26.784379959106445,82.11769104003906,26.200484385490416,82.50442914485932,-293.7995156145096,-97.49557085514068,-3.2438642978668213,2.148545026779175,5,0.650747662753395,-20,19,0,tracking,0,0.0
1174,394.968000,2.505,1,1,0.014805,identity,1,,1.0,15,0,1,,,26.63191795349121,82.21867370605469,26.04802237987518,82.60541181087494,-293.9519776201248,-97.39458818912506,-3.2438642978668213,2.148545026779175,6,0.599516272218345,-20,19,0,tracking,0,0.0
1175,395.000000,2.069,1,3,0.028650,identity,1,,1.0,15,0,1,,,26.528114318847656,82.28742980957031,25.944218745231627,82.67416791439057,-294.05578125476836,-97.32583208560943,-3.2438642978668213,2.148545026779175,7,0.5646353254711152,-20,19,0,tracking,0,0.0
1176,395.046000,2.646,1,2,0.053021,identity,1,,1.0,15,0,1,,,26.378896713256836,82.38626098632812,25.795001139640807,82.77299909114838,-294.2049988603592,-97.22700090885162,-3.2438642978668213,2.148545026779175,8,0.514493964521953,0,0,0,prediction_stale,0,0.0
1177,395.078000,2.604,1,1,0.073520,identity,1,,1.0,15,0,1,,,26.27509307861328,82.45501708984375,25.691197504997252,82.841755194664,-294.30880249500274,-97.158244805336,-3.2438642978668213,2.148545026779175,9,0.47961301777472315,0,0,0,prediction_stale,0,0.0
1178,395.125000,2.770,1,1,0.081111,identity,1,,1.0,15,0,1,,,26.122631072998047,82.55599975585938,25.538735499382017,82.94273786067963,-294.461264500618,-97.05726213932037,-3.2438642978668213,2.148545026779175,10,0.42838162723967316,0,0,0,prediction_stale,0,0.0
1179,395.156000,2.478,1,2,0.059436,identity,1,,1.0,15,0,1,,,26.022071838378906,82.62260437011719,25.438176264762877,83.00934247493744,-294.5618237352371,-96.99065752506256,-3.2438642978668213,2.148545026779175,11,0.39459071007826907,0,0,0,prediction_stale,0,0.0
1180,395.203000,2.131,1,3,0.038125,identity,1,,1.0,15,0,1,,,25.869609832763672,82.72358703613281,25.285714259147642,83.11032514095307,-294.71428574085235,-96.88967485904693,-3.2438642978668213,2.148545026779175,12,0.3433593195432811,0,0,0,prediction_stale,0,0.0
1181,395.250000,3.731,1,3,0.026979,identity,1,,1.0,15,0,1,,,,,,,,,0.0,0.0,13,0.0,0,0,0,lost,0,0.0
1182,395.281000,2.646,1,3,0.019444,identity,1,,1.0,16,1,0,543.0,235.0,543.0,235.0,543.0,235.0,223.0,55.0,0.0,0.0,0,0.6673536439665472,20,-11,0,tracking,0,0.0
1183,395.328000,2.193,1,2,0.015668,identity,1,,1.0,16,1,0,544.0,241.0,543.7357177734375,239.41433715820312,543.741928890422,239.45160386145116,223.74192889042195,59.45160386145116,0.03450620546936989,0.20703724026679993,0,0.8072505922101569,20,-12,0,tracking,0,0.0
1184,395.375000,2.498,1,1,0.014523,identity,1,,1.0,16,1,0,552.5,248.5,547.4786987304688,243.29917907714844,547.6339419090748,243.4908062386513,227.6339419090748,63.49080623865129,0.8624621033668518,1.064595341682434,0,0.748779926889193,20,-12,0,tracking,0,0.0
1185,395.406000,3.211,1,1,0.011350,identity,1,,1.0,16,1,0,530.0,237.0,542.1948852539062,241.4112091064453,541.9549848103524,241.4599022346735,221.95498481035236,61.45990223467351,-1.3327802419662476,0.27051737904548645,0,0.694454466658878,20,-12,0,tracking,0,0.0
1186,395.437000,2.536,1,1,0.008720,identity,1,,1.0,16,1,0,525.5,226.0,538.1761474609375,237.73690795898438,537.4565463161468,237.3414443063736,217.45654631614684,57.3414443063736,-3.99778413772583,-2.1970202922821045,0,0.7483565782948709,20,-11,0,tracking,0,0.0
1187,395.484000,2.098,1,1,0.008186,identity,1,,1.0,16,1,0,494.5,225.5,529.0187377929688,235.1310577392578,526.5153849983216,234.23791011810303,206.51538499832157,54.23791011810303,-13.907515525817871,-4.961931228637695,0,0.47676614690849384,20,-11,0,tracking,0,0.0
1188,395.531000,2.502,1,1,0.007574,identity,1,,1.0,16,0,1,,,528.3651123046875,234.89784240722656,525.8617595100403,234.00469478607178,205.86175951004032,54.00469478607178,-13.907515525817871,-4.961931228637695,1,0.44875613577760465,20,-11,0,tracking,0,0.0
1189,395.562000,3.194,1,1,0.007144,identity,1,,1.0,16,1,0,505.0,229.0,523.2326049804688,233.5665283203125,519.3059553527833,232.3169031047821,199.30595535278326,52.316903104782114,-21.814720153808594,-6.942362308502197,0,0.6006148335981905,20,-10,0,tracking,0,0.0
1190,395.609000,2.992,1,1,0.010161,identity,1,,1.0,16,1,0,551.0,227.5,527.8343505859375,232.118408203125,525.8333184623718,230.48488317489625,205.83331846237184,50.484883174896254,-11.11684513092041,-9.075139045715332,0,0.6648249406709839,20,-10,0,tracking,0,0.0
1191,395.640000,2.544,1,1,0.006771,identity,1,,1.0,16,1,0,553.0,224.5,532.1018676757812,230.5105743408203,531.7688454842568,228.39730794906617,211.76884548425676,48.397307949066175,-1.8501232862472534,-11.740368843078613,0,0.6882325510513114,20,-9,0,tracking,0,0.0
1192,395.687000,3.166,1,2,0.014774,identity,1,,1.0,16,0,1,,,532.014892578125,229.95877075195312,531.6818703866005,227.845504360199,211.6818703866005,47.84550436019899,-1.8501232862472534,-11.740368843078613,1,0.647798888677025,20,-9,0,tracking,0,0.0
1193,395.718000,2.199,1,2,0.019557,identity,1,,1.0,16,0,1,,,531.95751953125,229.59481811523438,531.6244973397255,227.48155172348024,211.6244973397255,47.48155172348024,-1.8501232862472534,-11.740368843078613,2,0.6211298773237816,20,-9,0,tracking,0,0.0
1194,395.765000,3.535,1,3,0.019887,identity,1,,1.0,16,0,1,,,531.8705444335938,229.0430145263672,531.5375222420693,226.92974813461305,211.53752224206926,46.92974813461305,-1.8501232862472534,-11.740368843078613,3,0.580696214949544,20,-9,0,tracking,0,0.0
1195,395.796000,2.624,1,2,0.014831,identity,1,,1.0,16,0,1,,,531.8131713867188,228.67906188964844,531.4801491951943,226.5657954978943,211.48014919519426,46.5657954978943,-1.8501232862472534,-11.740368843078613,4,0.5540272035963006,20,-9,0,tracking,0,0.0
1196,395.843000,3.357,1,0,0.004384,identity,1,,1.0,16,0,1,,,531.7261962890625,228.12725830078125,531.393174097538,226.0139919090271,211.393174097538,46.01399190902711,-1.8501232862472534,-11.740368843078613,5,0.5135935412220142,20,-9,0,tracking,0,0.0
1198,395.921000,3.105,1,4,0.029618,identity,1,,1.0,16,1,0,611.0,266.0,559.9400634765625,241.06187438964844,568.5219458007813,243.30272621154785,248.52194580078128,63.30272621154785,47.6771240234375,12.449176788330078,0,0.4228376595336183,20,-12,0,tracking,0,0.0
1199,395.968000,3.405,1,3,0.015104,identity,1,,1.0,16,0,1,,,562.180908203125,241.64698791503906,570.7627905273438,243.88783973693847,250.76279052734378,63.887839736938474,47.6771240234375,12.449176788330078,1,0.39799594703600477,20,-12,0,tracking,0,0.0
1200,396.015000,2.688,1,2,0.016315,identity,1,,1.0,16,0,1,,,564.4217529296875,242.2321014404297,573.0036352539063,244.4729532623291,253.00363525390628,64.4729532623291,47.6771240234375,12.449176788330078,2,0.3731542345384213,20,-13,0,tracking,0,0.0
1201,396.046000,2.947,1,1,0.011207,identity,1,,1.0,16,0,1,,,565.8997192382812,242.61802673339844,574.4816015625,244.85887855529785,254.48160156250003,64.85887855529785,47.6771240234375,12.449176788330078,3,0.35676927523149043,20,-13,0,tracking,0,0.0
1202,396.078000,3.373,1,1,0.003819,identity,1,,1.0,16,1,0,598.5,261.5,578.9718017578125,249.88436889648438,590.6051531982422,253.9402767944336,270.6051531982422,73.9402767944336,64.62973022460938,22.532821655273438,0,0.6764697404189259,20,-14,0,tracking,0,0.0
1203,396.156000,2.755,1,1,0.007405,identity,1,,1.0,16,1,0,604.5,259.5,590.4992065429688,254.1298065185547,603.7207168579101,258.794873008728,283.72071685791013,78.79487300872802,73.45283508300781,25.917036056518555,0,0.656155408319218,20,-15,0,tracking,0,0.0
1204,396.156000,2.938,1,1,0.008568,identity,1,,1.0,16,1,0,581.5,250.5,588.7601928710938,253.405029296875,601.4100213623046,257.8413487625122,281.41002136230463,77.84134876251221,70.27682495117188,24.64621925354004,0,0.7955309263599505,20,-15,0,tracking,0,0.0
1205,396.203000,2.549,1,1,0.007869,identity,1,,1.0,16,1,0,510.5,210.0,574.3629150390625,244.8925323486328,582.8520734405517,247.05560182571412,262.85207344055175,67.05560182571412,47.161991119384766,12.01705265045166,0,0.21073335529968185,20,-13,0,tracking,0,0.0
1206,396.250000,2.292,1,1,0.004692,identity,1,,1.0,16,1,0,515.5,210.0,564.5634765625,238.4818878173828,570.3139840316773,239.05514047145843,250.31398403167725,59.05514047145843,31.947263717651367,3.184736967086792,0,0.4073953276155875,20,-11,0,tracking,0,0.0
1207,396.281000,2.579,1,0,0.003325,identity,1,,1.0,16,0,1,,,565.5538330078125,238.5806121826172,571.3043404769898,239.1538648366928,251.30434047698975,59.153864836692804,31.947263717651367,3.184736967086792,1,0.39160875867048045,20,-12,0,tracking,0,0.0
1208,396.328000,2.747,1,1,0.006137,identity,1,,1.0,16,1,0,595.5,250.0,572.534423828125,240.90109252929688,579.4731538391113,241.94511625289917,259.4731538391113,61.94511625289917,38.548500061035156,5.800131797790527,0,0.7208396617908719,20,-12,0,tracking,0,0.0
1209,396.359000,2.252,1,1,0.002582,identity,1,,1.0,16,1,0,601.5,255.5,578.5000610351562,243.55792236328125,586.4541708374023,245.12915405273438,266.45417083740233,65.12915405273438,44.18949890136719,8.72906494140625,0,0.6496364919553492,20,-13,0,tracking,0,0.0
1210,396.406000,2.123,1,0,0.002135,identity,1,,1.0,16,0,1,,,580.5769653320312,243.9681854248047,588.5310751342773,245.53941711425782,268.53107513427733,65.53941711425782,44.18949890136719,8.72906494140625,1,0.6114703480529518,20,-13,0,tracking,0,0.0
1211,396.437000,2.061,1,0,0.001454,identity,1,,1.0,16,0,1,,,581.9468383789062,244.23878479003906,589.9009481811523,245.8100164794922,269.90094818115233,65.81001647949219,44.18949890136719,8.72906494140625,2,0.5862969339896772,20,-13,0,tracking,0,0.0
1212,396.484000,2.051,1,0,0.000582,identity,1,,1.0,16,0,1,,,584.0237426757812,244.6490478515625,591.9778524780273,246.22027954101563,271.97785247802733,66.22027954101563,44.18949890136719,8.72906494140625,3,0.5481307900873259,20,-13,0,tracking,0,0.0
1213,396.531000,2.289,1,0,0.000530,identity,1,,1.0,16,0,1,,,586.1006469726562,245.05931091308594,594.0547567749023,246.63054260253907,274.05475677490233,66.63054260253907,44.18949890136719,8.72906494140625,4,0.5099646461849284,20,-13,0,tracking,0,0.0
1214,396.562000,2.837,1,0,0.000399,identity,1,,1.0,16,0,1,,,587.4705200195312,245.3299102783203,595.4246298217773,246.90114196777344,275.42462982177733,66.90114196777344,44.18949890136719,8.72906494140625,5,0.48479123212165387,20,-13,0,tracking,0,0.0
1215,396.609000,2.015,1,0,0.002956,identity,1,,1.0,16,0,1,,,589.5474243164062,245.74017333984375,597.5015341186523,247.31140502929688,277.50153411865233,67.31140502929688,44.18949890136719,8.72906494140625,6,0.4466250882193026,20,-13,0,tracking,0,0.0
1216,396.640000,2.085,1,1,0.002917,identity,1,,1.0,16,1,0,599.0,259.0,592.856689453125,249.12745666503906,601.1526361083984,251.24803359985353,281.1526361083984,71.24803359985353,46.088592529296875,11.780982971191406,0,0.8151227575857812,20,-14,0,tracking,0,0.0
1217,396.687000,2.552,1,1,0.003012,identity,1,,1.0,16,1,0,596.0,255.5,595.2261352539062,250.89178466796875,603.5568158721924,253.21919570922853,283.5568158721924,73.21919570922853,46.281558990478516,12.930061340332031,0,0.8115237552114545,20,-14,0,tracking,0,0.0
1218,396.718000,2.071,1,1,0.002513,identity,1,,1.0,16,1,0,599.0,254.5,597.0835571289062,251.87216186523438,605.4851126098633,254.2967562484741,285.48511260986334,74.29675624847411,46.67530822753906,13.469968795776367,0,0.8482875883285474,20,-14,0,tracking,0,0.0
1219,396.765000,3.803,1,0,0.002031,identity,1,,1.0,16,0,1,,,599.2772827148438,252.5052490234375,607.6788381958008,254.92984340667724,287.67883819580084,74.92984340667724,46.67530822753906,13.469968795776367,1,0.7984506925142786,20,-15,0,tracking,0,0.0
1220,396.796000,2.368,1,0,0.002365,identity,1,,1.0,16,0,1,,,600.7242431640625,252.92282104492188,609.1257986450196,255.3474154281616,289.1257986450196,75.34741542816161,46.67530822753906,13.469968795776367,2,0.7655795484665411,20,-15,0,tracking,0,0.0
1221,396.890000,2.074,1,0,0.002674,identity,1,,1.0,16,0,1,,,605.1116943359375,254.18899536132812,613.5132498168946,256.6135897445679,293.5132498168946,76.61358974456789,46.67530822753906,13.469968795776367,3,0.6659057568379431,20,-15,0,tracking,0,0.0
1222,396.890000,1.973,1,0,0.000000,identity,1,,1.0,16,0,1,,,605.5006713867188,254.30123901367188,613.9022268676758,256.72583339691164,293.90222686767584,76.72583339691164,46.67530822753906,13.469968795776367,4,0.6659057568379431,20,-15,0,tracking,0,0.0
1223,396.921000,2.092,1,0,0.000195,identity,1,,1.0,16,0,1,,,606.9476318359375,254.71881103515625,615.3491873168946,257.143405418396,295.3491873168946,77.14340541839601,46.67530822753906,13.469968795776367,5,0.6330346127902056,20,-15,0,tracking,0,0.0
1224,396.968000,3.591,1,0,0.000308,identity,1,,1.0,16,0,1,,,609.141357421875,255.35189819335938,617.5429129028321,257.77649257659914,297.5429129028321,77.77649257659914,46.67530822753906,13.469968795776367,6,0.5831977169758764,20,-15,0,tracking,0,0.0
1225,397.000000,2.366,1,0,0.000000,identity,1,,1.0,16,0,1,,,610.6349487304688,255.78294372558594,619.0365042114258,258.2075381088257,299.03650421142584,78.2075381088257,46.67530822753906,13.469968795776367,7,0.5492662134427533,20,-15,0,tracking,0,0.0
1226,397.046000,4.180,1,1,0.006502,identity,1,,1.0,16,0,1,,,612.781982421875,256.4025573730469,621.1835379028321,258.82715175628664,301.1835379028321,78.82715175628664,46.67530822753906,13.469968795776367,8,0.50048967711387,0,0,0,prediction_stale,0,0.0
1227,397.078000,2.876,1,1,0.007739,identity,1,,1.0,16,0,1,,,614.2755737304688,256.8335876464844,622.6771292114258,259.25818202972414,302.67712921142584,79.25818202972414,46.67530822753906,13.469968795776367,9,0.4665581735807469,0,0,0,prediction_stale,0,0.0
1228,397.125000,2.976,1,0,0.002335,identity,1,,1.0,16,0,1,,,616.4692993164062,257.4666748046875,624.8708547973633,259.89126918792726,304.87085479736334,79.89126918792726,46.67530822753906,13.469968795776367,10,0.41672127776641776,0,0,0,prediction_stale,0,0.0
1229,397.171000,4.321,1,2,0.016753,identity,1,,1.0,16,0,1,,,618.6163330078125,258.0863037109375,627.0178884887696,260.51089809417726,307.0178884887696,80.51089809417726,46.67530822753906,13.469968795776367,11,0.3679447414375345,0,0,0,prediction_stale,0,0.0
1230,397.203000,2.558,1,1,0.007773,identity,1,,1.0,16,0,1,,,620.1099243164062,258.517333984375,628.5114797973633,260.94192836761476,308.51147979736334,80.94192836761476,46.67530822753906,13.469968795776367,12,0.33401323790441134,0,0,0,prediction_stale,0,0.0
1231,397.250000,6.761,1,2,0.015603,identity,1,,1.0,16,0,1,,,,,,,,,0.0,0.0,13,0.0,0,0,0,lost,0,0.0
1232,397.281000,2.511,1,0,0.000174,identity,1,,1.0,,0,0,,,,,,,,,0.0,0.0,0,0.0,0,0,0,lost,0,0.0
1233,397.328000,6.895,1,0,0.000456,identity,1,,1.0,,0,0,,,,,,,,,0.0,0.0,0,0.0,0,0,0,lost,0,0.0
1234,397.375000,4.262,1,0,0.003407,identity,1,,1.0,,0,0,,,,,,,,,0.0,0.0,0,0.0,0,0,0,lost,0,0.0
1235,397.406000,4.794,1,0,0.002843,identity,1,,1.0,,0,0,,,,,,,,,0.0,0.0,0,0.0,0,0,0,lost,0,0.0
1236,397.453000,6.024,1,0,0.000260,identity,1,,1.0,,0,0,,,,,,,,,0.0,0.0,0,0.0,0,0,0,lost,0,0.0
1237,397.484000,2.836,1,0,0.001736,identity,1,,1.0,,0,0,,,,,,,,,0.0,0.0,0,0.0,0,0,0,lost,0,0.0
1238,397.531000,4.893,1,0,0.002756,identity,1,,1.0,,0,0,,,,,,,,,0.0,0.0,0,0.0,0,0,0,lost,0,0.0
1239,397.562000,3.924,1,1,0.008333,identity,1,,1.0,17,1,0,140.5,267.0,140.5,267.0,140.5,267.0,-179.5,87.0,0.0,0.0,0,0.6247523390203633,-20,-17,0,tracking,0,0.0
1240,397.609000,2.745,1,0,0.008112,identity,1,,1.0,17,0,1,,,140.5,267.0,140.5,267.0,-179.5,87.0,0.0,0.0,1,0.5880481391029415,-20,-17,0,tracking,0,0.0
1241,397.640000,7.392,1,1,0.007287,identity,1,,1.0,17,1,0,18.5,225.0,50.65027618408203,236.06813049316406,49.39621961593628,235.6364060783386,-270.6037803840637,55.63640607833861,-6.966980934143066,-2.3984689712524414,0,0.1250820559728485,-20,-11,0,tracking,0,0.0
1242,397.687000,4.483,1,1,0.006957,identity,1,,1.0,17,1,0,19.0,239.0,36.91973114013672,237.25819396972656,35.06207540512085,236.88513985157013,-284.9379245948792,56.88513985157013,-10.32030963897705,-2.0725228786468506,0,0.7280061257438794,-20,-11,0,tracking,0,0.0
1243,397.718000,6.218,1,2,0.014314,identity,1,,1.0,17,1,0,32.5,227.0,35.3526725769043,234.093017578125,33.396321334838866,233.47456202030182,-286.6036786651611,53.47456202030182,-10.86861801147461,-3.435864210128784,0,0.7900971958052734,-20,-10,0,tracking,0,0.0
1244,397.765000,3.277,1,1,0.011376,identity,1,,1.0,17,1,0,33.0,222.0,34.39241027832031,231.02008056640625,32.370480098724364,229.97680331230163,-287.6295199012756,49.97680331230163,-11.232945442199707,-5.795984745025635,0,0.7926802937179249,-20,-10,0,tracking,0,0.0
1245,397.812000,5.021,1,1,0.006324,identity,1,,1.0,17,1,0,32.5,210.0,33.57564163208008,226.35598754882812,31.491113414764406,224.36085971832276,-288.5088865852356,44.36085971832276,-11.58071231842041,-11.084043502807617,0,0.7939554250086569,-20,-9,0,tracking,0,0.0
1246,397.843000,7.455,1,1,0.004549,identity,1,,1.0,17,0,1,,,33.21664047241211,226.0123748779297,31.132112255096438,224.01724704742432,-288.86788774490356,44.01724704742432,-11.58071231842041,-11.084043502807617,1,0.7631896522895656,-20,-9,0,tracking,0,0.0
1247,397.890000,4.658,1,0,0.006146,identity,1,,1.0,17,0,1,,,32.67234802246094,225.49142456054688,30.587819805145266,223.4962967300415,-289.4121801948547,43.49629673004151,-11.58071231842041,-11.084043502807617,2,0.7165447710703381,-20,-8,0,tracking,0,0.0
1248,397.921000,4.095,1,0,0.003772,identity,1,,1.0,17,0,1,,,32.31334686279297,225.14781188964844,30.228818645477297,223.15268405914307,-289.7711813545227,43.15268405914307,-11.58071231842041,-11.084043502807617,3,0.6857789983512468,-20,-8,0,tracking,0,0.0
1249,397.968000,6.118,1,0,0.002040,identity,1,,1.0,17,0,1,,,31.769052505493164,224.62686157226562,29.684524288177492,222.63173374176026,-290.3154757118225,42.63173374176026,-11.58071231842041,-11.084043502807617,4,0.6391341171319629,-20,-8,0,tracking,0,0.0
1250,398.000000,3.513,1,1,0.005547,identity,1,,1.0,17,0,1,,,31.398469924926758,224.2721710205078,29.313941707611086,222.27704319000244,-290.6860582923889,42.277043190002445,-11.58071231842041,-11.084043502807617,5,0.6073759001316342,-20,-8,0,tracking,0,0.0
1251,398.046000,3.958,1,0,0.005230,identity,1,,1.0,17,0,1,,,30.86575698852539,223.76229858398438,28.78122877120972,221.767170753479,-291.2187712287903,41.76717075347901,-11.58071231842041,-11.084043502807617,6,0.5617234631936442,-20,-8,0,tracking,0,0.0
1252,398.093000,4.760,1,2,0.005482,identity,1,,1.0,17,1,0,15.0,208.5,24.825551986694336,217.95352172851562,21.003285179138185,214.28645088195802,-298.9967148208618,34.28645088195802,-21.23481559753418,-20.372615814208984,0,0.7165737986930839,-20,-7,0,tracking,0,0.0
1253,398.140000,2.797,1,1,0.006580,identity,1,,1.0,17,1,0,23.0,204.0,23.581819534301758,213.13735961914062,19.683855895996093,208.28148086547853,-300.3161441040039,28.281480865478528,-21.655353546142578,-26.97710418701172,0,0.7626469174791748,-20,-5,0,tracking,0,0.0
1254,398.171000,4.129,1,1,0.010955,identity,1,,1.0,17,1,0,27.5,221.0,24.049148559570312,214.45925903320312,20.497763404846193,210.26028511047363,-299.5022365951538,30.26028511047363,-19.729917526245117,-23.327632904052734,0,0.7501866759143535,-20,-6,0,tracking,0,0.0
1255,398.203000,2.655,1,0,0.008051,identity,1,,1.0,17,0,1,,,23.41779136657715,213.7127685546875,19.86640621185303,209.513794631958,-300.133593788147,29.513794631958007,-19.729917526245117,-23.327632904052734,1,0.720179208877796,-20,-6,0,tracking,0,0.0
1256,398.250000,4.021,1,0,0.004219,identity,1,,1.0,17,0,1,,,22.49048614501953,212.61636352539062,18.93910099029541,208.41738960266113,-301.0608990097046,28.41738960266113,-19.729917526245117,-23.327632904052734,2,0.6761057416678038,-20,-6,0,tracking,0,0.0
1257,398.281000,2.952,1,0,0.005017,identity,1,,1.0,17,0,1,,,21.87885856628418,211.89320373535156,18.32747341156006,207.69422981262207,-301.67252658843995,27.69422981262207,-19.729917526245117,-23.327632904052734,3,0.6470360079761172,-20,-5,0,tracking,0,0.0
1258,398.328000,2.669,1,1,0.006658,identity,1,,1.0,17,0,1,,,20.951553344726562,210.7967987060547,17.400168190002443,206.5978247833252,-302.59983180999757,26.597824783325194,-19.729917526245117,-23.327632904052734,4,0.6029625407661783,-20,-5,0,tracking,0,0.0
1259,398.359000,3.094,1,0,0.003915,identity,1,,1.0,17,0,1,,,20.33992576599121,210.07363891601562,16.78854061126709,205.87466499328613,-303.2114593887329,25.87466499328613,-19.729917526245117,-23.327632904052734,5,0.5738928070744915,-20,-5,0,tracking,0,0.0
1260,398.406000,4.288,1,3,0.033780,identity,1,,1.0,17,1,0,66.0,118.0,35.37166213989258,177.8119354248047,35.91144906520844,165.6235972595215,-284.08855093479156,-14.376402740478511,2.9988162517547607,-67.7129898071289,0,0.5509410007241308,-20,0,0,tracking,0,0.0
1261,398.437000,2.878,1,2,0.044631,identity,1,,1.0,17,1,0,70.0,122.5,44.8610954284668,161.23455810546875,47.75044925689697,145.425958404541,-272.24955074310304,-34.57404159545899,16.051965713500977,-87.82555389404297,0,0.4825044277721502,-20,7,0,tracking,0,0.0
1262,398.500000,2.822,1,2,0.034084,identity,1,,1.0,17,1,0,61.5,108.0,49.68723678588867,144.05709838867188,53.48959499359131,125.46165725708008,-266.5104050064087,-54.53834274291992,21.12421226501465,-103.3080062866211,0,0.45583595363983764,-20,11,0,tracking,0,0.0
1263,398.531000,3.076,1,3,0.038485,identity,1,,1.0,17,1,0,47.0,99.0,49.642208099365234,132.08961486816406,53.280213584899904,111.43590713500977,-266.7197864151001,-68.56409286499023,20.21114158630371,-114.7428207397461,0,0.6846520472170575,-20,13,0,tracking,0,0.0
1264,398.562000,2.781,1,1,0.025313,identity,1,,1.0,17,1,0,51.0,84.0,50.403995513916016,120.29644775390625,54.07325057983398,97.73966354370117,-265.926749420166,-82.26033645629883,20.384750366210938,-125.31546783447266,0,0.46862689358379006,-20,16,0,tracking,0,0.0
1265,398.609000,2.597,1,0,0.017144,identity,1,,1.0,17,0,1,,,51.36207962036133,114.40662384033203,55.031334686279294,91.84983963012695,-264.9686653137207,-88.15016036987305,20.384750366210938,-125.31546783447266,1,0.4410950635857608,-20,17,0,tracking,0,0.0
1266,398.640000,3.879,1,3,0.033220,identity,1,,1.0,17,1,0,53.5,95.5,52.27073287963867,107.76158905029297,56.00140323638916,84.59220306396485,-263.99859676361086,-95.40779693603515,20.7259464263916,-128.71881103515625,0,0.808762812542315,-20,19,0,tracking,0,0.0
1267,398.687000,6.226,1,2,0.044227,identity,1,,1.0,17,1,0,141.5,40.0,68.32266998291016,91.16874694824219,75.31766716003418,65.71680297851563,-244.68233283996582,-114.28319702148437,38.8610954284668,-141.39968872070312,0,0.1399954886883149,-20,20,0,tracking,0,0.0
1268,398.718000,2.783,1,2,0.040187,identity,1,,1.0,17,1,0,58.0,62.0,67.73619842529297,82.93411254882812,74.34924285888673,56.660921325683596,-245.65075714111327,-123.3390786743164,36.7391357421875,-145.96217346191406,0,0.6463897214936611,-20,20,0,tracking,0,0.0
1269,398.765000,3.613,1,2,0.013138,identity,1,,1.0,17,1,0,59.0,67.0,67.91610717773438,74.73241424560547,74.20640007019043,48.17931884765625,-245.79359992980957,-131.82068115234375,34.94607162475586,-147.51719665527344,0,0.6875477896684197,-20,20,0,tracking,0,0.0
1270,398.796000,3.986,1,2,0.024214,identity,1,,1.0,17,1,0,30.5,87.0,63.72412872314453,72.46692657470703,68.92872005462647,46.388745422363286,-251.07127994537353,-133.6112545776367,28.914396286010742,-144.8787841796875,0,0.6661736249168657,-20,20,0,tracking,0,0.0
1271,398.843000,6.185,1,0,0.000182,identity,1,,1.0,17,0,1,,,65.0831069946289,65.65762329101562,70.28769832611084,39.57944213867188,-249.71230167388916,-140.42055786132812,28.914396286010742,-144.8787841796875,1,0.6270359244529786,-20,20,0,tracking,0,0.0
1272,398.906000,4.146,1,3,0.010317,identity,1,,1.0,17,1,0,29.5,87.5,61.330467224121094,61.14553451538086,65.44801528930664,35.96738632202148,-254.55198471069338,-144.03261367797853,22.875267028808594,-139.87860107421875,0,0.6260487555299217,-20,20,0,tracking,0,0.0
1273,398.921000,5.269,1,3,0.013333,identity,1,,1.0,17,1,0,43.5,66.0,59.249305725097656,59.97481155395508,62.89763938903808,34.97616897583008,-257.1023606109619,-145.0238310241699,20.26852035522461,-138.88134765625,0,0.7039524023177413,-20,20,0,tracking,0,0.0
1274,398.968000,3.162,1,2,0.012227,identity,1,,1.0,17,1,0,58.0,63.0,59.91901397705078,54.674739837646484,63.51378654479981,29.908460845947268,-256.4862134552002,-150.09153915405273,19.970958709716797,-137.59043884277344,0,0.795585561633959,-20,20,0,tracking,0,0.0
1275,399.000000,5.341,1,2,0.010521,identity,1,,1.0,17,0,1,,,60.55808639526367,50.271846771240234,64.15285896301269,25.505567779541018,-255.8471410369873,-154.49443222045898,19.970958709716797,-137.59043884277344,1,0.7637621391686182,-20,20,0,tracking,0,0.0
1276,399.046000,7.560,1,2,0.010903,identity,1,,1.0,17,1,0,43.5,56.0,59.11912155151367,45.523990631103516,62.28418380737305,21.04592697143555,-257.71581619262696,-158.95407302856444,17.58367919921875,-135.98924255371094,0,0.7051794387632004,-20,20,0,tracking,0,0.0
1277,399.078000,7.233,1,0,0.004384,identity,1,,1.0,17,0,1,,,59.681800842285156,41.172332763671875,62.84686309814453,16.694269104003908,-257.1531369018555,-163.30573089599608,17.58367919921875,-135.98924255371094,1,0.676972261212688,-20,20,0,tracking,0,0.0
1278,399.125000,4.417,1,0,0.004570,identity,1,,1.0,17,0,1,,,60.50823211669922,34.78083801269531,63.673294372558594,10.302774353027345,-256.3267056274414,-169.69722564697264,17.58367919921875,-135.98924255371094,2,0.6355429691853276,-20,20,0,tracking,0,0.0
1279,399.156000,5.910,1,0,0.003030,identity,1,,1.0,17,0,1,,,61.05332565307617,30.56517219543457,64.21838790893554,6.087108535766603,-255.78161209106446,-173.91289146423338,17.58367919921875,-135.98924255371094,3,0.6082172659332483,-20,20,0,tracking,0,0.0
1280,399.203000,5.078,1,0,0.004262,identity,1,,1.0,17,0,1,,,61.879756927490234,24.173677444458008,65.0448191833496,-0.30438621520995923,-254.9551808166504,-180.30438621520995,17.58367919921875,-135.98924255371094,4,0.5667879739059379,-20,20,0,tracking,0,0.0
1281,399.234000,5.447,1,0,0.000868,identity,1,,1.0,17,0,1,,,62.42485046386719,19.958011627197266,65.58991271972656,-4.520052032470701,-254.41008728027344,-184.5200520324707,17.58367919921875,-135.98924255371094,5,0.5394622706538588,-20,20,0,tracking,0,0.0
1282,399.281000,6.325,1,0,0.000000,identity,1,,1.0,17,0,1,,,63.25128173828125,13.566516876220703,66.41634399414062,-10.911546783447264,-253.58365600585938,-190.91154678344725,17.58367919921875,-135.98924255371094,6,0.49803297862649826,-20,20,0,tracking,0,0.0
1283,399.328000,2.603,1,0,0.000000,identity,1,,1.0,17,0,1,,,64.07771301269531,7.175022602081299,67.24277526855468,-17.303041057586668,-252.75722473144532,-197.30304105758665,17.58367919921875,-135.98924255371094,7,0.45660368659918793,-20,20,0,tracking,0,0.0
1284,399.359000,3.229,1,0,0.000000,identity,1,,1.0,17,0,1,,,64.62281036376953,2.9593563079833984,67.7878726196289,-21.51870735168457,-252.2121273803711,-201.51870735168455,17.58367919921875,-135.98924255371094,8,0.4292779833471087,0,0,0,prediction_stale,0,0.0
1285,399.406000,5.256,1,0,0.000135,identity,1,,1.0,17,0,1,,,65.4492416381836,-3.432137966156006,68.61430389404296,-27.910201625823973,-251.38569610595704,-207.91020162582396,17.58367919921875,-135.98924255371094,9,0.3878486913197482,0,0,0,prediction_stale,0,0.0
1286,399.437000,4.485,1,0,0.000143,identity,1,,1.0,17,0,1,,,65.99433898925781,-7.647804260253906,69.15940124511718,-32.12586791992187,-250.84059875488282,-212.12586791992186,17.58367919921875,-135.98924255371094,10,0.36052298806766897,0,0,0,prediction_stale,0,0.0
1287,399.484000,3.898,1,0,0.000317,identity,1,,1.0,17,0,1,,,66.82077026367188,-14.039299011230469,69.98583251953124,-38.517362670898436,-250.01416748046876,-218.51736267089842,17.58367919921875,-135.98924255371094,11,0.31909369604035864,0,0,0,prediction_stale,0,0.0
1288,399.531000,2.511,1,0,0.000660,identity,1,,1.0,17,0,1,,,67.64720153808594,-20.43079376220703,70.8122637939453,-44.908857421875,-249.1877362060547,-224.90885742187498,17.58367919921875,-135.98924255371094,12,0.27766440401299813,0,0,0,prediction_stale,0,0.0
1289,399.562000,3.887,1,0,0.000573,identity,1,,1.0,17,0,1,,,,,,,,,0.0,0.0,13,0.0,0,0,0,lost,0,0.0
1290,399.609000,2.642,1,0,0.003919,identity,1,,1.0,,0,0,,,,,,,,,0.0,0.0,0,0.0,0,0,0,lost,0,0.0
1291,399.640000,4.392,1,0,0.001376,identity,1,,1.0,,0,0,,,,,,,,,0.0,0.0,0,0.0,0,0,0,lost,0,0.0
1292,399.687000,4.989,1,0,0.000000,identity,1,,1.0,,0,0,,,,,,,,,0.0,0.0,0,0.0,0,0,0,lost,0,0.0
1293,399.734000,6.047,1,0,0.000000,identity,1,,1.0,,0,0,,,,,,,,,0.0,0.0,0,0.0,0,0,0,lost,0,0.0
1294,399.765000,7.061,1,0,0.000486,identity,1,,1.0,,0,0,,,,,,,,,0.0,0.0,0,0.0,0,0,0,lost,0,0.0
1295,399.812000,5.733,1,0,0.001146,identity,1,,1.0,,0,0,,,,,,,,,0.0,0.0,0,0.0,0,0,0,lost,0,0.0
1296,399.843000,4.764,1,0,0.001363,identity,1,,1.0,,0,0,,,,,,,,,0.0,0.0,0,0.0,0,0,0,lost,0,0.0
1297,399.890000,2.850,1,0,0.000000,identity,1,,1.0,,0,0,,,,,,,,,0.0,0.0,0,0.0,0,0,0,lost,0,0.0
1298,399.921000,2.719,1,0,0.000000,identity,1,,1.0,,0,0,,,,,,,,,0.0,0.0,0,0.0,0,0,0,lost,0,0.0
1299,399.968000,6.443,1,0,0.000000,identity,1,,1.0,,0,0,,,,,,,,,0.0,0.0,0,0.0,0,0,0,lost,0,0.0
1300,400.000000,5.219,1,0,0.000000,identity,1,,1.0,,0,0,,,,,,,,,0.0,0.0,0,0.0,0,0,0,lost,0,0.0
1301,400.046000,6.230,1,0,0.000000,identity,1,,1.0,,0,0,,,,,,,,,0.0,0.0,0,0.0,0,0,0,lost,0,0.0
1302,400.078000,6.744,1,0,0.000000,identity,1,,1.0,,0,0,,,,,,,,,0.0,0.0,0,0.0,0,0,0,lost,0,0.0
1303,400.125000,6.202,1,0,0.000000,identity,1,,1.0,,0,0,,,,,,,,,0.0,0.0,0,0.0,0,0,0,lost,0,0.0
1304,400.171000,3.250,1,0,0.000000,identity,1,,1.0,,0,0,,,,,,,,,0.0,0.0,0,0.0,0,0,0,lost,0,0.0
1305,400.203000,3.406,1,0,0.000243,identity,1,,1.0,,0,0,,,,,,,,,0.0,0.0,0,0.0,0,0,0,lost,0,0.0
1306,400.234000,6.453,1,0,0.000000,identity,1,,1.0,,0,0,,,,,,,,,0.0,0.0,0,0.0,0,0,0,lost,0,0.0
1307,400.281000,5.571,1,0,0.000586,identity,1,,1.0,,0,0,,,,,,,,,0.0,0.0,0,0.0,0,0,0,lost,0,0.0
1308,400.312000,5.270,1,0,0.000326,identity,1,,1.0,,0,0,,,,,,,,,0.0,0.0,0,0.0,0,0,0,lost,0,0.0
1309,400.359000,3.851,1,0,0.001298,identity,1,,1.0,,0,0,,,,,,,,,0.0,0.0,0,0.0,0,0,0,lost,0,0.0
1310,400.390000,4.505,1,0,0.001094,identity,1,,1.0,,0,0,,,,,,,,,0.0,0.0,0,0.0,0,0,0,lost,0,0.0
1311,400.437000,3.588,1,0,0.001215,identity,1,,1.0,,0,0,,,,,,,,,0.0,0.0,0,0.0,0,0,0,lost,0,0.0
1312,400.484000,4.956,1,0,0.001276,identity,1,,1.0,,0,0,,,,,,,,,0.0,0.0,0,0.0,0,0,0,lost,0,0.0
1313,400.515000,5.159,1,0,0.001372,identity,1,,1.0,,0,0,,,,,,,,,0.0,0.0,0,0.0,0,0,0,lost,0,0.0
1314,400.562000,2.517,1,0,0.002240,identity,1,,1.0,,0,0,,,,,,,,,0.0,0.0,0,0.0,0,0,0,lost,0,0.0
1315,400.593000,4.504,1,1,0.006558,identity,1,,1.0,18,1,0,504.5,201.0,504.5,201.0,504.5,201.0,184.5,21.0,0.0,0.0,0,0.776947463768116,20,-4,0,tracking,0,0.0
1316,400.640000,3.950,1,2,0.008043,identity,1,,1.0,18,1,0,503.0,203.5,503.39642333984375,202.8393096923828,503.38710666403176,202.85483748450875,183.38710666403176,22.85483748450875,-0.05175931006669998,0.08626551181077957,0,0.9030771603346373,20,-4,0,tracking,0,0.0
1317,400.671000,3.834,1,2,0.010417,identity,1,,1.0,18,1,0,501.5,207.0,502.588623046875,204.61105346679688,502.55569410324097,204.67839674532414,182.55569410324097,24.678396745324136,-0.1829385757446289,0.3741293251514435,0,0.8539882489941741,20,-5,0,tracking,0,0.0
1318,400.718000,4.689,1,2,0.012513,identity,1,,1.0,18,1,0,513.0,213.0,505.7542419433594,207.1787872314453,505.98116002321245,207.45489045858383,185.98116002321245,27.454890458583833,1.2606559991836548,1.5339068174362183,0,0.6601508315391527,20,-5,0,tracking,0,0.0
1319,400.765000,4.343,1,3,0.013359,identity,1,,1.0,18,1,0,508.0,231.5,506.34820556640625,213.18081665039062,506.65459003210066,214.33823498725891,186.65459003210066,34.338234987258915,1.7021359205245972,6.4301018714904785,0,0.6827932558711246,20,-7,0,tracking,0,0.0
1320,400.796000,3.479,1,3,0.013594,identity,1,,1.0,18,1,0,497.0,235.0,504.46319580078125,217.8365020751953,504.38650373637677,219.8748997306824,184.38650373637677,39.87489973068239,-0.4260670244693756,11.324431419372559,0,0.7405071898517666,20,-8,0,tracking,0,0.0
1321,400.843000,5.051,1,2,0.012925,identity,1,,1.0,18,1,0,495.0,235.0,502.6575012207031,221.513671875,502.09896749973296,224.40068561553954,182.09896749973296,44.400685615539544,-3.1029651165008545,16.038965225219727,0,0.7370027151147607,20,-9,0,tracking,0,0.0
1322,400.875000,4.963,1,2,0.014392,identity,1,,1.0,18,1,0,492.0,236.5,500.72705078125,224.53701782226562,499.5964130783081,228.20826656341552,179.5964130783081,48.20826656341552,-6.281320571899414,20.39582633972168,0,0.7842155591395759,20,-9,0,tracking,0,0.0
1323,400.921000,2.549,1,2,0.016806,identity,1,,1.0,18,1,0,488.0,235.5,498.3115234375,227.18919372558594,496.4161025428772,231.47683692932128,176.41610254287718,51.47683692932128,-10.530116081237793,23.820240020751953,0,0.8122201499208195,19,-10,0,tracking,0,0.0
1324,400.953000,4.148,1,4,0.030117,identity,1,,1.0,18,1,0,484.5,235.0,495.77423095703125,229.10243225097656,493.03798706054687,233.82991104125978,173.03798706054687,53.82991104125978,-15.20135498046875,26.263771057128906,0,0.8174045703760329,19,-10,0,tracking,0,0.0
1325,401.000000,6.236,1,3,0.042734,identity,1,,1.0,18,1,0,481.0,233.0,492.71075439453125,230.78176879882812,489.0327545547485,235.68763362884522,169.03275455474852,55.68763362884522,-20.433332443237305,27.254804611206055,0,0.7942463869814247,18,-11,0,tracking,0,0.0
1326,401.046000,5.412,1,3,0.056441,identity,1,,1.0,18,0,1,,,491.77081298828125,232.03549194335938,488.0928131484985,236.94135677337647,168.09281314849852,56.94135677337647,-20.433332443237305,27.254804611206055,1,0.7485772197300005,18,-11,0,tracking,0,0.0
1327,401.078000,4.309,1,3,0.068737,identity,1,,1.0,18,0,1,,,491.116943359375,232.9076385498047,487.43894351959227,237.81350337982178,167.43894351959227,57.81350337982178,-20.433332443237305,27.254804611206055,2,0.7168073642507611,18,-11,0,tracking,0,0.0
1328,401.125000,3.854,1,3,0.069197,identity,1,,1.0,18,1,0,615.0,318.5,518.2816772460938,253.18252563476562,525.3569206237793,265.35045394897463,205.35692062377927,85.35045394897463,39.306907653808594,67.59960174560547,0,0.06573072711429062,20,-17,0,tracking,0,0.0
1329,401.156000,2.676,1,3,0.063689,identity,1,,1.0,18,1,0,612.5,316.5,538.48828125,267.77801513671875,552.627958831787,284.5964685058594,232.62795883178705,104.59646850585938,78.55376434326172,93.43585205078125,0,0.14309615353902183,20,-20,0,tracking,0,0.0
1330,401.203000,6.068,1,4,0.049188,identity,1,,1.0,18,1,0,610.0,313.0,555.6153564453125,280.25799560546875,574.5515893554688,299.9641902160645,254.55158935546876,119.96419021606448,105.2012939453125,109.4788589477539,0,0.3505727571542411,20,-20,0,tracking,0,0.0
1331,401.234000,7.228,1,4,0.039110,identity,1,,1.0,18,1,0,607.0,310.5,567.6727294921875,288.5592346191406,589.6655950927734,309.97072982788086,269.6655950927734,129.97072982788086,122.18258666992188,118.95275115966797,0,0.5276047998680893,20,-20,0,tracking,0,0.0
1332,401.281000,2.964,1,4,0.032274,identity,1,,1.0,18,1,0,601.0,310.0,578.359619140625,296.99102783203125,602.0016204833985,319.3501034545898,282.0016204833985,139.35010345458983,131.34445190429688,124.21708679199219,0,0.6804279471810156,20,-20,0,tracking,0,0.0
1333,401.312000,2.816,1,5,0.031228,identity,1,,1.0,18,1,0,596.0,309.0,584.699951171875,302.205810546875,609.0785638427734,325.00777526855467,289.0785638427734,145.00777526855467,135.43673706054688,126.67758178710938,0,0.7773208855213902,20,-20,0,tracking,0,0.0
1334,401.359000,2.656,1,4,0.030503,identity,1,,1.0,18,1,0,593.5,318.5,591.4669189453125,309.86468505859375,615.9706823730469,333.19821502685545,295.9706823730469,153.19821502685545,136.13201904296875,129.63072204589844,0,0.744633941490136,20,-20,0,tracking,0,0.0
1335,401.406000,5.206,1,4,0.025586,identity,1,,1.0,18,1,0,598.5,318.5,597.968017578125,316.3694152832031,622.5025592041015,339.82620910644533,302.50255920410154,159.82620910644533,136.30300903320312,130.31552124023438,0,0.7548798382627583,20,-20,0,tracking,0,0.0
1336,401.437000,5.100,1,4,0.025013,identity,1,,1.0,18,1,0,583.5,301.5,599.3496704101562,317.53265380859375,623.0560598754882,340.1517346191406,303.05605987548824,160.1517346191406,131.70216369628906,125.66156005859375,0,0.6709100004498562,20,-20,0,tracking,0,0.0
1337,401.484000,6.880,1,2,0.027661,identity,1,,1.0,18,1,0,579.5,300.0,601.63134765625,319.9208068847656,624.2440110778808,341.55540557861326,304.2440110778808,161.55540557861326,125.62590789794922,120.19221496582031,0,0.6360123769338771,20,-20,0,tracking,0,0.0
1338,401.515000,6.254,1,2,0.019792,identity,1,,1.0,18,1,0,592.5,301.0,603.68017578125,320.43798828125,625.7894786071778,341.1974366760254,305.7894786071778,161.1974366760254,122.82946014404297,115.33026885986328,0,0.7010505439341759,20,-20,0,tracking,0,0.0
1339,401.562000,7.894,1,3,0.021788,identity,1,,1.0,18,1,0,591.0,301.5,606.8676147460938,322.4455261230469,628.2982302856445,342.30909576416013,308.29823028564454,162.30909576416013,119.05897521972656,110.35316467285156,0,0.6829965687768064,20,-20,0,tracking,0,0.0
1340,401.593000,5.355,1,3,0.016975,identity,1,,1.0,18,1,0,618.5,306.5,611.613525390625,323.2936096191406,633.3143180847168,342.4983140563965,313.3143180847168,162.4983140563965,120.5599594116211,106.69280242919922,0,0.6068100142376498,20,-20,0,tracking,0,0.0
1341,401.640000,2.951,1,2,0.017140,identity,1,,1.0,18,1,0,615.0,306.0,616.9799194335938,325.3731384277344,638.6066711425781,343.8533522033691,318.6066711425781,163.85335220336913,120.14862060546875,102.66785430908203,0,0.6241439840991247,20,-20,0,tracking,0,0.0
1342,401.671000,6.535,1,2,0.016684,identity,1,,1.0,18,1,0,583.5,301.5,616.0469970703125,325.1687927246094,636.5510050964356,342.83252593994143,316.5510050964356,162.83252593994143,113.9111557006836,98.13185119628906,0,0.5263910768770382,20,-20,0,tracking,0,0.0
1343,401.718000,5.828,1,1,0.015716,identity,1,,1.0,18,1,0,581.5,300.5,616.4493408203125,326.1473693847656,635.8010285949707,342.96547943115235,315.8010285949707,162.96547943115235,107.5093765258789,93.43394470214844,0,0.551811675022679,20,-20,0,tracking,0,0.0
1344,401.765000,6.084,1,0,0.008967,identity,1,,1.0,18,0,1,,,621.5022583007812,330.53875732421875,640.8539460754395,347.35686737060547,320.85394607543947,167.35686737060547,107.5093765258789,93.43394470214844,1,0.5193927391151183,20,-20,0,tracking,0,0.0
1345,401.796000,3.007,1,0,0.003659,identity,1,,1.0,18,0,1,,,624.8350219726562,333.4352111816406,644.1867097473145,350.25332122802735,324.18670974731447,170.25332122802735,107.5093765258789,93.43394470214844,2,0.4980100367079854,20,-20,0,tracking,0,0.0
1346,401.843000,6.244,1,0,0.000738,identity,1,,1.0,18,0,1,,,629.887939453125,337.82659912109375,649.2396272277832,354.64470916748047,329.2396272277832,174.64470916748047,107.5093765258789,93.43394470214844,3,0.4655911008003854,20,-20,0,tracking,0,0.0
1347,401.875000,5.530,1,0,0.003585,identity,1,,1.0,18,0,1,,,633.3282470703125,340.8164978027344,652.6799348449707,357.6346078491211,332.6799348449707,177.6346078491211,107.5093765258789,93.43394470214844,4,0.4435186337994905,20,-20,0,tracking,0,0.0
1348,401.921000,4.983,1,0,0.000000,identity,1,,1.0,18,0,1,,,638.273681640625,345.1144714355469,657.6253694152832,361.9325814819336,337.6253694152832,181.9325814819336,107.5093765258789,93.43394470214844,5,0.4117894624856918,20,-20,0,tracking,0,0.0
1349,401.953000,6.297,1,0,0.000000,identity,1,,1.0,18,0,1,,,641.7139892578125,348.1043701171875,661.0656770324707,364.9224801635742,341.0656770324707,184.92248016357422,107.5093765258789,93.43394470214844,6,0.3897169954847969,20,-20,0,tracking,0,0.0
1350,402.000000,5.958,1,0,0.000378,identity,1,,1.0,18,0,1,,,646.7669067382812,352.4957580566406,666.1185945129395,369.31386810302735,346.11859451293947,189.31386810302735,107.5093765258789,93.43394470214844,7,0.3572980595771969,20,-20,0,tracking,0,0.0
1351,402.031000,6.645,1,0,0.000937,identity,1,,1.0,18,0,1,,,650.0996704101562,355.3922119140625,669.4513581848145,372.2103219604492,349.45135818481447,192.21032196044922,107.5093765258789,93.43394470214844,8,0.335915357170064,0,0,0,prediction_stale,0,0.0
1352,402.078000,4.413,1,0,0.002170,identity,1,,1.0,18,0,1,,,655.152587890625,359.7835998535156,674.5042756652832,376.60170989990235,354.5042756652832,196.60170989990235,107.5093765258789,93.43394470214844,9,0.30349642126250326,0,0,0,prediction_stale,0,0.0
1353,402.109000,4.220,1,0,0.000000,identity,1,,1.0,18,0,1,,,658.4853515625,362.6800537109375,677.8370393371582,379.4981637573242,357.8370393371582,199.49816375732422,107.5093765258789,93.43394470214844,10,0.2821137188553704,0,0,0,prediction_stale,0,0.0
1354,402.171000,5.950,1,0,0.000000,identity,1,,1.0,18,0,1,,,665.1509399414062,368.47296142578125,684.5026277160645,385.29107147216797,364.50262771606447,205.29107147216797,107.5093765258789,93.43394470214844,11,0.2393483140411046,0,0,0,prediction_stale,0,0.0
1355,402.203000,2.590,1,0,0.000000,identity,1,,1.0,18,0,1,,,668.5912475585938,371.4628601074219,687.942935333252,388.2809701538086,367.94293533325197,208.2809701538086,107.5093765258789,93.43394470214844,12,0.21727584704020966,0,0,0,prediction_stale,0,0.0
1356,402.250000,2.803,1,0,0.000000,identity,1,,1.0,18,0,1,,,,,,,,,0.0,0.0,13,0.0,0,0,0,lost,0,0.0
1357,402.281000,3.057,1,0,0.000000,identity,1,,1.0,,0,0,,,,,,,,,0.0,0.0,0,0.0,0,0,0,lost,0,0.0
1358,402.328000,2.481,1,0,0.000000,identity,1,,1.0,,0,0,,,,,,,,,0.0,0.0,0,0.0,0,0,0,lost,0,0.0
1359,402.359000,3.251,1,0,0.000195,identity,1,,1.0,,0,0,,,,,,,,,0.0,0.0,0,0.0,0,0,0,lost,0,0.0
1360,402.406000,2.582,1,0,0.000000,identity,1,,1.0,,0,0,,,,,,,,,0.0,0.0,0,0.0,0,0,0,lost,0,0.0
1361,402.437000,2.577,1,0,0.000000,identity,1,,1.0,,0,0,,,,,,,,,0.0,0.0,0,0.0,0,0,0,lost,0,0.0
1362,402.484000,3.056,1,0,0.000000,identity,1,,1.0,,0,0,,,,,,,,,0.0,0.0,0,0.0,0,0,0,lost,0,0.0
1363,402.531000,6.065,1,0,0.000000,identity,1,,1.0,,0,0,,,,,,,,,0.0,0.0,0,0.0,0,0,0,lost,0,0.0
1364,402.562000,4.844,1,0,0.000000,identity,1,,1.0,,0,0,,,,,,,,,0.0,0.0,0,0.0,0,0,0,lost,0,0.0
1365,402.609000,2.580,1,0,0.001489,identity,1,,1.0,,0,0,,,,,,,,,0.0,0.0,0,0.0,0,0,0,lost,0,0.0
1366,402.640000,2.604,1,0,0.000000,identity,1,,1.0,,0,0,,,,,,,,,0.0,0.0,0,0.0,0,0,0,lost,0,0.0
1367,402.671000,4.120,1,0,0.000000,identity,1,,1.0,,0,0,,,,,,,,,0.0,0.0,0,0.0,0,0,0,lost,0,0.0
1368,402.718000,5.708,1,0,0.000000,identity,1,,1.0,,0,0,,,,,,,,,0.0,0.0,0,0.0,0,0,0,lost,0,0.0
1369,402.750000,2.823,1,0,0.000000,identity,1,,1.0,,0,0,,,,,,,,,0.0,0.0,0,0.0,0,0,0,lost,0,0.0
1370,402.796000,3.915,1,0,0.000000,identity,1,,1.0,,0,0,,,,,,,,,0.0,0.0,0,0.0,0,0,0,lost,0,0.0
1371,402.843000,7.282,1,0,0.000000,identity,1,,1.0,,0,0,,,,,,,,,0.0,0.0,0,0.0,0,0,0,lost,0,0.0
1372,402.875000,5.999,1,0,0.000000,identity,1,,1.0,,0,0,,,,,,,,,0.0,0.0,0,0.0,0,0,0,lost,0,0.0
1373,402.937000,5.263,1,0,0.000000,identity,1,,1.0,,0,0,,,,,,,,,0.0,0.0,0,0.0,0,0,0,lost,0,0.0
1374,402.968000,10.696,1,0,0.000000,identity,1,,1.0,,0,0,,,,,,,,,0.0,0.0,0,0.0,0,0,0,lost,0,0.0
1375,403.000000,8.703,1,0,0.000000,identity,1,,1.0,,0,0,,,,,,,,,0.0,0.0,0,0.0,0,0,0,lost,0,0.0
1376,403.046000,3.855,1,0,0.004067,identity,1,,1.0,,0,0,,,,,,,,,0.0,0.0,0,0.0,0,0,0,lost,0,0.0
1377,403.078000,4.157,1,2,0.008082,identity,1,,1.0,19,1,0,28.0,81.0,28.0,81.0,28.0,81.0,-292.0,-99.0,0.0,0.0,0,0.6834449404761905,-20,19,0,tracking,0,0.0
1378,403.125000,5.502,1,1,0.005417,identity,1,,1.0,19,1,0,60.0,60.5,51.543148040771484,65.91767120361328,51.74190378427505,65.7903433084488,-268.25809621572495,-114.2096566915512,1.1041985750198364,-0.7073771953582764,0,0.5586831376872767,-20,20,0,tracking,0,0.0
1379,403.156000,3.852,1,0,0.000356,identity,1,,1.0,19,0,1,,,51.57737731933594,65.89574432373047,51.776133062839506,65.76841642856598,-268.2238669371605,-114.23158357143402,1.1041985750198364,-0.7073771953582764,1,0.5370341661018906,-20,20,0,tracking,0,0.0
1380,403.203000,2.567,1,0,0.003099,identity,1,,1.0,19,0,1,,,51.629276275634766,65.86249542236328,51.828032019138334,65.7351675271988,-268.17196798086167,-114.2648324728012,1.1041985750198364,-0.7073771953582764,2,0.504211531762785,-20,20,0,tracking,0,0.0
1381,403.234000,2.526,1,1,0.010356,identity,1,,1.0,19,0,1,,,51.66350555419922,65.84056854248047,51.86226129770279,65.71324064731598,-268.1377387022972,-114.28675935268402,1.1041985750198364,-0.7073771953582764,3,0.48256256017739896,-20,20,0,tracking,0,0.0
1382,403.281000,5.183,1,1,0.015638,identity,1,,1.0,19,0,1,,,51.71540451049805,65.80731964111328,51.914160254001615,65.6799917459488,-268.0858397459984,-114.3200082540512,1.1041985750198364,-0.7073771953582764,4,0.4497399258382536,-20,20,0,tracking,0,0.0
1383,403.312000,2.762,1,4,0.019540,identity,1,,1.0,19,0,1,,,51.7496337890625,65.78539276123047,51.94838953256607,65.65806486606598,-268.05161046743393,-114.34193513393402,1.1041985750198364,-0.7073771953582764,5,0.42809095425286753,-20,20,0,tracking,0,0.0
1384,403.359000,2.651,1,3,0.017470,identity,1,,1.0,19,0,1,,,51.80153274536133,65.75214385986328,52.000288488864896,65.6248159646988,-267.9997115111351,-114.3751840353012,1.1041985750198364,-0.7073771953582764,6,0.39526831991376193,-20,20,0,tracking,0,0.0
1385,403.406000,3.048,1,2,0.013924,identity,1,,1.0,19,0,1,,,51.853431701660156,65.7188949584961,52.052187445163725,65.59156706333161,-267.9478125548363,-114.40843293666839,1.1041985750198364,-0.7073771953582764,7,0.36244568557461665,-20,20,0,tracking,0,0.0
1386,403.453000,2.864,1,3,0.022461,identity,1,,1.0,19,0,1,,,51.905330657958984,65.6856460571289,52.10408640146255,65.55831816196442,-267.89591359853745,-114.44168183803558,1.1041985750198364,-0.7073771953582764,8,0.32962305123551106,0,0,0,prediction_stale,0,0.0
1387,403.484000,6.064,1,4,0.027947,identity,1,,1.0,19,0,1,,,51.93955993652344,65.6637191772461,52.138315680027006,65.53639128208161,-267.861684319973,-114.46360871791839,1.1041985750198364,-0.7073771953582764,9,0.30797407965012497,0,0,0,prediction_stale,0,0.0
1388,403.515000,3.253,1,2,0.028477,identity,1,,1.0,19,0,1,,,51.97378921508789,65.64179229736328,52.17254495859146,65.5144644021988,-267.82745504140854,-114.4855355978012,1.1041985750198364,-0.7073771953582764,10,0.2863251080647389,0,0,0,prediction_stale,0,0.0
1389,403.562000,2.866,1,6,0.027817,identity,1,,1.0,19,0,1,,,52.02568817138672,65.6085433959961,52.22444391489029,65.48121550083161,-267.7755560851097,-114.51878449916839,1.1041985750198364,-0.7073771953582764,11,0.25350247372559354,0,0,0,prediction_stale,0,0.0
1390,403.609000,2.658,1,5,0.036740,identity,1,,1.0,19,0,1,,,52.07758712768555,65.5752944946289,52.276342871189115,65.44796659946442,-267.7236571288109,-114.55203340053558,1.1041985750198364,-0.7073771953582764,12,0.22067983938648797,0,0,0,prediction_stale,0,0.0
1391,403.640000,4.049,1,6,0.037999,identity,1,,1.0,19,0,1,,,,,,,,,0.0,0.0,13,0.0,0,0,0,lost,0,0.0
1392,403.687000,3.401,1,5,0.039119,identity,1,,1.0,20,1,0,529.5,313.5,529.5,313.5,529.5,313.5,209.5,133.5,0.0,0.0,0,0.6879010752688173,20,-20,0,tracking,0,0.0
1393,403.718000,3.671,1,5,0.040017,identity,1,,1.0,20,1,0,526.0,313.0,526.9258422851562,313.13226318359375,526.9114915107191,313.1302130730078,206.9114915107191,133.13021307300778,-0.07972652465105057,-0.011389503255486488,0,0.8690791694110991,20,-20,0,tracking,0,0.0
1394,403.765000,3.172,1,4,0.040069,identity,1,,1.0,20,1,0,506.0,312.0,517.998291015625,312.6490173339844,517.652930855751,312.6290623493493,197.65293085575104,132.62906234934928,-1.9186675548553467,-0.11086102575063705,0,0.7318044460446408,20,-20,0,tracking,0,0.0
1395,403.796000,3.476,1,4,0.040525,identity,1,,1.0,20,1,0,499.5,311.5,512.3526611328125,312.29852294921875,511.6057830810547,312.25362245380876,191.6057830810547,132.25362245380876,-4.149322509765625,-0.24944719672203064,0,0.7563108685401656,20,-20,0,tracking,0,0.0
1396,403.843000,2.840,1,5,0.037426,identity,1,,1.0,20,1,0,524.0,311.0,515.0311279296875,311.9745788574219,514.6876557016373,311.88584377646447,194.68765570163725,131.88584377646447,-1.9081790447235107,-0.4929726719856262,0,0.7461456881314561,20,-20,0,tracking,0,0.0
1397,403.890000,2.951,1,5,0.036593,identity,1,,1.0,20,1,0,519.0,310.5,515.795166015625,311.6461181640625,515.6339580011368,311.49220159530637,195.63395800113676,131.49220159530637,-0.8956000804901123,-0.8550920486450195,0,0.798412383005322,20,-20,0,tracking,0,0.0
1398,403.921000,3.626,1,5,0.041536,identity,1,,1.0,20,1,0,514.5,310.0,515.5317993164062,311.31854248046875,515.3091844439507,311.0861543679237,195.3091844439507,131.0861543679237,-1.236749291419983,-1.291045069694519,0,0.8252544455113383,20,-20,0,tracking,0,0.0
1399,403.968000,3.230,1,4,0.036532,identity,1,,1.0,20,1,0,509.5,309.5,514.409423828125,310.9447021484375,513.8439070081711,310.6114085817337,193.84390700817107,130.6114085817337,-3.1417601108551025,-1.8516309261322021,0,0.814617603178498,20,-20,0,tracking,0,0.0
1400,404.000000,2.396,1,4,0.033876,identity,1,,1.0,20,1,0,505.5,309.5,512.83447265625,310.6535339355469,511.746318397522,310.2380415201187,191.74631839752197,130.2380415201187,-6.04530143737793,-2.30829119682312,0,0.8008162792791309,20,-20,0,tracking,0,0.0
1401,404.046000,3.603,1,4,0.033694,identity,1,,1.0,20,1,0,501.5,309.0,510.6943359375,310.2867736816406,508.88744733810427,309.77069306373596,188.88744733810427,129.77069306373596,-10.038269996643066,-2.867114543914795,0,0.7971732794856036,20,-20,0,tracking,0,0.0
1402,404.078000,2.345,1,4,0.027114,identity,1,,1.0,20,1,0,498.5,309.0,508.4465026855469,310.0011291503906,505.8716282081604,309.4077501440048,185.87162820816042,129.4077501440048,-14.304858207702637,-3.2965500354766846,0,0.7919577570982036,20,-20,0,tracking,0,0.0
1403,404.125000,4.013,1,4,0.028546,identity,1,,1.0,20,1,0,496.0,308.5,505.80865478515625,309.6214599609375,502.43624961853027,308.93689584732056,182.43624961853027,128.93689584732056,-18.735584259033203,-3.803133964538574,0,0.796606420257433,20,-20,0,tracking,0,0.0
1404,404.156000,3.409,1,2,0.021337,identity,1,,1.0,20,1,0,517.0,315.5,507.12396240234375,310.4693908691406,504.51947376251223,310.1759834241867,184.51947376251223,130.1759834241867,-14.469381332397461,-1.6300413608551025,0,0.628945405277019,20,-20,0,tracking,0,0.0
1405,404.203000,3.017,1,2,0.017148,identity,1,,1.0,20,1,0,390.5,333.0,487.2203063964844,314.1410827636719,476.9650518035889,315.33945238113404,156.9650518035889,135.33945238113404,-56.973636627197266,6.657608985900879,0,0.12647239525548748,17,-20,0,tracking,0,0.0
1406,404.250000,2.693,1,3,0.016471,identity,1,,1.0,20,1,0,517.5,320.0,490.1159362792969,315.3918762207031,482.01030029296874,316.9519797897339,162.01030029296874,136.9519797897339,-45.03131103515625,8.667242050170898,0,0.5302204607221036,18,-20,0,tracking,0,0.0
1407,404.281000,3.508,1,3,0.015434,identity,1,,1.0,20,1,0,517.0,322.0,493.2919616699219,316.6854248046875,486.90746307373047,318.63135036468503,166.90746307373047,138.63135036468503,-35.46943664550781,10.810697555541992,0,0.560366857892613,18,-20,0,tracking,0,0.0
1408,404.328000,2.740,1,3,0.014280,identity,1,,1.0,20,1,0,376.5,333.5,472.75274658203125,319.86663818359375,459.54500762939455,322.7790172958374,139.54500762939455,142.77901729583738,-73.37632751464844,16.17988395690918,0,0.19441051244564955,15,-20,0,tracking,0,0.0
1409,404.359000,3.703,1,2,0.015421,identity,1,,1.0,20,1,0,376.0,331.5,455.7043151855469,322.1089172363281,437.3029489135742,325.63322967529297,117.3029489135742,145.63322967529297,-102.22981262207031,19.579513549804688,0,0.3604130066118004,13,-20,0,tracking,0,0.0
1410,404.406000,4.999,1,2,0.018021,identity,1,,1.0,20,1,0,372.5,336.0,438.5390319824219,325.0741271972656,415.97889831542966,329.2864896774292,95.97889831542966,149.2864896774292,-125.33407592773438,23.402013778686523,0,0.42943836924889356,10,-20,0,tracking,0,0.0
1411,404.437000,3.081,1,3,0.020130,identity,1,,1.0,20,1,0,370.0,335.0,424.9429626464844,327.18145751953125,399.20981262207033,331.84534950256347,79.20981262207033,151.84534950256347,-142.96194458007812,25.910511016845703,0,0.5276549221687474,9,-20,0,tracking,0,0.0
1412,404.484000,3.938,1,2,0.017930,identity,1,,1.0,20,1,0,367.0,334.5,410.5023193359375,329.3188781738281,382.355915222168,334.270188293457,62.355915222167994,154.270188293457,-156.36891174316406,27.507278442382812,0,0.6018690116977043,7,-20,0,tracking,0,0.0
1413,404.531000,4.412,1,2,0.012331,identity,1,,1.0,20,1,0,355.5,342.0,395.9924621582031,332.3229675292969,365.7067892456055,337.7855278015137,45.70678924560548,157.7855278015137,-168.2537384033203,30.347557067871094,0,0.48659169889229903,5,-20,0,tracking,0,0.0
1414,404.562000,6.240,1,1,0.010681,identity,1,,1.0,20,1,0,360.0,341.0,386.3880920410156,334.3668518066406,354.8289636230469,340.14951866149903,34.82896362304689,160.14951866149903,-175.3284912109375,32.12592697143555,0,0.6804739992633206,4,-20,0,tracking,0,0.0
1415,404.609000,2.540,1,1,0.010760,identity,1,,1.0,20,1,0,358.0,337.5,375.2882080078125,336.1071472167969,342.9344659423828,341.95383346557617,22.934465942382815,161.95383346557617,-179.74301147460938,32.481590270996094,0,0.7826545558582066,0,-20,0,tracking,0,0.0
1416,404.640000,5.172,1,1,0.008260,identity,1,,1.0,20,1,0,352.5,335.5,367.3932189941406,336.89630126953125,334.4116714477539,342.6841282653809,14.411671447753918,162.68412826538088,-183.23081970214844,32.15459442138672,0,0.7623271629773167,0,-20,0,tracking,0,0.0
1417,404.687000,3.131,1,1,0.006940,identity,1,,1.0,20,1,0,351.5,333.0,357.8045349121094,337.6820983886719,324.56965087890626,343.2817827987671,4.569650878906259,163.2817827987671,-184.63824462890625,31.109357833862305,0,0.8194369875912665,0,-20,0,tracking,0,0.0
1418,404.718000,2.787,1,1,0.005174,identity,1,,1.0,20,1,0,351.5,333.0,352.00653076171875,337.92486572265625,318.75290130615235,343.3423010253906,-1.2470986938476472,163.3423010253906,-184.7423858642578,30.09686279296875,0,0.8478030904341824,0,-20,0,tracking,0,0.0
1419,404.765000,2.966,1,0,0.004028,identity,1,,1.0,20,0,1,,,343.3236389160156,339.33941650390625,310.0700094604492,344.7568518066406,-9.929990539550772,164.7568518066406,-184.7423858642578,30.09686279296875,1,0.7979946588712075,0,-20,0,tracking,0,0.0
1420,404.796000,2.777,1,0,0.001372,identity,1,,1.0,20,0,1,,,337.59661865234375,340.2724304199219,304.34298919677735,345.68986572265624,-15.657010803222647,165.68986572265624,-184.7423858642578,30.09686279296875,2,0.7651422891168767,0,-20,0,tracking,0,0.0
1421,404.843000,4.891,1,0,0.000391,identity,1,,1.0,20,0,1,,,328.9137268066406,341.6869812011719,295.6600973510742,347.10441650390624,-24.339902648925772,167.10441650390624,-184.7423858642578,30.09686279296875,3,0.7153338575538415,0,-20,0,tracking,0,0.0
1422,404.890000,2.078,1,0,0.000482,identity,1,,1.0,20,0,1,,,320.2308349609375,343.1015319824219,286.9772055053711,348.51896728515624,-33.0227944946289,168.51896728515624,-184.7423858642578,30.09686279296875,4,0.6655254259908665,-4,-20,0,tracking,0,0.0
1423,404.921000,2.361,1,0,0.000490,identity,1,,1.0,20,0,1,,,314.5038146972656,344.0345458984375,281.2501852416992,349.45198120117186,-38.74981475830077,169.45198120117186,-184.7423858642578,30.09686279296875,5,0.6326730562365357,-4,-20,0,tracking,0,0.0
1424,404.968000,2.298,1,0,0.000000,identity,1,,1.0,20,0,1,,,305.8209228515625,345.4490966796875,272.5672933959961,350.86653198242186,-47.4327066040039,170.86653198242186,-184.7423858642578,30.09686279296875,6,0.5828646246735004,-5,-20,0,tracking,0,0.0
1425,405.000000,4.333,1,0,0.000000,identity,1,,1.0,20,0,1,,,299.9091796875,346.4122009277344,266.6555502319336,351.82963623046874,-53.3444497680664,171.82963623046874,-184.7423858642578,30.09686279296875,7,0.5489525010561519,-6,-20,0,tracking,0,0.0
